1.542
0.018
1.904
4.005
-0.212
-0.212
4.140
2.192
-0.777
1.652
-0.762
-0.768
0.931
-4.242
-3.790
-0.999
-2.081
1.104
-1.829
-3.040
3.868
-0.192
0.512
-3.069
-0.957
0.616
-2.412
1.252
-1.092
-0.350
-1.094
4.795
0.318
-2.189
2.324
-2.580
0.851
-4.353
-2.838
0.822
2.122
0.761
0.072
-0.373
-3.198
-1.378
-0.756
2.887
1.175
-3.881
1.128
-0.574
-1.275
1.818
2.824
2.585
-1.664
-0.392
1.145
2.691
-0.800
-0.096
-2.305
-2.521
2.300
3.605
0.177
2.758
1.218
-1.198
1.217
4.041
0.264
4.105
-5.937
2.323
0.559
-0.368
0.570
-4.420
-0.177
1.207
3.897
-0.894
-1.590
-0.854
2.547
1.139
-0.921
1.582
0.583
2.675
-1.335
-0.436
-0.591
-3.162
1.061
0.977
0.362
-0.213
-3.047
-0.660
-0.473
-1.575
-0.037
1.320
4.877
0.769
0.968
0.171
-4.255
0.286
0.495
6.262
-0.112
1.074
0.267
-2.455
3.093
2.155
2.248
-1.833
3.717
-3.014
1.758
5.607
-2.027
-1.009
0.589
-0.858
-3.372
0.515
-2.200
1.487
-1.857
4.070
-1.530
-0.423
2.302
-2.604
0.896
3.487
-3.508
0.793
0.974
2.226
-2.619
-2.819
1.603
1.063
0.951
1.181
-1.282
0.907
1.053
-1.364
4.828
1.487
-2.509
1.926
-1.989
2.239
3.131
-1.620
2.662
1.341
2.323
4.902
-0.239
-1.459
-1.785
-1.608
0.165
1.169
1.014
2.335
0.381
3.838
-0.285
6.878
1.852
-1.707
-2.220
1.508
-0.186
2.064
1.486
0.175
-1.682
-3.286
-0.722
2.405
0.864
-2.640
0.766
1.275
-1.771
0.719
0.490
-2.393
1.209
1.696
2.949
2.879
-2.956
-1.901
1.586
1.583
1.586
9.597
1.720
3.075
2.640
1.913
-0.407
2.172
-1.505
-0.218
-0.815
0.546
5.905
-4.131
1.997
-3.521
-0.783
2.963
0.504
-2.237
-1.367
1.981
-1.403
0.870
0.459
-1.214
5.495
1.871
-4.510
0.797
-1.238
2.396
-1.552
0.075
1.562
2.428
-2.531
-0.453
-0.790
-1.218
4.587
1.322
-2.676
2.553
5.443
2.828
-3.296
-0.812
3.391
-1.348
1.415
2.209
-1.875
0.207
-7.429
-2.109
-0.256
-2.645
4.268
-3.082
-0.706
0.664
3.809
-3.096
3.142
0.375
-2.006
1.459
0.828
-1.091
0.518
-0.575
0.622
1.939
4.156
-2.621
5.469
-4.335
-0.014
1.762
1.024
-1.144
-0.149
-0.833
-1.064
2.389
1.207
-1.313
2.509
1.088
2.301
1.861
-1.640
-0.994
2.144
1.815
0.300
0.632
3.416
-1.070
1.663
-0.135
-0.172
2.987
2.331
2.302
3.483
0.400
1.987
-0.395
1.128
0.038
0.583
1.778
-1.614
5.372
-2.064
-2.564
3.129
2.250
1.848
1.858
0.321
-1.803
0.532
-1.275
2.690
-0.003
-1.631
-0.421
1.341
-1.003
-1.623
0.935
0.938
-0.867
-0.780
0.907
-3.125
-3.028
-1.374
-0.162
1.096
3.891
2.408
-0.034
0.304
-2.056
0.306
-0.343
1.125
-1.635
1.596
4.029
0.089
1.314
2.006
-0.613
0.888
0.380
0.584
-1.505
0.409
1.545
3.833
2.652
5.518
-1.492
2.444
0.790
5.606
-1.590
-1.665
-1.089
-4.747
-0.912
-1.472
0.711
1.170
4.853
2.631
-1.035
-1.806
1.531
-2.819
4.746
3.181
-0.776
-3.762
3.599
0.075
3.321
-3.477
-1.089
0.363
0.463
-0.730
1.845
-2.212
0.008
0.639
1.585
2.058
-2.349
-3.332
3.416
1.148
-1.446
4.073
0.628
3.180
0.512
5.296
4.563
-0.248
2.682
1.899
3.635
-1.966
1.997
2.890
-3.871
-2.490
-4.544
-0.297
2.072
3.956
0.528
4.259
-2.962
-3.738
0.217
1.272
0.272
-4.612
0.136
-2.781
1.957
1.230
-1.906
-0.883
-2.192
0.200
2.642
-2.016
1.560
-0.923
-1.553
0.093
-2.135
-0.979
-2.525
5.065
0.435
-1.329
0.864
0.080
-0.180
1.824
2.168
-0.923
-1.032
-0.310
-5.175
-3.286
3.630
4.298
-0.248
1.734
1.097
7.739
3.037
0.043
-1.943
-3.505
0.838
-1.465
-3.063
-1.202
-2.246
4.399
2.466
0.331
3.902
0.536
-1.717
4.005
1.643
-2.139
-0.107
-1.751
-2.969
2.573
4.933
-3.007
1.701
-1.212
-0.819
-1.072
-1.724
0.466
-1.644
0.999
0.229
-0.223
-1.828
-1.034
2.163
1.552
-1.996
0.588
2.153
-3.657
1.654
-1.240
1.719
-1.482
-3.982
-3.556
0.465
0.973
-1.820
1.883
-3.638
0.191
-2.556
-1.214
0.464
-1.715
-0.573
2.765
-1.035
2.356
-2.361
1.622
3.810
-5.582
-1.563
1.735
-0.137
1.241
-1.100
0.558
-0.024
3.153
0.961
1.160
-0.639
-0.820
-0.688
1.297
-0.660
1.045
5.331
2.441
-0.432
3.233
-0.629
-4.541
-2.069
-4.140
-0.494
0.394
4.373
1.135
-0.176
2.341
-4.957
0.915
2.200
-3.199
3.095
1.162
-0.647
1.869
5.800
0.786
0.946
-0.752
-1.690
2.343
-1.705
0.522
-0.796
1.500
1.151
2.840
-0.874
-0.298
-1.999
-0.716
1.256
2.167
-1.863
2.437
3.604
1.342
4.854
-1.507
-2.637
-3.919
3.941
1.920
0.217
1.022
-2.351
6.220
0.660
0.613
2.092
1.504
0.887
-1.547
1.482
4.867
3.579
4.174
-0.877
-2.025
0.048
0.484
2.976
-3.712
4.021
-0.029
-0.675
-2.079
-3.622
2.326
0.526
-2.746
-2.758
-0.456
4.356
-0.273
-3.258
-0.240
-0.305
-6.123
0.220
-0.204
2.021
4.787
3.054
-0.295
-2.306
6.526
0.492
0.383
0.292
0.825
0.004
-1.027
-0.962
0.271
-0.954
-1.361
0.605
-0.262
3.960
-6.012
2.970
3.341
-4.626
-0.472
-0.541
-3.028
-1.517
-2.315
4.555
2.596
3.402
2.082
-2.360
-0.909
1.524
-2.583
2.061
-0.227
-0.550
2.056
1.416
-0.516
3.132
-2.245
1.828
1.773
-0.393
1.133
-2.653
2.568
-0.094
-0.905
2.868
-1.340
-3.030
-3.386
1.804
-2.723
4.562
-4.647
4.421
0.856
0.118
-0.958
1.308
0.260
2.998
0.624
0.711
-0.523
0.213
1.089
-3.754
-2.886
2.134
0.760
-0.092
0.394
1.184
-0.945
-1.518
0.820
-1.998
1.330
-3.736
2.820
1.484
0.964
2.708
4.347
2.784
-4.068
-2.721
-1.150
0.413
1.592
-1.392
0.798
-1.463
-1.118
-3.026
-1.866
-2.894
-1.992
2.879
-1.929
6.668
1.534
0.794
-1.710
2.031
-1.032
0.643
6.494
0.119
3.108
-1.338
0.266
4.600
-1.155
4.700
2.049
-1.000
1.868
2.684
1.842
-3.419
-1.395
-0.244
0.171
1.840
0.776
-2.855
1.262
1.815
1.693
2.944
2.351
1.452
0.182
-3.636
1.381
0.848
1.002
-2.714
-2.245
2.878
0.255
1.986
0.418
0.421
2.602
-0.889
0.581
-0.759
-0.693
-0.392
0.883
-0.799
3.364
-1.797
-0.098
-0.705
3.823
0.822
2.826
-3.215
0.991
2.485
0.547
2.907
-0.891
3.732
5.867
-0.521
-0.719
3.838
4.141
-0.905
-0.658
-0.326
-2.877
-1.855
-2.060
-1.493
0.267
0.912
4.071
-2.046
2.712
-0.164
0.231
1.970
-2.345
1.268
0.749
1.532
1.044
6.243
-1.181
-0.924
-1.146
-0.983
-1.180
3.204
3.759
-1.020
-1.648
1.481
-0.975
1.869
0.837
-3.288
4.064
4.660
-1.121
-0.580
1.036
1.153
1.931
5.174
-0.075
-1.566
-2.960
-1.404
0.270
4.657
-0.892
0.887
0.311
3.202
6.415
-0.924
-0.825
2.856
1.987
4.782
1.751
-0.512
1.768
3.011
2.319
1.567
2.910
3.156
3.667
1.907
-0.051
0.702
3.246
-1.611
1.235
-0.594
0.419
3.418
0.809
0.461
-2.914
2.141
1.899
5.542
-0.389
0.876
0.949
4.136
0.121
1.020
1.809
0.798
-0.721
0.816
2.927
-2.114
0.669
-1.330
3.218
-3.306
-0.991
1.255
4.107
0.192
-0.982
4.865
-3.125
-4.927
1.406
-0.855
-2.101
2.050
0.935
-1.004
-2.723
2.444
1.910
0.112
4.782
-2.218
-3.311
-1.311
0.241
0.934
-0.229
1.195
-2.654
3.815
0.153
3.032
1.173
1.446
1.717
1.425
1.893
3.540
0.822
2.052
0.135
3.806
-1.273
4.672
0.254
-3.084
0.657
-1.285
2.368
-1.216
-0.721
-4.185
-0.736
-5.467
-3.451
2.175
2.236
1.371
-1.971
0.235
0.341
-2.430
3.958
2.456
-0.180
0.415
0.850
-4.550
-0.243
-1.287
-2.054
-0.325
4.664
1.888
-1.021
1.724
3.708
2.569
0.493
-1.203
2.026
1.294
2.498
1.874
2.869
-0.935
3.512
0.824
5.331
-1.304
4.516
0.825
-1.213
-0.811
-0.419
1.368
1.605
-1.027
0.292
5.491
4.496
1.397
0.441
0.638
1.822
-2.105
-0.268
-3.655
1.308
1.903
-0.810
4.128
-2.592
-3.164
0.889
2.863
4.391
-0.751
2.939
0.258
-0.064
2.471
1.916
-3.433
3.894
3.662
-1.151
1.300
1.536
0.976
-0.971
-1.262
0.289
3.165
1.655
-0.539
2.202
-6.487
3.107
-3.825
-0.520
-2.337
-2.757
3.136
-0.772
1.182
0.237
1.495
0.534
-2.729
2.741
-0.835
-3.386
-0.677
3.952
2.391
-0.487
-0.488
-0.422
5.334
1.267
1.382
2.823
0.923
-0.272
-0.121
0.178
0.261
2.096
0.475
2.108
0.156
0.539
-4.446
2.549
1.182
2.745
-6.601
5.362
0.015
3.010
-2.146
1.821
-2.178
-1.147
4.944
-0.108
0.872
2.438
1.540
0.711
1.226
6.118
0.212
0.833
2.872
3.003
3.199
1.883
-2.393
4.270
-2.401
1.076
-1.460
0.196
1.139
1.121
1.363
4.223
1.438
-0.236
2.664
3.205
-2.596
1.784
2.033
-0.364
3.652
-0.010
0.651
-0.065
0.387
-2.281
-3.106
4.177
-1.683
-2.029
-4.818
-1.184
-2.825
4.291
2.774
-1.302
5.756
2.706
-0.430
-5.649
5.848
-2.985
-3.599
2.804
6.205
3.672
1.703
1.777
2.398
2.171
1.025
0.600
0.200
-1.460
-0.324
-3.713
0.114
-2.023
-2.299
0.782
3.691
2.554
-3.419
-2.025
2.608
-2.008
-0.189
1.670
-1.974
0.603
-2.852
-1.093
1.117
-3.473
1.407
0.303
1.676
0.887
3.624
0.651
-0.681
0.644
1.654
0.467
0.447
-1.335
-1.241
-3.016
4.549
-2.635
-1.313
-1.374
2.498
-0.358
3.345
-1.266
1.020
-1.655
5.498
-2.500
1.094
1.871
1.343
-0.095
0.038
0.455
-0.003
2.663
5.655
-0.988
-2.938
0.138
6.541
-1.579
4.284
4.376
-0.979
1.716
4.258
-0.560
-0.139
-1.046
-2.085
-1.208
-2.587
0.432
-1.498
0.911
-3.384
1.144
2.350
-4.435
1.248
3.296
-2.553
4.364
1.356
-1.342
0.216
1.690
0.532
1.643
-1.860
0.756
-3.043
0.083
-1.819
-1.415
3.317
2.969
1.812
-2.272
-0.409
3.261
0.690
5.916
1.294
0.811
-0.392
0.670
-0.016
2.049
2.646
-1.536
-2.845
-4.057
1.569
-2.298
-4.817
1.283
6.333
0.335
2.362
0.546
0.113
2.556
-0.347
0.992
1.122
-1.253
2.731
-0.070
-1.464
1.638
-1.806
0.418
0.328
2.956
1.489
0.290
2.313
3.686
1.689
0.375
-2.798
-2.206
-0.383
-1.113
-0.099
0.486
1.621
0.181
1.518
0.505
-4.391
-1.904
0.004
-2.553
1.790
4.024
3.275
-0.162
3.928
0.707
-0.459
-1.122
-0.376
-0.582
0.759
0.735
0.357
1.399
3.208
2.629
-3.214
-5.779
2.592
-2.931
-0.189
-2.458
-3.975
1.650
2.172
-1.034
-5.869
-0.961
1.290
-3.199
0.790
0.313
1.740
0.637
-1.985
3.222
-0.030
0.284
-1.890
-0.714
-1.774
-0.065
4.458
-2.943
-3.523
3.881
-0.152
-1.256
2.846
-1.103
4.732
1.977
-0.821
5.528
-1.104
2.131
1.068
3.474
4.098
0.427
-1.458
1.454
-1.277
5.182
0.678
-0.527
0.793
-2.883
-1.982
3.231
-1.227
-2.163
1.638
3.196
2.075
2.741
-1.466
-3.062
3.953
-0.424
-0.252
3.538
1.685
1.444
5.546
-1.194
2.577
0.487
0.995
4.018
1.569
1.642
2.924
-0.526
-1.664
-2.158
-4.369
5.285
-2.298
-0.181
-0.314
1.088
2.308
2.415
-1.049
-0.051
1.028
-0.247
4.208
1.528
2.114
1.941
3.166
0.784
-2.762
1.309
-1.213
-0.919
1.757
3.322
0.401
1.091
4.435
0.928
6.594
1.707
-3.876
2.158
1.265
3.445
1.966
0.018
-2.588
-0.152
-1.691
-1.043
1.763
4.358
1.297
-2.520
1.417
3.222
-1.113
0.028
0.385
-1.534
1.906
0.060
1.357
-1.780
-0.700
2.084
-0.545
4.495
-0.609
0.889
2.588
-3.054
-3.876
-3.312
3.380
-0.974
6.490
-1.004
0.793
4.051
5.165
5.298
3.250
2.808
1.772
2.218
-0.973
-1.614
0.342
-0.058
-0.738
2.021
2.643
0.562
3.896
-2.390
-0.115
-1.370
-4.130
0.152
0.058
3.982
1.864
-2.108
4.800
3.280
1.747
-0.194
-1.953
-0.543
2.963
4.873
4.054
-0.823
-2.337
0.688
-3.894
1.126
-0.004
-0.768
-3.477
1.583
-0.928
-2.458
-6.543
0.284
4.603
4.337
-0.747
-1.095
1.475
-2.046
1.074
2.189
3.295
0.110
-0.139
-1.757
-1.635
-0.194
1.232
2.543
-1.578
3.932
-0.301
0.299
-1.443
-5.468
2.472
2.118
-0.325
0.511
1.588
-3.400
-0.920
2.256
-2.660
1.055
-2.906
1.469
0.264
-3.526
3.145
-1.413
-1.595
0.831
3.107
-2.088
0.498
1.379
2.013
0.773
-0.531
-1.636
0.557
-2.223
-6.661
1.398
2.519
-5.321
-2.073
1.836
5.288
0.400
-1.397
-0.089
3.650
-1.200
-1.568
-0.809
-1.938
0.644
4.249
1.125
-0.256
-0.350
-3.402
2.469
0.163
-0.083
8.013
1.067
-1.454
-0.673
3.106
0.622
-3.102
2.556
-1.254
4.846
2.942
-0.724
3.424
0.513
2.397
1.513
-1.681
-1.195
2.822
-0.453
-0.619
-1.942
1.367
5.300
-2.212
0.408
3.739
0.159
1.436
-2.200
1.378
-0.099
2.716
3.200
6.565
1.741
1.132
0.817
-0.498
1.162
-0.359
0.754
3.512
-2.066
3.086
3.511
0.067
-4.742
-1.109
3.463
0.295
-2.048
-0.861
2.367
1.662
-0.223
-0.530
-0.590
-1.864
4.227
-0.424
3.271
4.001
2.746
-0.686
1.319
0.292
-1.819
1.128
-2.480
3.200
-0.765
0.833
1.030
-0.271
1.758
-0.790
2.441
-2.880
0.653
5.003
-2.051
-1.277
1.583
0.781
1.192
1.524
1.873
3.013
1.334
-0.229
1.964
4.910
0.032
-1.989
3.007
0.061
-4.864
2.384
-0.935
0.133
1.147
0.807
2.053
-0.695
1.581
-0.273
2.123
1.827
-1.895
2.956
-0.936
2.289
1.231
4.762
-0.186
-0.488
0.303
-0.378
2.270
-3.529
-2.179
-2.213
2.631
4.455
0.099
-0.055
0.518
3.139
-1.876
0.922
2.690
1.553
0.805
2.753
-6.138
1.977
-1.220
-4.044
1.577
3.647
0.020
2.637
4.219
3.506
4.286
2.131
0.531
-3.495
-0.241
-1.674
5.560
-0.072
0.646
1.674
0.455
4.418
-1.144
0.817
-1.432
-2.818
-1.118
0.261
-0.680
-1.312
-3.025
0.151
-3.261
2.174
0.548
-3.148
-0.392
-1.455
1.116
3.567
-4.150
0.626
-0.034
1.961
0.862
-1.455
-0.416
-1.560
2.932
0.401
4.913
0.204
-1.350
-3.283
-3.978
-3.452
0.991
1.571
-3.445
2.498
-0.809
0.702
4.219
2.502
-0.294
-1.789
-4.814
-1.376
-0.157
-2.019
0.035
0.534
-0.190
-1.210
0.755
1.411
-2.267
3.736
0.113
0.395
2.050
0.910
2.638
1.039
-1.120
1.218
-2.395
0.611
0.270
-0.149
0.042
-4.166
-0.967
0.573
0.734
-2.116
3.388
-1.729
2.677
1.375
-1.201
4.611
-2.515
2.556
2.751
-1.259
3.692
-0.250
1.043
0.975
0.028
2.296
2.254
-3.846
3.480
-3.640
2.828
3.054
-2.268
-0.636
-2.304
-0.166
-0.389
2.221
3.495
3.700
-0.999
-0.152
-3.690
-1.584
2.666
4.227
-2.612
-1.072
0.287
1.022
-1.593
1.368
-0.787
0.315
1.661
0.365
-0.697
0.087
0.138
-0.538
-0.271
4.187
1.696
-0.359
2.023
-0.451
3.165
1.237
0.092
1.425
-3.420
-2.354
-2.515
0.693
4.508
5.705
1.881
1.552
-3.973
-0.952
-1.541
-1.140
-0.054
-0.783
-4.400
2.145
-2.225
0.924
5.328
-1.857
-5.723
-0.336
2.992
5.050
-2.601
1.542
-0.767
0.096
6.696
-3.257
0.959
1.472
2.956
0.585
1.089
-0.590
0.996
-0.474
1.842
-0.537
1.255
0.280
3.053
0.227
-3.905
3.379
-1.824
-1.219
-1.080
3.649
-4.776
7.881
2.885
0.886
0.218
1.035
1.601
1.899
1.683
0.565
-0.124
-0.013
-0.118
3.071
1.775
-6.707
1.924
0.817
0.305
-0.582
3.048
2.624
-1.505
1.327
-1.982
-2.961
-1.154
2.420
2.638
1.581
2.090
1.589
-1.190
1.387
2.271
2.160
3.203
2.050
1.193
2.918
0.286
-1.766
-0.041
-1.438
-1.270
0.003
-1.552
-0.389
-4.195
0.862
0.353
-1.611
1.932
2.600
-3.508
-1.481
-1.496
-1.906
2.341
-0.115
-0.285
-4.459
1.875
-2.624
0.494
1.016
3.616
-2.791
-6.897
0.791
4.671
3.323
0.853
-0.830
2.287
-1.987
1.493
1.563
2.895
6.973
1.292
-0.872
0.289
-3.896
-1.317
-0.632
-0.908
0.716
-1.624
3.040
0.350
0.328
-0.437
0.722
2.330
-1.731
-1.229
-0.379
-2.880
-1.616
-0.793
2.449
0.980
0.815
2.392
0.020
1.287
0.102
0.987
-1.049
-5.503
0.028
3.765
2.573
2.667
3.317
0.563
0.824
-1.132
-0.409
1.828
3.239
0.015
-0.730
0.351
1.793
-3.115
-5.161
-0.971
-2.580
-0.870
-0.005
-0.738
3.836
1.134
1.071
1.843
-2.383
2.844
0.168
1.959
-2.222
-3.379
2.313
1.253
-1.815
-1.737
3.051
-2.505
4.292
-1.811
1.882
-0.439
1.798
-0.956
-0.041
0.448
-2.055
2.128
-0.882
-0.199
-2.036
-5.800
-0.108
6.140
2.233
0.304
-0.281
0.404
1.663
-2.484
3.024
2.067
2.074
1.402
0.397
1.965
1.770
-0.500
-1.027
0.594
4.068
-2.624
-3.172
0.745
0.472
0.766
0.935
-0.186
3.926
-3.492
-1.638
0.102
-3.594
-0.072
4.338
0.400
0.904
-2.674
-1.129
-0.550
-0.413
3.426
1.688
-2.317
0.942
1.546
3.086
4.143
-2.086
-1.596
-2.668
-0.212
1.469
2.720
0.168
-0.418
0.714
-1.654
5.365
-3.508
0.793
5.207
0.366
-0.106
-0.508
-0.083
3.645
-4.958
4.030
-3.067
-0.290
-0.680
1.763
-3.485
1.459
5.208
-2.922
0.805
-1.239
1.372
0.396
-1.190
1.521
4.680
-0.108
2.077
-2.754
-1.945
1.484
3.912
1.203
-0.401
0.348
-2.651
1.801
2.468
-0.735
-0.778
0.988
-0.698
0.191
5.389
-0.243
-0.510
-1.204
2.136
-0.085
-1.208
3.521
3.757
-1.091
-4.130
2.768
-1.293
2.248
-4.378
2.492
-2.557
2.104
0.384
-1.939
-0.627
1.997
0.604
1.753
5.093
-3.404
4.231
0.600
-1.807
-2.843
-0.104
2.562
0.044
3.977
-3.133
0.321
-2.656
1.223
2.479
-0.660
-5.900
0.827
1.398
1.320
3.316
-2.221
1.983
3.212
-3.919
1.117
-0.860
0.154
1.184
-0.819
-1.272
0.432
-2.259
-2.256
1.980
-2.407
1.949
1.460
-3.792
-1.276
3.216
-2.005
-0.765
1.459
2.230
-0.254
-1.084
3.764
4.523
2.699
0.555
-1.590
-1.643
1.604
1.354
3.714
1.911
-3.257
2.875
-2.045
-0.572
0.950
5.140
7.814
1.806
-0.090
1.633
2.480
-0.420
4.659
0.902
1.545
1.948
1.362
2.363
-1.131
-0.990
-2.290
1.405
2.219
1.449
4.369
0.337
1.955
-2.270
-0.579
2.019
2.388
-0.356
0.178
-3.293
-0.507
2.487
1.730
1.552
0.469
0.367
-1.235
2.027
1.360
1.531
-0.912
-4.818
2.983
-0.799
-1.721
2.014
-0.591
2.894
1.831
1.991
-2.928
3.259
0.977
-0.536
0.694
-3.913
1.331
-2.120
-2.896
-3.304
3.020
-1.160
4.031
-0.936
-3.748
-2.330
3.316
-0.024
-0.966
0.734
1.554
3.032
3.826
-0.513
-2.833
-0.642
0.975
-1.963
-1.947
1.175
0.233
0.429
-1.470
-0.203
-1.868
2.486
2.835
-4.081
-1.881
-3.242
-1.210
0.150
-3.129
-1.862
-2.059
0.847
0.516
-1.382
0.774
-0.962
-0.302
4.366
3.567
-2.769
2.341
2.297
-2.406
2.315
4.041
-2.344
-1.852
2.792
1.002
1.674
1.167
1.288
-2.834
2.864
3.157
-0.201
0.246
-3.325
1.584
1.723
0.201
3.048
-0.452
1.705
-2.097
0.293
-0.068
0.891
-0.537
0.034
2.333
-0.698
-3.506
4.549
3.665
-2.751
2.005
-0.857
0.982
1.056
-0.213
-1.531
-1.307
-1.849
-1.646
0.189
-1.368
1.987
3.919
-1.042
0.925
1.549
1.483
0.532
2.132
1.507
-2.620
2.436
2.479
-1.482
0.441
1.990
-0.152
2.925
6.023
-1.536
-2.965
1.079
2.082
-0.204
3.838
-2.863
2.013
-1.104
4.477
5.132
-1.490
-0.969
2.413
-0.579
0.241
0.411
-4.257
0.317
-1.305
-0.833
3.815
-2.666
2.302
-0.320
-0.321
2.247
1.166
1.719
2.674
-0.445
-1.119
-2.254
-1.631
7.428
3.337
-2.893
-2.824
1.506
1.663
1.667
-0.262
0.049
1.137
0.556
-4.976
-0.202
-1.693
0.771
7.515
1.232
-0.402
2.562
1.508
1.358
1.806
5.286
-2.364
1.487
-1.873
1.683
-1.855
-0.652
-0.358
2.692
2.554
-2.640
0.482
-1.353
-2.670
-0.171
-0.390
6.174
1.389
-2.956
-1.005
2.801
5.362
-3.456
-4.162
4.840
1.285
-1.734
1.633
-5.976
0.358
1.137
2.568
-2.083
0.556
-1.871
0.963
-1.799
-0.629
-2.040
1.913
2.410
-0.213
0.442
-3.127
-0.369
0.230
6.640
-2.319
3.864
2.742
1.024
4.571
1.243
1.284
0.223
3.287
2.982
-1.152
-2.816
-0.137
-1.570
0.198
3.320
-0.748
0.247
0.489
2.386
-5.043
-1.106
0.857
3.230
-0.831
-4.154
1.837
-1.175
-2.505
-1.148
-0.093
-1.101
-4.943
2.503
3.410
1.914
-2.380
-0.134
0.334
1.787
1.954
-1.412
0.547
1.447
3.844
2.041
2.244
0.551
3.735
1.333
-1.717
3.718
2.025
-0.713
-0.801
1.062
1.462
0.824
1.097
4.430
2.922
0.808
2.609
-2.128
1.305
4.692
-0.173
-1.684
-1.215
-2.265
-1.533
-0.539
-3.023
0.387
2.515
-1.829
3.996
1.576
2.823
-1.229
2.401
-2.271
2.487
0.762
1.678
-2.471
-1.798
1.783
-1.926
1.462
-2.931
2.386
-2.608
1.676
1.852
-1.322
1.747
0.975
-0.943
-2.071
-4.360
1.189
-3.406
0.579
-0.282
1.980
-0.375
-0.441
2.106
1.154
1.109
1.476
-3.335
2.166
1.820
-2.090
-0.236
0.256
0.027
1.151
3.785
2.946
-2.799
1.843
3.539
1.278
2.968
5.179
2.807
0.948
2.858
0.698
0.407
-0.493
4.102
-1.614
4.028
1.550
-3.008
1.232
-4.690
1.851
2.475
-1.072
0.647
5.040
-0.864
-2.191
3.906
5.060
0.359
2.778
3.570
-1.432
-0.815
3.304
4.394
1.701
-1.762
5.119
-0.924
-0.454
1.172
4.080
2.400
1.346
1.462
0.454
1.690
-5.721
-0.362
0.929
-2.412
1.277
-0.141
4.563
4.125
-0.768
-0.012
0.173
-0.734
0.818
-1.470
-2.363
1.845
1.861
-1.580
2.499
-1.166
0.958
2.319
0.269
1.441
-0.889
-0.122
-0.144
-1.442
-0.074
-3.367
-0.829
-0.334
-0.265
-0.230
0.202
1.501
2.449
-1.209
-2.538
-2.151
-0.819
-0.495
-1.498
-2.761
-0.745
0.785
1.778
-0.988
-0.641
-1.874
0.275
-1.686
1.726
-3.936
-0.513
1.073
0.791
6.813
1.190
-2.060
0.121
-3.913
0.157
-1.649
2.547
-0.969
0.070
-1.175
4.523
-0.421
4.748
2.304
1.507
1.235
1.295
-4.276
-0.319
2.378
0.233
-3.022
0.224
4.440
3.343
0.201
2.633
-0.530
-3.739
-1.869
4.101
-0.308
-0.234
-0.370
4.920
4.252
5.675
-0.032
1.059
-3.290
3.895
-2.453
0.870
-2.284
-1.063
-1.659
-1.109
-0.944
-0.966
2.350
-2.302
0.879
3.273
-0.882
-1.373
-0.203
3.181
0.816
-0.925
1.511
-2.296
1.985
1.331
-0.389
-1.663
-1.778
1.634
3.300
-1.180
1.450
-4.659
-1.053
0.275
-1.833
-1.898
-1.253
1.051
-0.100
-5.022
-4.740
-1.106
1.448
-6.244
-0.849
-0.913
3.682
-0.574
1.269
0.689
-4.763
2.194
0.867
1.570
9.773
-4.652
4.489
-0.340
1.040
0.241
-0.668
-1.018
1.141
-3.291
2.151
-0.649
-2.362
-0.730
3.367
-0.935
1.210
-1.404
2.169
1.995
4.787
-0.071
1.955
0.585
3.460
-1.375
2.138
-0.117
0.196
0.570
0.955
0.071
0.865
4.137
2.715
2.436
-0.743
-1.784
2.643
2.453
3.884
-1.100
-0.201
-3.585
-0.592
2.742
-0.770
1.887
-0.107
1.128
-2.404
0.555
-6.829
-0.099
-3.563
3.244
2.216
1.470
4.000
-1.927
4.544
2.587
-0.218
3.075
-2.305
-1.629
-1.111
-0.920
-2.186
3.285
-0.271
1.196
-1.019
-4.019
0.998
-4.239
0.185
-2.934
5.119
2.537
0.604
3.383
-1.681
1.654
0.830
0.984
3.404
2.108
1.043
-3.622
-1.954
0.055
0.574
-2.362
6.138
3.989
1.795
0.523
-0.159
-1.935
0.536
0.969
-2.630
1.152
-0.023
-4.229
-1.715
-0.643
4.880
1.686
-2.855
1.516
-3.364
2.948
-0.781
0.125
3.532
-2.739
-3.003
-1.051
2.842
-3.296
-6.447
-0.733
1.674
3.231
-0.762
-0.637
3.119
-4.137
-0.582
0.807
1.428
-0.874
0.433
-5.622
-1.230
1.438
-2.008
0.492
1.422
-0.472
0.759
-1.961
-0.146
1.815
0.727
-1.058
0.888
2.065
-4.570
3.132
-0.457
1.371
3.223
-2.942
-1.353
-0.343
-1.531
4.514
-1.706
-0.983
0.841
-2.535
-0.600
1.112
-0.449
0.126
-0.920
-3.285
1.122
4.562
0.394
0.891
2.013
-2.696
4.436
0.836
4.266
-1.409
4.713
2.210
1.677
0.912
-0.246
3.231
0.687
-4.371
-2.331
-0.096
1.094
0.214
3.276
-4.333
0.695
-4.013
2.173
0.123
1.357
-1.723
3.421
2.850
1.751
0.039
1.742
-1.347
2.403
4.309
2.919
-1.401
1.217
-2.754
1.724
1.431
-4.138
-2.438
-0.330
-0.372
-2.553
1.284
0.954
-0.116
-1.464
2.867
4.323
-0.811
-1.119
1.529
-0.509
0.015
2.125
-4.232
3.514
0.524
-0.638
0.136
0.260
-3.805
3.938
0.449
1.413
2.634
-2.101
1.486
-0.292
2.382
-4.755
0.112
-1.097
1.387
1.478
-1.348
-1.359
0.084
-1.802
2.371
-0.536
-6.627
-0.550
-2.143
-3.565
-2.620
0.613
3.539
1.102
-1.106
1.444
-0.752
-1.317
-2.420
-3.854
-0.586
0.729
0.118
-0.648
-1.920
1.810
-2.811
2.212
-2.055
-1.456
-3.170
-0.853
2.691
1.588
2.698
1.603
-2.299
-0.444
-1.522
3.543
-2.522
2.495
2.493
4.741
-0.633
2.060
5.826
-1.132
-3.334
-4.162
2.061
-4.170
-0.544
1.400
0.794
1.371
0.883
3.419
-1.936
-1.275
-1.504
2.342
2.511
1.433
3.190
-2.477
4.351
4.006
2.115
4.626
-3.626
-0.909
-1.415
2.082
-2.170
2.168
3.639
2.018
1.031
-2.021
-1.682
3.349
2.220
0.256
-0.653
-4.512
-2.220
4.937
-2.723
0.805
2.768
-2.662
0.793
2.601
0.380
7.234
-3.655
2.891
-0.065
2.203
1.409
-1.410
0.900
-4.109
1.798
1.066
1.883
2.889
1.232
0.705
-1.765
-1.359
3.198
3.797
-0.221
0.460
-1.821
3.165
1.947
5.009
-1.758
-0.557
0.905
1.902
-0.168
-1.745
2.465
2.081
-1.849
3.603
3.158
0.672
0.541
1.680
-1.718
0.422
-4.816
2.453
-3.398
3.958
-0.442
-0.158
-1.157
-0.341
3.754
-5.621
3.415
1.161
-2.547
-2.231
4.373
-1.919
-2.418
3.080
1.163
-1.901
0.870
-2.112
2.992
2.897
1.627
1.218
4.577
0.349
-2.486
1.429
5.357
-2.085
-0.518
1.349
0.221
-2.008
3.042
5.918
0.821
-1.820
-3.368
0.969
2.999
1.490
0.344
-1.064
-2.271
2.353
2.543
-3.360
4.166
1.728
3.709
-2.871
-2.928
-0.008
1.557
4.661
2.045
-0.232
-2.113
3.302
-1.965
4.258
-0.333
4.167
1.979
0.021
-0.897
-0.468
1.378
0.535
-1.075
-0.048
0.539
-4.759
1.450
-2.001
-2.418
-3.700
-3.955
-2.903
-1.352
5.038
-0.912
0.777
1.311
0.665
0.164
-2.519
3.832
4.687
-3.688
-2.108
-0.322
-1.965
1.564
-1.398
5.546
3.207
0.860
2.815
3.004
-1.003
-1.609
0.538
2.418
0.684
-3.435
-1.577
0.172
0.168
5.084
-2.976
1.563
3.924
5.801
-0.621
1.529
1.717
0.819
0.113
1.396
-5.727
1.987
0.653
-0.184
5.262
-1.270
-0.617
5.130
-1.647
-0.970
-0.003
2.368
0.849
-2.752
-0.927
-1.108
0.165
1.372
1.354
-3.912
2.903
0.956
3.673
1.416
2.993
1.470
3.581
1.603
0.115
5.804
2.484
1.727
-2.713
-2.742
1.053
0.699
-1.124
0.688
4.163
2.019
-2.388
0.082
-1.582
-0.580
-0.643
-0.796
-2.662
0.044
-0.995
-6.681
5.277
2.963
-0.553
0.395
-2.462
4.420
4.903
0.726
2.806
0.771
-2.858
-0.638
0.667
-0.741
-0.175
0.131
0.156
0.475
-2.195
-1.371
-2.733
2.697
-4.704
3.119
3.677
-0.375
-5.898
-0.517
0.196
-2.075
-0.887
4.022
1.946
-1.869
-3.484
-0.435
-0.162
1.541
-0.935
1.578
4.994
2.307
0.235
-0.090
-0.506
3.184
-1.156
0.459
0.473
-0.854
-2.944
1.125
0.204
1.551
-0.931
3.280
-1.754
4.459
-3.844
1.393
1.491
-1.559
1.369
3.421
-4.970
1.557
-5.634
-1.968
4.260
-1.046
-2.467
-0.125
5.313
-4.046
-2.173
3.944
4.808
0.102
-2.624
5.380
4.177
1.979
-1.600
0.232
-0.035
1.144
3.832
2.461
-2.236
3.654
1.102
1.999
3.870
-2.318
0.264
-0.925
-3.413
1.182
6.378
-4.066
0.273
1.887
0.645
0.078
-2.768
0.909
-1.466
-4.906
3.217
2.650
0.474
0.900
2.928
0.888
2.520
-0.364
3.499
1.120
0.816
-2.698
1.039
-1.647
-1.182
-1.607
-2.209
5.449
3.545
4.959
-2.585
0.521
-2.754
-1.320
-1.854
3.325
-0.601
2.914
1.800
5.879
-3.201
3.372
3.101
-1.986
2.767
1.157
-0.196
-1.627
-1.376
5.270
0.352
2.227
-1.548
-1.522
2.947
-2.889
-0.647
0.432
0.617
-0.080
1.300
2.013
2.113
-2.016
-0.332
3.217
2.497
-2.945
1.194
-4.398
0.463
4.905
-1.925
-1.652
2.184
-3.353
-1.169
1.781
-1.172
-0.216
2.136
1.362
0.990
-0.464
1.238
0.053
1.449
-0.843
-0.088
-2.026
0.266
-1.596
-2.324
0.971
0.861
2.229
-0.685
1.329
1.672
1.417
-1.632
0.708
1.224
0.367
-4.658
0.735
5.660
-0.514
-1.397
1.246
1.100
3.213
-2.669
2.105
1.767
0.009
1.163
2.821
2.444
-2.393
2.318
0.195
0.525
0.526
-0.011
3.210
0.149
-2.337
-0.594
0.779
3.300
1.797
-1.691
6.314
0.985
3.411
-0.014
1.630
2.365
3.274
2.888
2.443
-0.406
-1.022
1.148
2.590
-0.185
2.906
3.836
-1.849
-1.659
0.013
1.088
-0.909
3.595
1.368
0.445
-3.096
-2.808
1.024
-4.768
2.780
-0.030
8.133
5.889
-0.085
0.095
2.739
4.438
-3.581
-3.937
-1.143
1.749
1.542
2.917
-2.529
-5.209
2.409
-1.638
-4.494
0.698
2.254
0.057
-0.749
-0.032
-0.539
-2.885
-1.365
1.601
1.122
0.753
-2.038
-0.086
-4.875
0.778
3.779
-3.188
-1.056
1.140
3.357
-0.726
-1.311
-4.375
0.598
5.251
1.016
0.297
1.123
0.323
-1.601
2.326
0.892
0.392
-1.991
3.478
1.945
-0.977
2.754
-0.844
-1.527
-1.473
-3.901
1.482
-4.045
-2.598
-4.631
0.143
-0.011
-0.434
-2.152
-2.463
1.464
-0.971
1.109
-1.775
0.785
3.478
1.757
-0.640
0.967
-0.228
0.369
-0.431
-0.044
0.859
-2.034
-2.088
-2.983
-3.491
-2.571
0.733
-1.793
1.583
0.433
-4.374
1.922
2.296
-2.035
1.358
-1.706
0.584
-2.685
-3.953
-0.569
0.053
-0.604
-2.492
-0.610
0.996
0.242
0.788
-1.258
3.162
-2.473
1.520
3.187
1.504
-0.136
-0.918
2.837
-3.065
-1.978
-0.604
3.320
1.261
-1.973
-0.395
-1.124
-1.353
2.699
-2.942
4.211
2.338
2.968
-0.761
-0.010
-3.090
-0.909
1.535
3.461
-2.307
-0.527
-0.013
-3.000
1.769
-1.388
-0.119
-0.735
-1.544
0.333
-0.167
-0.542
-1.398
1.117
4.319
0.686
2.741
-2.987
0.729
-2.284
-3.195
-1.424
3.211
2.630
0.933
-3.328
-0.121
1.074
0.771
-4.075
-1.787
0.196
1.637
-4.921
-0.039
0.693
2.389
2.013
1.748
-1.570
-4.229
-0.593
2.754
3.694
2.055
1.380
1.261
-0.985
0.038
4.356
-1.912
4.225
-0.423
3.531
-3.026
1.756
-1.418
-3.047
0.874
2.773
-1.678
-3.248
0.130
0.140
1.666
2.629
0.207
4.803
0.888
-0.481
-3.518
-0.280
-0.457
2.655
1.460
-2.480
0.763
1.962
4.017
2.480
2.176
0.494
1.282
3.349
-2.849
-0.489
-1.504
1.260
3.303
-1.083
-5.387
-0.639
2.542
1.640
1.378
-0.322
-2.720
1.587
-1.652
5.592
1.719
-1.044
-1.117
0.127
-0.225
3.030
0.797
-1.406
4.887
0.468
2.195
-1.110
1.221
1.097
-4.185
5.187
3.448
-0.603
-2.295
1.184
0.558
1.204
0.810
1.565
3.824
1.713
-2.169
3.620
4.287
7.915
-2.346
0.933
-4.647
1.678
-0.966
4.966
-1.509
-3.704
-0.781
-4.391
2.153
-4.606
0.418
-4.637
-0.419
4.294
1.216
-1.722
0.275
0.393
1.484
-2.930
1.772
-6.141
-1.162
-0.822
1.870
0.404
-3.023
-2.014
0.827
0.160
-1.040
-0.804
2.021
-0.892
0.139
5.558
-3.067
-4.094
2.231
-1.279
-0.414
-1.525
-0.274
4.186
2.275
2.419
-3.049
-2.413
-6.464
-1.593
2.646
1.591
-0.182
0.296
-1.303
0.841
2.188
-3.528
1.069
2.588
-0.646
2.032
7.105
0.100
1.294
-1.421
0.785
1.455
0.818
-2.097
0.845
3.859
1.427
2.659
-0.219
2.150
1.020
-1.932
1.114
-2.030
-1.169
0.804
1.063
-2.504
2.880
1.723
-1.341
-3.340
0.002
-0.720
0.622
-0.521
-4.468
-0.582
-0.383
1.871
-1.326
4.379
-4.238
3.497
-0.188
2.413
0.542
3.085
-0.580
-2.287
3.759
0.078
0.882
3.313
-2.127
1.779
-1.066
0.033
0.523
-3.251
-1.519
3.593
2.477
0.200
0.933
-0.356
3.606
-0.131
0.906
3.100
-1.516
4.091
-3.323
4.261
-0.544
-0.232
-4.186
-0.742
-2.146
-1.108
0.020
2.649
0.848
1.088
-2.279
-1.764
4.667
-1.414
4.325
-0.233
0.355
2.919
3.403
0.084
-0.582
0.216
1.161
2.489
0.360
1.835
4.282
1.265
1.098
-3.295
-5.964
1.282
0.122
-0.885
0.934
0.205
3.057
0.557
-1.443
2.726
-0.171
1.614
-0.796
-1.210
0.552
0.381
1.502
-0.295
-4.057
-0.689
2.255
-0.364
-0.241
2.717
-1.359
-3.353
-0.036
-0.812
-1.969
-0.071
1.530
0.328
1.087
4.702
-0.473
1.018
-0.872
-1.681
-1.054
-0.799
1.213
5.988
-1.369
-0.650
0.199
1.300
0.983
3.432
-5.473
-5.379
-0.840
2.984
-3.408
-6.868
1.721
0.935
-2.267
-2.015
-1.977
0.615
-1.153
1.536
-6.501
-1.706
-2.353
-0.265
-0.941
2.265
-4.112
0.459
1.690
4.806
-0.806
1.129
-3.979
-5.391
2.377
0.337
3.178
-2.946
1.598
4.835
1.357
1.014
0.371
-3.420
3.603
-1.116
1.561
-3.401
-2.481
3.794
-0.484
3.838
0.162
-4.071
2.491
-1.066
2.027
0.411
-3.353
0.744
5.621
1.533
0.212
2.931
0.856
0.853
-2.270
0.911
2.835
-1.657
3.769
0.130
-1.781
2.744
-0.338
2.173
-0.350
0.206
1.535
1.048
-4.439
-2.341
2.581
0.033
-0.907
-2.911
-2.241
-4.502
0.107
-1.086
-1.970
0.187
1.224
5.374
-3.279
3.133
2.685
-1.520
0.838
-0.748
0.796
3.972
1.803
1.571
-0.683
-3.212
-0.150
3.246
-3.315
-2.182
0.653
-2.013
-1.552
-0.667
-2.927
-1.988
2.038
-2.788
-3.485
-1.162
2.107
-0.123
-0.765
0.456
-3.840
1.537
1.270
-0.632
2.764
-2.356
3.057
0.721
-0.458
0.302
0.093
3.279
-2.234
-1.480
2.837
-1.079
2.511
4.429
-0.614
1.985
-2.419
2.161
0.829
1.485
-1.199
-3.637
1.558
-4.602
-0.412
2.609
0.811
5.026
2.810
-1.219
0.416
0.236
-3.447
-1.907
-0.996
-4.537
0.464
-0.248
-3.665
1.320
2.068
0.895
-0.428
1.769
1.983
1.088
-1.629
1.014
3.219
-1.082
5.385
-0.912
0.428
-1.264
0.886
-3.831
-0.961
-2.271
0.675
2.737
1.900
-5.342
5.251
1.059
-1.514
0.727
0.773
-1.250
0.825
-1.108
-0.620
-1.297
-3.088
0.700
1.755
1.586
2.318
1.128
-0.929
2.365
-2.908
-1.812
-1.964
2.942
2.613
1.520
2.923
-1.760
1.187
0.050
2.383
0.073
-0.574
1.648
2.453
-1.254
0.203
-2.190
-5.645
0.831
1.811
0.979
-4.329
-0.492
-4.974
3.637
-2.257
3.363
2.620
-1.811
-2.369
1.191
-1.676
0.596
-0.809
-3.925
-5.003
0.894
-0.998
-0.977
2.020
3.166
-0.304
-0.467
1.550
-2.907
0.886
1.675
1.983
-4.298
-1.477
-1.758
0.590
1.504
3.942
-0.838
-0.844
3.109
1.062
3.392
1.043
-2.427
-2.850
-3.374
1.939
3.203
4.788
2.373
3.141
-1.042
-2.425
2.390
1.352
0.608
1.280
1.126
3.431
3.458
1.656
2.380
1.584
-0.757
2.166
-2.997
2.879
-2.517
1.036
-1.678
1.678
0.269
-3.477
1.360
-1.037
2.465
0.353
1.299
-1.948
-1.064
-0.751
2.406
4.376
-1.582
2.934
-4.857
-2.516
-1.951
-2.896
-3.451
1.341
-0.164
1.261
2.007
0.987
1.929
0.183
-2.499
2.889
-1.064
-1.895
-0.077
-1.841
-0.652
1.176
1.186
-1.805
-0.820
2.928
1.541
5.330
3.182
3.096
-2.981
2.183
0.223
-0.972
0.753
2.619
1.552
-1.758
2.132
-1.180
0.870
-0.378
-0.175
2.189
-2.146
5.018
-4.021
-1.084
1.239
1.752
0.109
0.212
1.335
-0.205
3.694
2.364
2.445
-1.969
0.159
-0.371
-2.063
1.214
-0.940
1.923
-2.218
4.476
-1.801
0.876
2.250
-1.020
2.396
-2.600
3.835
0.384
-1.081
-0.368
2.291
-1.053
-1.448
-0.182
-2.475
4.719
-1.009
2.346
0.853
-2.013
0.336
2.232
-0.102
3.213
2.802
2.555
-0.753
-2.242
-1.123
0.821
1.660
-4.862
0.331
0.729
-0.316
3.449
1.362
3.494
-0.168
2.600
4.274
3.498
-2.271
-0.259
-0.478
1.524
1.997
-1.663
0.513
-4.498
3.811
-0.880
0.484
-0.393
3.100
-6.460
0.310
0.096
-0.739
4.493
-1.780
2.202
1.205
3.378
-1.251
-1.409
2.981
1.371
-3.358
-0.944
1.277
2.361
-1.280
-6.644
1.606
-2.579
-4.492
-6.448
2.304
0.659
-0.192
3.684
1.880
4.229
-2.993
0.267
-3.530
-0.201
-0.247
1.854
0.459
1.846
2.038
5.522
-0.407
-1.908
0.941
-1.575
3.907
-0.330
-1.007
-0.781
2.074
-0.029
-1.190
4.347
-1.705
0.435
1.916
-3.565
1.503
-2.182
2.325
-1.960
2.013
3.004
2.417
0.953
-0.205
-1.033
3.880
-1.329
-2.139
1.947
-1.561
-1.930
-3.115
-0.809
0.151
0.933
2.633
1.615
-0.108
-0.126
1.574
3.404
0.653
-0.776
-2.033
-3.118
1.949
1.737
1.736
0.041
3.727
-0.812
2.643
0.257
-1.110
1.772
1.333
1.207
0.545
0.259
6.082
3.192
2.085
0.618
2.767
1.593
0.413
-0.379
0.156
-7.259
0.855
-0.822
4.172
0.396
-2.504
0.230
-2.161
1.486
1.048
2.649
-1.548
0.432
-2.926
2.034
1.595
1.540
0.354
1.345
4.200
-0.334
0.683
-2.257
-1.734
0.585
2.999
-0.265
-0.216
-0.627
-0.933
1.058
-3.243
3.424
-1.247
2.083
-2.698
1.955
1.963
1.272
-2.037
0.949
-2.489
-0.257
2.821
2.262
0.386
-1.990
1.899
0.397
-5.219
2.228
0.292
3.236
-2.279
-7.274
1.020
1.050
-3.708
-1.998
6.963
-0.383
2.104
-1.212
-4.667
-0.059
-0.287
-0.610
0.075
0.984
-0.010
-2.684
1.517
-4.328
-4.571
2.124
1.567
0.212
-2.999
-1.349
-0.281
-3.480
-1.424
1.916
3.776
-0.657
2.166
-4.244
1.933
-1.579
1.088
-0.245
3.519
-1.749
1.856
-0.321
-0.030
-0.091
-1.680
0.316
0.200
0.929
0.553
2.265
2.566
-2.171
2.435
-2.497
1.761
1.837
-4.237
0.573
-0.774
-1.471
3.592
-1.219
-1.585
0.532
1.995
0.010
3.149
1.624
-4.878
-0.921
-0.998
1.500
-5.950
6.468
1.624
0.707
3.186
5.975
2.440
2.627
0.664
0.010
-0.792
-1.633
-1.299
-2.891
0.168
-3.693
0.808
0.263
0.703
-0.903
7.734
3.614
-2.637
0.909
-1.109
-2.085
-2.866
1.387
-1.285
2.673
2.735
3.647
-1.696
1.491
1.868
-0.788
-1.502
4.213
0.896
1.876
-1.623
-2.576
-1.017
0.052
-2.204
0.326
-3.702
-2.338
1.960
1.799
-0.591
-2.093
-2.116
-0.546
1.897
2.578
-0.842
-2.418
0.993
-1.626
-0.894
3.531
2.335
0.729
-2.703
0.857
2.900
-0.552
3.593
3.453
4.343
1.083
1.760
3.744
1.424
-0.853
-0.727
0.923
-2.747
0.006
2.982
-4.909
4.033
3.044
-0.753
1.654
0.358
3.302
2.708
-3.010
1.759
-0.144
0.549
-1.398
4.546
2.846
-1.425
-2.853
-0.576
1.393
0.926
3.358
2.246
2.677
1.134
-2.984
-0.120
2.894
0.226
1.557
-0.415
-2.122
0.054
1.092
-1.224
-0.216
-1.905
3.036
-0.357
3.837
4.019
0.155
-2.070
-4.656
-3.183
-2.947
3.658
0.628
1.285
-4.979
-2.525
2.479
1.038
-0.003
1.706
4.276
-0.181
0.516
0.812
6.091
-4.688
1.990
0.074
1.710
-1.228
0.232
2.057
7.821
2.289
-1.685
-0.667
-0.738
-3.960
-0.442
2.109
-2.708
2.866
1.521
-1.412
0.010
4.186
2.111
0.371
-0.220
0.534
-0.878
-4.701
5.251
0.723
1.306
0.211
-1.414
-0.096
-3.489
5.815
-2.613
-2.127
-0.707
3.441
0.385
-2.617
3.360
2.104
1.642
2.068
6.096
5.594
-1.298
4.247
1.270
1.548
-3.711
-0.059
-1.601
2.337
2.921
-4.629
0.297
3.042
-0.098
2.100
1.193
1.170
-0.301
-2.570
-2.342
2.052
0.397
0.018
-0.667
-0.382
2.863
-0.455
-2.869
2.135
-0.142
0.425
4.208
0.301
1.044
-2.479
-0.177
1.813
-3.383
0.832
0.592
0.449
2.839
1.153
3.897
-2.035
0.676
0.553
-2.216
2.645
5.929
0.309
1.562
0.553
-1.363
-4.020
-1.344
-2.991
4.440
0.074
-0.480
2.484
-2.342
-1.490
0.513
2.819
1.554
0.946
0.537
1.311
0.834
-2.122
0.461
-2.227
0.545
-0.804
6.445
0.254
-3.020
0.028
1.596
4.366
-1.065
-3.448
2.310
-2.963
-0.697
-0.268
0.183
2.004
-1.291
-0.307
0.316
0.709
0.585
1.396
2.375
1.292
1.439
-3.447
0.471
1.501
2.099
-1.312
-1.232
-1.028
1.637
2.831
-0.628
2.529
0.646
0.052
-0.157
2.142
1.131
5.812
-1.695
1.593
-0.920
-1.736
0.324
0.680
7.354
-0.092
-2.362
1.005
-4.629
0.129
0.388
2.257
2.687
-0.859
-0.011
-1.489
-2.357
1.094
-2.707
-0.645
-2.038
1.669
4.673
-2.774
-4.097
0.050
0.388
0.875
-0.721
-0.132
1.232
2.847
-4.342
-0.535
0.863
-1.853
4.505
-1.175
0.251
1.684
-1.069
-4.082
-0.679
2.821
-0.459
-1.681
2.572
-0.444
-0.874
0.709
2.200
6.066
2.335
3.134
-0.864
-2.112
0.500
0.607
-2.238
-0.071
1.308
1.215
1.560
1.048
-0.867
-0.883
-2.527
4.633
0.382
-0.190
-1.879
7.396
-2.226
-0.679
1.348
1.791
2.649
4.688
1.565
-2.184
-0.267
1.089
5.314
-3.005
3.236
0.782
2.361
0.105
-1.672
2.152
1.921
2.683
0.318
-1.090
-3.391
2.316
1.367
-1.968
-0.943
-0.770
-3.209
-1.612
-2.371
-0.640
-1.423
-3.555
5.204
3.356
-1.520
1.004
1.352
3.209
-1.615
2.971
-0.965
-2.856
2.088
3.448
6.561
-2.529
2.027
-0.634
2.230
-3.179
-2.681
-1.512
0.540
-1.189
1.932
2.815
1.789
4.235
1.348
-2.571
3.622
-1.102
2.535
4.127
1.446
-3.241
-1.854
3.525
-0.056
0.541
2.171
2.021
1.019
-0.151
-0.400
2.409
1.679
-0.268
2.947
0.040
-1.694
-1.472
-1.999
-0.304
3.311
-1.582
0.802
-1.226
-0.275
-3.274
-0.179
-0.115
1.647
0.886
-2.526
2.952
0.855
0.826
0.328
-0.893
0.873
1.491
-3.843
-0.943
-0.262
0.965
3.214
-1.502
-0.845
-0.880
-1.574
-0.483
2.200
-2.179
1.377
-3.735
-0.997
-0.441
4.370
-0.310
-4.933
-4.447
0.432
1.823
1.251
0.752
3.139
-0.945
2.498
-3.567
-1.822
-3.987
-0.310
0.239
0.624
0.499
-1.876
-0.107
-3.244
3.622
-0.379
-0.823
4.163
-2.631
-2.351
-2.281
0.187
1.386
2.125
6.523
-5.049
1.811
-0.987
-1.057
-1.137
-1.831
4.393
2.372
0.406
3.592
-3.280
-2.844
-4.877
-1.329
0.738
0.597
0.708
-3.037
2.278
0.925
2.109
-4.193
1.098
-2.501
-0.604
1.632
0.569
-1.694
0.365
-3.326
3.111
-0.143
3.035
-0.914
-0.907
-1.484
2.453
-1.353
1.897
-0.568
-4.392
-1.019
-2.480
0.431
-2.507
2.572
0.131
-0.076
1.924
2.663
0.302
-1.501
-3.908
-1.297
-1.131
0.607
-0.478
2.001
-1.121
0.213
3.192
1.170
0.206
-1.095
-1.170
-1.691
-0.948
2.164
-0.183
-2.889
4.594
1.118
-3.027
-0.710
0.616
4.441
-2.309
2.692
3.709
-1.159
-0.316
-2.137
-0.138
0.262
1.933
2.966
-1.445
-4.372
0.299
1.054
0.949
-0.434
0.649
3.987
1.266
-0.546
-0.850
-0.058
4.278
-0.090
0.302
-0.808
2.988
5.054
1.431
0.549
0.438
-5.372
2.138
0.672
1.378
-1.358
-0.573
-0.636
2.802
-0.559
5.348
1.384
-2.712
0.041
-1.214
-4.917
4.189
2.038
1.630
0.747
-2.967
-0.811
2.370
-2.173
-5.726
-0.195
0.010
0.675
2.098
1.880
0.971
3.219
-3.296
1.561
1.854
-2.625
-3.257
-1.440
-1.238
2.158
-1.125
-1.705
-1.118
3.035
0.381
-0.080
0.086
3.451
-1.448
3.507
0.855
-0.035
6.352
-2.184
-0.499
-2.608
2.636
4.404
4.358
3.287
-0.124
-0.527
-3.661
5.236
1.476
-0.831
3.537
-1.985
1.326
-0.064
1.883
0.197
-3.132
0.531
2.867
0.280
2.210
-2.159
0.287
-1.149
2.143
0.426
2.006
2.961
2.010
1.005
-2.046
0.343
-0.929
-0.476
-0.549
-2.002
-4.348
-1.254
0.814
-2.886
0.388
4.911
2.805
4.294
1.289
3.152
-1.388
-1.196
-6.224
3.197
4.047
-0.978
-0.259
-1.459
1.268
3.050
-3.833
1.333
-0.314
0.622
1.452
-0.102
0.101
-0.163
2.679
1.355
0.879
-2.700
-0.559
2.507
0.440
1.933
4.590
2.843
0.574
-0.876
-5.779
-0.054
-0.432
1.287
-0.019
-0.419
-3.921
-1.906
1.494
4.468
0.116
1.137
2.636
-1.596
1.230
-1.427
2.426
0.713
1.066
-1.528
2.047
5.353
-2.069
-0.465
0.906
2.237
-0.993
-6.449
3.612
2.175
-3.833
-1.108
4.114
3.825
2.603
-0.073
0.549
0.036
3.058
-1.752
-1.584
2.775
0.244
3.658
-1.262
0.219
-1.864
0.368
-3.199
-0.820
-3.097
2.015
2.070
-3.803
3.551
6.344
0.460
-1.189
7.128
-2.816
0.398
0.781
3.578
1.213
-0.847
-1.933
-0.470
-2.067
0.465
-1.004
-3.236
3.362
-0.844
-2.694
-0.054
0.514
-3.842
1.146
-2.163
4.456
1.608
-0.610
-1.438
0.098
1.821
0.289
-0.171
0.490
-1.099
-0.474
-4.656
2.687
1.067
-1.506
4.907
0.559
-2.137
2.406
1.305
1.297
-0.672
1.431
-0.278
1.684
-4.222
-0.691
4.483
-1.491
-1.099
-0.725
-2.566
-4.950
-0.203
0.676
0.224
0.002
0.453
2.805
-0.107
-1.028
-0.325
1.740
3.739
-1.158
0.587
1.162
-2.032
0.399
-3.168
-3.896
1.230
-0.571
0.835
0.307
-1.993
0.241
-2.609
3.688
-2.904
-0.120
-2.151
1.719
-0.445
-0.895
2.398
0.421
1.590
-2.005
-3.022
0.607
-0.415
1.853
0.158
0.842
-3.546
4.882
-0.044
2.024
-1.657
1.089
-2.777
1.435
-0.504
0.420
2.025
-2.608
-1.293
1.448
5.386
0.019
1.769
0.093
5.011
-3.843
0.577
-3.551
-5.666
1.064
0.685
-0.334
0.095
7.786
-0.270
1.574
-1.208
1.059
-0.222
-0.635
4.715
3.175
0.678
-5.180
-0.516
6.837
-0.204
2.998
3.811
0.876
-1.670
-5.495
1.992
-1.605
0.773
-2.650
-0.287
0.431
0.995
-2.326
3.223
-1.083
-3.669
0.088
0.433
0.735
3.619
-0.217
0.063
-2.298
2.319
0.792
-0.658
-4.221
3.817
-2.596
-1.069
1.210
-2.522
-3.234
-4.747
2.080
-0.958
7.375
-2.036
-1.861
-1.007
0.934
-0.778
1.820
-1.999
-2.966
-3.966
-4.987
-0.893
-0.372
-1.165
3.334
3.297
-0.454
-3.955
-1.010
-1.090
-1.227
-1.325
-1.218
-0.578
-1.175
0.850
1.215
-1.836
3.401
-2.002
-3.533
1.264
-1.612
1.121
-5.419
3.692
1.964
-3.251
-3.199
4.363
-1.420
-1.652
-5.089
-0.492
-0.197
2.067
-3.008
-3.299
1.432
2.766
-3.421
2.946
0.440
2.970
0.181
-5.703
-0.015
2.894
-1.795
-0.581
-0.073
-6.609
4.361
-1.813
1.564
0.142
3.368
1.325
-0.214
-1.794
2.265
-4.146
1.900
-2.288
3.355
0.737
1.896
0.547
-3.856
-1.716
1.964
0.750
3.184
1.318
-1.970
-1.561
0.597
-5.204
4.366
1.410
3.295
-3.443
3.337
5.706
-2.820
2.201
0.353
-3.357
1.533
2.351
-1.093
3.148
-3.650
-3.237
0.678
0.411
-1.370
2.293
1.624
2.410
0.054
1.796
-0.720
5.279
-1.600
5.403
0.434
-2.951
3.633
0.652
2.393
3.287
1.161
-1.071
2.692
0.352
1.996
-4.819
1.423
-1.183
4.318
1.845
0.926
1.517
-2.046
4.246
5.129
1.293
4.167
-1.016
-1.563
0.448
1.394
-0.596
1.641
1.085
-2.046
1.595
2.422
0.762
3.116
-2.572
1.473
-2.459
-2.324
-1.164
-1.911
-0.965
-0.164
2.359
-0.421
-3.456
3.086
-1.659
0.209
1.422
0.829
2.976
1.500
-1.717
5.579
0.816
-0.004
2.663
0.949
1.308
6.331
-0.310
-0.413
0.630
2.922
-3.266
-4.367
-1.059
-3.571
-0.670
1.556
-1.788
-3.074
0.516
2.420
-3.718
2.319
2.312
2.640
3.274
5.635
-0.505
0.613
-0.649
0.355
4.029
-2.878
-1.717
3.655
2.798
-0.522
2.401
1.169
3.951
0.529
2.812
6.691
1.785
0.468
2.084
-0.527
6.081
0.782
-0.305
-1.656
2.983
2.431
-0.844
1.733
-3.271
0.794
1.437
4.448
-1.500
-2.718
-1.799
-2.858
3.558
4.067
1.119
3.281
0.672
0.122
-0.449
-0.395
-3.365
0.984
0.253
2.139
0.574
-0.040
-1.741
0.523
2.122
-2.394
0.560
0.909
-1.373
-1.061
0.903
-2.370
1.190
-1.799
2.901
5.961
-1.716
1.632
-1.394
2.848
-2.687
1.503
-1.745
-0.147
-2.124
2.324
-1.659
1.675
-0.476
0.075
0.705
-1.478
0.855
4.023
-1.517
3.162
3.945
-1.609
-3.142
1.075
-0.964
4.835
0.434
-1.575
-2.403
2.966
-1.021
0.455
2.644
-0.812
0.240
0.310
1.990
1.768
-0.178
0.503
-0.542
-3.196
0.968
4.891
-1.771
-1.505
-1.740
2.089
1.426
-0.030
-1.853
0.572
-3.405
0.694
2.442
-2.653
-3.328
4.141
-1.118
3.076
-0.020
-0.039
1.402
-1.772
0.668
-0.566
-2.819
1.160
-0.282
-0.027
-2.554
4.169
2.454
2.664
-0.383
-3.800
5.037
0.203
-1.447
1.350
3.151
0.295
3.419
2.949
-2.233
-1.267
2.648
-6.160
-0.009
-3.084
-0.794
-0.367
-0.510
-0.975
-2.283
5.851
4.832
-2.439
4.147
-0.609
0.660
0.198
-1.233
2.711
0.652
-0.794
-2.781
-1.795
-3.589
0.379
-2.522
-0.287
3.638
3.228
0.273
0.141
4.862
1.600
-0.437
-3.072
1.295
2.340
-1.166
1.049
-0.523
-0.092
-5.621
-0.182
2.676
-1.165
0.476
-1.464
1.215
-0.170
-1.904
3.548
2.579
-1.102
1.545
1.640
1.892
-3.716
2.766
-1.017
-0.509
6.681
1.074
-0.577
-4.943
3.685
-2.879
-2.058
-0.445
3.749
2.206
-0.029
1.090
-1.091
0.685
0.526
2.675
2.671
1.536
-0.520
2.130
0.129
-2.247
-0.618
0.553
2.535
-0.090
-2.552
0.486
0.622
0.796
2.558
2.795
-1.076
-1.129
-2.146
2.027
3.827
-0.406
-0.229
3.870
1.563
1.397
-2.508
1.979
-1.880
-2.372
-0.482
-1.056
-0.182
-3.108
2.651
3.056
-4.324
2.698
-1.595
2.407
0.186
0.419
-0.094
3.259
-2.625
1.809
2.993
2.069
5.929
-0.919
2.648
0.095
3.310
0.332
-0.581
3.485
-0.830
-3.041
-0.890
1.836
3.691
0.617
3.514
-2.910
-0.714
-0.343
0.075
0.552
2.008
-0.718
0.684
0.242
-1.872
0.077
0.005
-0.046
0.426
0.532
-0.688
3.405
-2.457
-1.380
7.022
-2.141
-2.899
2.113
-4.635
-0.215
5.500
-3.358
-4.407
-3.248
2.506
3.049
-0.880
1.990
3.687
4.640
-0.241
-5.174
-1.620
-0.674
-0.271
-0.101
3.035
3.409
-0.062
2.986
1.208
0.505
2.526
0.523
5.289
-3.102
-0.886
0.046
1.405
3.393
0.291
-3.063
2.372
2.162
-4.310
0.341
-3.466
-1.245
-1.817
2.292
0.630
-2.735
2.462
-3.091
1.142
-1.604
-0.528
1.560
1.601
3.559
0.153
1.085
-0.701
0.787
1.405
0.114
-3.979
1.146
1.225
-1.282
-2.733
3.892
1.529
-0.200
-2.379
-1.622
3.476
0.680
-0.971
1.573
-1.605
3.952
3.597
-0.770
-1.159
-5.934
-3.206
-2.865
0.674
-0.433
-2.879
-0.325
1.563
1.617
-4.209
0.042
-2.970
2.514
2.232
-1.805
-1.489
-0.757
-5.057
1.156
-0.305
2.678
-2.286
-1.136
-3.266
-2.060
-2.487
2.740
-1.326
0.648
-0.564
-2.697
-0.054
1.788
-2.549
2.292
-1.689
-0.809
1.624
-1.242
0.440
-0.405
0.660
-5.364
-4.041
1.828
2.839
-1.835
-0.236
1.057
2.014
-4.516
-1.776
-0.448
2.038
6.346
-0.197
-3.027
1.315
3.520
0.609
-1.826
2.649
1.943
-2.113
1.265
2.743
3.187
0.191
-0.509
3.295
-2.554
1.403
-2.938
2.907
-0.269
3.395
1.529
-2.586
3.769
4.073
2.467
-1.478
-0.384
0.699
-1.339
4.412
0.696
-6.138
1.164
-0.486
0.170
-0.535
2.287
3.037
1.029
-0.464
0.251
0.397
-1.576
1.739
1.454
4.047
3.363
-1.296
2.319
-1.932
2.020
-0.890
-2.106
1.022
-6.069
-3.852
-0.076
0.548
-0.536
-3.441
-1.613
1.289
1.746
0.311
3.126
1.304
-1.444
-0.323
-3.017
0.090
3.019
1.995
3.715
-0.377
3.581
-0.114
3.882
0.298
2.047
3.890
-0.114
0.874
3.443
0.031
-2.820
5.493
-0.777
0.731
3.124
-1.110
-2.069
0.959
-3.953
-0.341
0.938
-0.298
-3.354
4.176
0.598
3.785
-0.274
-1.762
0.996
-0.168
-2.477
3.877
-1.143
-4.067
3.538
-0.860
-1.109
-3.887
4.528
-2.745
0.490
2.540
1.362
0.207
-3.734
-1.593
0.801
-1.539
0.838
1.986
2.660
-2.593
5.622
2.192
0.346
2.965
6.027
-3.103
-0.191
-5.358
0.812
1.227
0.256
-1.221
-4.569
1.246
3.843
-1.068
1.406
-3.414
1.447
-0.594
-1.480
-1.475
-0.595
1.268
-2.799
-0.603
0.250
-2.288
4.662
-1.698
-1.257
-1.998
4.666
1.677
-1.898
3.005
0.832
0.967
-0.477
-1.449
1.161
-0.958
4.710
-2.696
4.037
0.083
1.068
2.350
-1.163
2.424
-6.148
-1.378
-1.868
-2.658
-0.166
1.276
2.036
0.928
-1.248
1.236
0.648
2.597
2.215
0.423
-1.803
-1.217
-0.969
-0.407
0.993
2.066
0.227
0.389
0.694
-0.888
-1.871
-3.863
-1.318
1.486
-1.337
-0.221
1.469
1.600
-2.241
2.743
3.056
-2.362
-1.627
3.209
-0.002
-4.977
-3.009
-0.248
-2.441
-0.642
0.428
3.859
-0.347
2.924
3.779
3.792
1.033
-4.362
1.456
2.866
0.155
4.537
2.414
1.714
2.957
1.150
-5.633
-0.848
3.223
-1.588
-0.186
-2.158
4.631
4.386
-1.771
0.704
-1.283
1.826
1.573
2.298
1.147
7.395
-2.117
-3.755
-0.593
-3.413
-3.232
-2.053
-1.863
-1.941
1.594
-0.865
-0.081
2.496
-1.489
-0.285
1.228
-4.310
-5.374
1.181
1.531
5.304
0.729
2.317
-0.119
1.063
4.351
-4.748
1.343
5.475
1.027
4.311
-1.160
0.273
0.430
-4.972
-2.454
-2.283
2.323
2.443
1.128
2.328
-0.044
3.235
0.371
0.489
-0.287
1.993
-0.661
2.693
-2.367
-2.287
2.000
0.137
-0.739
2.486
-1.107
-0.130
3.708
4.044
4.124
-0.327
3.304
-1.927
-1.827
-5.291
4.365
-1.724
0.046
-1.835
2.018
-0.552
-2.782
1.410
-3.091
-1.660
-4.707
-3.067
0.778
-4.365
-3.205
0.344
-0.955
5.131
4.751
-1.733
1.687
2.148
-1.084
-3.239
0.320
-0.065
-0.696
1.412
-1.452
-2.415
0.612
1.276
-2.474
2.577
-3.899
-1.037
-0.269
-1.177
-1.006
4.841
-1.692
6.209
1.399
0.571
1.493
6.422
-2.035
-2.339
-1.462
0.427
-3.792
0.404
4.415
0.713
-0.352
-1.134
2.506
-1.632
4.781
4.990
0.966
0.322
2.824
2.978
-1.584
-0.914
-2.824
1.332
1.950
-2.890
-0.742
-2.883
-1.807
1.672
-1.410
-0.372
-3.556
0.799
0.244
-1.400
-0.104
0.783
-1.606
-3.193
4.683
-1.170
0.118
2.776
8.820
-2.637
1.430
-1.348
-0.943
-1.379
-2.352
0.251
-3.189
2.622
0.482
1.364
-0.769
-0.531
1.040
-2.444
-0.509
-1.713
-1.787
-4.714
3.564
-1.298
3.142
2.915
-2.736
-2.262
6.495
4.552
0.274
0.968
-1.164
1.388
-1.371
-4.528
-2.822
0.401
-2.365
0.189
-2.229
-1.528
2.398
0.944
0.327
2.460
1.503
3.822
-0.754
-0.681
-2.773
-0.680
2.665
3.470
2.655
-3.956
2.950
-4.062
2.505
-0.533
2.036
-2.848
3.161
-3.166
-1.254
-2.045
-3.860
0.577
4.685
6.751
0.583
3.030
0.907
1.547
-0.471
0.818
1.640
-1.038
0.164
0.210
2.333
-2.208
0.226
4.939
3.144
3.588
0.409
1.120
2.755
4.095
-4.334
-2.807
3.493
-0.315
-1.262
-2.660
-0.982
-3.016
5.369
0.296
0.211
1.761
2.660
2.620
2.927
-1.164
-0.365
2.196
-0.916
0.338
1.307
2.234
-3.916
2.065
-0.211
2.048
2.215
4.209
3.598
3.582
3.815
1.049
0.427
2.445
2.107
-0.392
1.322
0.266
-1.699
3.447
0.482
5.267
-3.551
-0.986
0.428
3.080
1.309
1.095
-2.355
-2.427
1.124
-2.924
-0.927
1.552
-2.008
4.203
3.287
-3.421
-1.888
-5.136
-1.528
2.189
-0.643
1.456
-3.304
2.265
-0.982
0.379
0.127
-2.702
-2.417
2.673
1.308
2.870
1.129
0.693
-3.792
-0.299
0.284
5.037
1.999
4.037
1.784
-1.357
0.631
0.917
-1.904
-0.573
-0.144
4.203
-4.644
3.244
-1.898
-2.943
3.182
2.107
3.361
2.272
5.294
1.691
-0.026
1.173
3.334
-1.521
-1.215
-0.392
-4.701
0.681
-4.177
0.477
2.427
-0.795
4.375
-3.155
3.209
1.970
-3.768
6.856
0.197
-1.756
-3.027
-0.178
0.044
0.596
-0.365
1.870
-0.580
-4.294
-0.008
-5.332
1.199
-2.000
0.742
3.504
-1.927
2.897
-0.690
4.558
-0.526
-1.667
1.999
-0.696
-1.669
-0.797
0.243
3.571
-4.292
0.405
1.850
0.814
3.494
0.172
-0.093
1.772
0.588
-0.587
1.589
-1.216
-1.117
-0.917
3.597
-7.380
1.299
0.432
-3.684
1.093
1.492
1.765
-6.014
3.629
-1.421
1.998
2.129
-1.754
1.935
-0.575
-4.621
3.153
-1.510
-1.701
-0.617
1.003
0.213
1.665
-2.865
-1.432
0.072
4.905
0.077
2.955
0.443
-0.811
-0.242
-0.054
1.799
3.649
1.213
3.199
-1.965
-0.645
-1.388
1.105
-0.512
2.101
-1.884
0.453
1.998
-4.607
5.442
-0.330
-4.510
0.729
0.430
0.153
2.729
2.144
1.065
1.430
0.100
4.611
-3.200
0.685
0.506
2.302
-1.675
-3.835
0.726
1.025
3.925
-2.699
3.121
6.032
-0.557
-2.748
-0.627
0.384
1.703
-1.069
4.082
-2.325
-3.824
3.006
-5.109
-0.140
7.832
0.321
-2.340
0.212
0.228
0.736
1.939
-2.144
4.400
0.938
2.094
-1.158
3.437
-0.267
1.016
-1.889
-2.043
2.002
-0.715
-1.699
-1.194
2.027
-1.160
0.068
0.386
-4.252
-3.181
1.157
-1.419
2.886
2.670
2.076
4.717
0.151
1.907
-1.053
6.236
5.111
0.379
1.278
3.612
-0.003
-1.226
2.448
0.538
0.789
-1.652
-3.772
0.917
2.522
-0.192
3.797
-1.339
-2.181
0.189
0.152
2.198
-1.510
3.633
5.071
0.256
3.349
-2.186
2.931
2.863
2.422
0.313
-6.740
-1.190
-1.152
-1.998
0.643
-0.656
-1.629
-2.191
-1.367
3.042
-1.236
-0.886
-0.746
1.164
1.445
-6.957
2.802
3.797
-2.170
-1.984
-0.731
-1.464
0.887
-4.322
-2.333
4.044
-1.878
3.334
1.203
-3.992
1.875
0.068
-0.743
0.938
1.489
2.048
3.178
1.330
-2.952
-0.787
7.413
2.089
6.036
3.699
0.930
1.073
0.262
-3.821
0.393
3.256
-1.089
1.339
2.394
-1.833
-0.733
-2.093
-1.623
-2.740
-1.811
3.757
-1.847
0.654
-0.857
3.179
3.497
2.424
1.085
-0.205
-2.510
5.014
-1.473
1.943
2.893
-0.983
2.841
2.184
4.497
-0.776
-2.736
-0.863
0.851
0.490
-0.594
-4.232
1.479
5.084
1.464
1.812
1.724
1.303
2.586
1.299
-0.400
-1.560
-0.248
1.104
-0.409
1.104
1.404
2.350
3.429
0.537
-2.789
-0.478
0.456
-4.056
3.683
0.692
1.265
3.627
-1.162
1.728
0.086
-0.092
-1.503
4.347
-0.551
2.029
-4.150
3.182
2.875
0.584
-0.195
1.310
5.843
-3.882
2.227
-1.838
0.302
-0.245
-0.678
0.325
-2.372
2.820
-3.956
1.645
-0.434
-2.460
0.836
-3.387
0.445
-3.065
1.457
-1.868
-0.732
1.055
-1.504
0.211
-3.283
1.864
4.586
7.051
0.569
2.242
-3.924
3.957
2.213
-0.811
3.319
-0.261
-0.749
1.491
-2.202
2.802
-2.184
-2.170
-1.833
2.173
-1.130
-2.885
-1.104
0.273
-2.484
-2.414
5.417
-1.715
-0.425
-0.531
-0.661
1.841
2.626
-0.384
-2.618
3.409
0.121
4.503
-5.039
0.819
4.955
-0.498
-0.191
1.059
-0.991
-0.399
-0.461
-1.156
3.299
1.457
0.952
2.291
-0.284
-1.508
-1.096
0.354
-2.192
-0.851
-0.889
5.449
-6.307
-0.081
4.492
0.642
2.158
0.590
-1.252
-5.031
0.843
-1.511
-1.571
-0.848
4.538
6.122
0.871
-0.765
-2.475
1.474
4.629
-0.244
-5.360
1.958
2.715
-3.456
0.774
1.433
0.175
-1.548
2.788
-0.618
-3.214
-4.569
3.376
1.830
0.561
-0.707
-0.920
-2.232
-0.685
-4.738
-1.417
-0.396
1.814
0.254
2.258
3.588
2.890
1.479
0.378
-2.004
2.126
4.381
1.171
4.951
-3.311
-2.420
2.402
0.984
3.503
0.313
-1.733
-0.163
-3.328
-2.359
2.684
2.445
1.221
-3.781
-0.510
-2.590
3.174
-1.051
-2.256
0.422
-1.186
3.911
-1.414
-3.008
-4.817
0.276
-0.999
-3.079
3.204
1.951
0.282
3.624
1.940
-1.625
-2.144
2.313
1.301
0.757
-1.682
1.809
-1.463
0.105
3.823
-1.236
-3.425
-2.176
2.736
0.961
0.041
-0.872
1.515
-1.688
1.084
-1.405
-1.804
-1.180
-0.551
0.233
0.915
-8.502
-1.588
-0.590
3.962
-2.242
0.741
3.938
-2.801
1.296
-1.575
-0.861
-1.577
-1.406
6.883
2.377
2.994
1.531
-3.505
1.298
2.925
-1.698
2.667
2.040
4.795
-0.653
-2.284
-0.518
3.795
-4.038
-4.614
0.565
-0.712
0.369
2.619
-0.976
-4.145
5.257
-2.043
-2.192
2.999
-0.573
0.198
1.509
2.951
-0.450
3.998
-4.776
2.173
-1.665
3.643
0.691
-1.265
1.941
2.494
1.891
-2.121
-0.812
0.340
0.251
2.149
-4.486
1.152
-0.346
-1.662
-1.432
-0.165
-8.293
-1.333
-1.752
1.629
-1.583
-0.166
4.051
2.736
2.515
-0.850
1.653
-0.211
-0.121
1.333
-1.083
3.933
-0.034
1.834
3.843
2.826
-3.031
1.418
2.392
2.490
-2.322
-1.227
2.737
-1.478
-0.369
4.132
0.235
-1.394
-1.756
1.149
-2.850
-0.244
1.150
3.468
1.952
-1.364
3.178
-0.369
-2.616
-0.063
3.802
0.747
0.380
4.279
-3.085
-2.735
-3.528
1.244
0.750
4.053
0.934
-0.620
0.354
0.632
-3.662
6.855
1.598
0.854
1.826
2.053
0.013
-1.165
1.789
1.276
-1.594
3.756
1.054
2.102
3.691
0.403
1.111
2.294
-1.390
0.480
0.651
-1.945
5.912
-3.028
-2.765
3.504
2.062
-2.112
1.807
3.873
0.277
6.587
-3.788
2.015
3.150
2.489
-0.140
-0.347
1.416
2.308
1.796
2.846
-2.095
-0.197
-1.906
-0.577
2.787
0.609
6.606
0.814
0.493
0.605
-1.181
0.211
3.057
0.624
-1.554
-1.870
-0.730
0.527
3.215
-2.867
-0.418
0.696
-4.051
-1.651
-1.282
-1.560
0.811
-0.035
-0.983
1.377
4.485
4.284
-4.265
1.735
-0.077
0.722
-0.606
0.632
0.713
-1.039
-1.801
-0.727
0.912
1.788
2.398
-0.836
1.031
2.660
3.147
0.209
-0.180
0.809
-2.409
-0.115
2.137
1.891
-0.299
0.873
-1.629
2.038
0.163
-0.312
-0.518
0.199
-0.725
1.930
-0.599
4.173
3.867
-1.790
0.517
-1.212
-0.434
5.156
-0.388
1.215
1.649
-2.052
-1.702
-2.544
-1.776
-6.490
1.657
5.280
0.705
-3.049
-1.193
-0.751
-2.092
2.414
2.295
-2.423
2.090
4.014
4.916
7.227
-1.815
7.128
-0.500
-1.072
1.135
-1.047
1.308
-2.818
-0.223
3.435
0.213
0.690
1.491
3.160
-3.623
1.753
-0.294
0.750
2.894
-2.516
-2.080
-4.295
-0.968
3.543
0.061
-2.866
-0.816
-3.221
-2.350
1.283
-2.467
3.020
0.179
0.555
-0.318
2.205
2.230
1.154
1.705
-0.159
1.651
-0.461
0.355
-0.309
-0.747
-1.304
1.472
3.495
3.161
-2.666
3.444
-0.414
1.792
-1.825
0.691
1.103
-3.213
1.810
3.580
-0.069
3.614
-0.105
2.389
-4.975
6.155
3.939
-0.333
-4.383
1.041
-3.115
1.418
1.338
-1.909
3.040
2.283
2.692
0.371
-3.047
2.697
-0.299
-2.985
3.595
5.389
0.251
5.532
0.569
-0.563
-1.163
4.279
-1.522
2.115
-0.992
-0.755
2.823
-0.562
-0.622
3.069
4.184
1.897
-1.221
-0.875
0.542
1.120
-2.021
2.085
0.555
-3.768
-1.879
-0.860
0.175
4.884
0.922
-1.668
0.880
-0.495
1.129
1.743
3.252
0.292
4.284
2.529
-1.348
5.654
1.135
-1.654
4.317
5.337
0.271
-0.859
-0.064
2.065
3.417
1.719
0.594
3.945
-0.401
2.824
-0.341
1.384
0.077
0.216
-0.556
3.578
-1.409
-1.427
5.440
2.697
-5.374
-1.007
-3.999
-1.932
-7.182
0.021
-2.391
0.494
-3.550
0.549
-0.646
3.955
3.737
2.235
-0.434
5.115
-3.377
-3.019
0.149
5.760
-0.136
-0.090
-3.111
2.620
2.638
2.244
-1.160
-1.346
-2.753
0.551
-2.243
-2.476
-0.667
-0.824
-0.941
1.469
0.540
-0.342
0.789
-2.030
0.603
0.711
-3.257
2.740
-1.765
0.567
3.145
2.572
0.432
-0.520
2.624
1.969
-1.134
-1.558
-4.624
0.720
0.152
3.077
1.212
3.552
-1.324
3.082
-0.919
2.216
-3.151
0.914
-4.413
-0.291
1.407
-0.900
-2.171
2.381
0.102
-0.825
0.451
6.678
3.118
3.140
1.395
0.750
-5.401
-1.280
-0.803
-4.150
-2.428
-4.404
0.258
2.315
3.006
1.345
-1.962
-4.287
-3.866
-2.696
-1.783
-0.033
-2.084
1.164
-0.207
0.375
3.087
-2.483
1.355
0.316
-0.450
2.475
2.460
-1.922
-0.087
1.025
-0.305
1.754
1.025
4.748
-3.323
0.056
-1.830
1.800
-3.531
1.181
-1.162
-1.412
-3.122
-0.766
2.953
0.290
1.856
4.345
0.983
-0.991
1.471
-0.956
-0.861
-3.298
2.573
-0.576
0.787
-2.136
1.396
-1.479
0.010
2.457
2.248
0.297
-3.894
7.533
4.540
2.084
-1.458
0.077
-0.954
3.383
0.980
-1.532
-0.780
3.041
4.190
4.018
2.167
-0.256
-7.430
1.063
0.346
0.686
0.479
-2.833
1.688
1.867
1.988
2.622
1.800
-0.634
0.180
0.569
0.608
2.746
1.895
5.336
5.646
0.541
-8.858
3.318
-0.947
-1.574
-0.606
-0.722
1.819
-3.393
-2.237
1.174
1.845
1.890
-1.539
-1.998
-0.866
0.926
3.915
-4.564
-0.180
-2.848
-3.615
2.671
1.657
1.429
2.560
-0.801
-0.688
5.596
-0.242
2.114
0.365
-4.086
-4.557
-1.040
2.885
2.242
2.544
-2.019
4.228
-1.966
0.861
0.325
-0.067
3.563
-1.342
-2.889
0.398
-0.610
8.456
1.974
-0.632
-2.185
-4.163
-2.111
0.626
3.776
3.042
0.900
-0.426
0.995
-0.895
4.474
-0.104
0.143
-4.968
-0.119
2.358
-2.213
-1.452
2.253
-3.194
2.889
-0.927
-0.583
-2.347
1.257
6.254
2.226
-1.724
3.075
-0.410
3.649
2.286
-6.714
-2.060
2.617
0.714
-2.107
-1.171
-4.225
0.138
5.656
2.282
5.607
2.468
2.816
5.088
1.255
-0.099
2.828
3.839
-0.802
-1.382
0.683
2.346
2.265
-3.068
4.938
-1.189
-0.286
-1.816
6.826
0.931
-1.692
2.423
2.196
-0.101
2.367
-1.631
-0.833
-4.475
-2.827
4.688
4.289
0.508
4.341
-0.034
-0.234
0.486
0.050
-0.166
3.094
0.710
2.060
2.825
1.282
-1.979
-2.897
0.707
-0.061
0.560
0.311
6.551
-2.843
-4.426
1.148
-0.553
1.109
1.751
3.432
-3.267
-0.986
1.379
2.199
5.614
2.644
0.214
-1.787
-1.004
-1.072
1.923
0.967
-2.827
-0.696
2.456
1.194
1.715
1.269
4.253
0.917
-0.576
-1.848
0.949
-5.508
-0.092
-0.144
-2.925
-1.878
2.293
0.904
0.594
1.085
0.572
3.333
0.646
-3.150
4.262
1.239
-1.064
-2.658
1.300
0.069
4.128
-0.480
-1.660
2.500
2.571
0.755
1.973
0.260
0.911
3.146
1.851
-0.056
3.596
-5.326
5.275
-3.744
-1.155
0.252
-0.002
2.765
-2.189
0.976
-1.038
1.058
0.195
0.573
-0.970
-0.874
1.039
2.615
-1.086
-1.735
1.822
0.272
2.343
-1.824
-3.921
-0.929
-1.489
0.161
-1.178
2.128
-0.342
0.711
0.728
0.818
0.292
1.575
-1.560
3.709
-0.218
-2.798
0.801
-1.693
1.947
5.653
-1.538
1.148
-3.863
1.439
-1.776
-1.150
-2.293
2.107
2.768
0.406
-1.725
4.165
-1.451
-4.839
1.450
-2.301
2.723
-0.565
1.799
3.714
-2.551
-1.008
0.168
4.040
-1.230
-1.077
1.498
-1.035
0.716
-3.374
5.664
-2.885
-0.422
0.272
4.940
-2.830
5.111
2.167
1.351
-2.013
1.721
-1.386
3.390
-1.981
0.078
-0.983
-2.020
2.129
1.635
3.252
-3.922
2.904
6.363
-0.734
4.898
-0.282
-2.944
-0.384
2.866
-1.662
-1.091
1.774
0.357
1.753
0.921
1.501
-0.688
0.906
-1.876
3.442
-1.172
3.059
-0.211
0.835
-0.838
-2.088
-3.837
-2.183
-0.427
0.859
2.775
-0.720
-1.767
-3.113
1.502
3.670
3.389
2.054
1.883
4.424
1.147
1.901
-0.420
-2.919
-1.291
0.328
0.496
4.973
0.545
3.179
-0.694
-0.398
-2.840
-1.432
1.615
0.368
2.613
0.785
-0.496
5.506
0.125
3.141
-0.613
2.053
2.577
0.850
-5.301
0.394
3.303
1.616
1.420
-3.783
-1.379
1.337
1.335
3.265
0.002
1.324
0.389
-2.019
-5.064
1.384
0.767
-1.134
-3.536
1.861
-0.288
1.686
4.824
-4.789
-1.329
-0.153
3.842
-3.577
4.996
0.676
0.120
-0.125
-0.697
2.865
-2.214
1.179
-0.572
-1.479
6.556
1.356
1.822
3.081
-3.061
4.556
-5.671
-1.495
-0.752
1.746
0.875
-0.050
0.321
-1.997
-3.243
2.094
2.015
4.153
-1.546
2.013
-0.331
3.207
2.803
0.857
-0.465
2.656
1.903
-1.293
-2.837
-0.342
3.987
3.102
-2.320
-2.453
3.409
-2.376
1.572
-1.129
4.231
-1.499
3.094
0.794
0.955
-4.379
-4.937
-0.179
0.943
-2.350
-2.263
1.698
1.701
0.019
2.222
-2.468
-0.504
4.305
0.514
0.653
5.884
-3.008
2.261
4.344
-0.430
2.413
-2.007
-1.298
1.274
2.267
3.040
4.117
0.188
3.215
-0.472
2.515
0.848
1.420
1.366
-3.501
-2.348
0.596
-3.699
2.345
2.442
1.135
-2.341
3.662
5.239
0.703
1.575
0.834
1.623
0.063
0.267
2.524
5.979
-3.010
0.101
-2.483
4.171
-1.061
-3.114
1.882
4.536
1.943
0.842
1.332
3.746
-1.748
0.082
-0.736
-2.453
-0.438
3.009
1.710
1.896
0.702
1.606
-1.571
-0.393
0.811
1.016
1.118
0.018
-0.556
7.929
2.526
1.342
-0.210
-0.733
0.036
1.053
-4.163
-3.417
-1.179
0.847
-0.224
3.897
-3.208
-1.453
3.998
0.665
2.474
5.273
-1.315
0.112
-0.304
-4.341
-0.395
2.465
1.647
1.836
-0.551
-1.225
3.396
-0.844
1.056
0.742
3.858
2.681
-2.759
-2.500
1.739
0.196
-0.742
2.788
0.800
0.476
2.222
-0.550
4.114
-1.541
1.927
3.791
-2.956
-0.474
3.091
3.127
-0.062
-1.413
2.644
3.191
-2.445
-2.539
0.891
1.860
-0.368
1.980
-1.354
-4.725
-0.667
0.502
-0.312
-2.431
-4.008
-0.884
2.504
3.365
3.201
-1.608
-2.419
1.542
1.874
1.310
-4.484
-1.731
0.279
1.519
2.192
0.696
1.144
0.554
1.995
1.101
0.508
-0.294
0.545
1.513
0.992
1.264
3.573
0.986
-1.208
2.471
-2.929
-2.245
1.156
1.589
-2.638
-0.569
-1.105
-0.818
2.615
2.046
0.304
-0.960
-2.889
3.758
1.771
-1.346
2.077
0.181
-0.339
1.395
-1.430
-0.475
0.642
-0.849
1.956
4.836
-1.460
-3.646
-4.454
-0.011
-1.242
0.849
0.668
-3.498
-4.006
1.060
0.675
-0.672
-3.627
1.481
3.403
1.017
-1.684
0.457
-2.929
2.889
0.546
-3.894
-0.372
1.462
-0.449
-0.312
-2.589
1.710
-1.206
-4.825
-0.541
2.705
-0.579
4.521
1.380
1.163
0.042
0.186
-0.282
-0.375
1.624
-1.896
-2.232
-2.346
5.260
1.623
1.081
-2.188
1.846
0.070
0.864
-1.994
0.735
-0.667
-1.487
2.112
-3.340
1.705
1.993
-1.761
-1.619
-0.185
1.027
-0.017
1.391
4.581
-0.869
-3.766
2.332
4.390
1.293
-2.261
0.053
-2.334
1.893
-2.893
-0.370
-2.060
0.654
-0.529
0.774
0.404
-2.018
1.855
0.233
-2.022
5.728
1.493
-0.018
3.746
4.770
0.001
1.184
-2.021
-0.003
-0.128
0.794
1.149
1.694
0.920
-2.556
-1.902
-0.961
-0.327
2.872
-2.441
-0.508
2.637
-0.370
1.455
0.015
0.966
-0.198
1.951
-3.358
-0.522
1.062
1.631
3.933
-0.588
3.901
-1.232
3.539
2.312
-1.842
1.087
0.227
1.851
-0.186
-0.387
3.636
0.113
2.333
-0.191
4.350
-1.278
-1.124
4.009
-0.718
4.193
2.490
-0.021
-4.002
0.304
0.594
3.151
4.162
-1.294
2.273
2.187
2.926
1.547
-4.312
-0.023
-2.424
-0.136
2.702
1.082
3.105
1.170
-2.766
-5.700
0.707
-0.163
-1.995
-3.732
-1.413
-0.117
1.948
0.803
4.209
-2.135
2.465
0.464
2.017
-0.698
2.922
1.059
-1.281
0.321
-0.225
1.524
-2.481
0.280
1.299
0.429
3.583
2.208
0.332
0.870
1.060
1.318
-4.032
-0.374
-3.213
3.418
0.204
-0.114
2.502
1.364
-2.359
0.180
-0.454
-3.837
-1.307
-0.090
0.074
-3.207
3.114
0.105
0.440
1.312
-1.541
1.445
-0.531
-1.802
1.726
3.930
2.090
2.565
-0.900
-3.484
3.926
5.281
4.053
-0.456
-2.421
-2.208
-3.691
0.092
4.204
0.010
1.076
3.651
-0.620
5.235
5.131
0.035
-1.036
2.023
-0.484
-2.426
3.425
3.269
0.723
-2.681
-2.601
0.607
-0.850
-0.469
2.803
2.110
3.658
-2.027
-0.474
2.172
1.425
4.028
1.359
4.785
1.646
2.899
-0.426
0.384
2.536
4.221
2.100
0.150
3.656
-4.911
-3.063
1.986
0.384
1.803
0.505
1.720
-1.605
1.719
2.737
3.279
5.183
0.936
1.007
-3.306
-0.925
-0.113
2.871
-1.116
2.261
0.346
-0.075
0.947
-0.589
-0.680
-3.741
-0.245
-0.802
-0.888
1.350
1.931
0.907
2.739
1.731
-0.358
-0.761
1.101
1.727
3.705
3.209
-0.950
0.105
1.960
2.913
2.604
0.197
-2.660
-2.047
1.004
1.171
-2.287
0.457
1.865
-2.413
3.002
-0.556
3.368
-0.930
-2.114
-0.750
0.122
-0.582
-0.168
1.152
-0.061
0.191
-3.752
1.290
0.136
4.215
-1.905
-3.990
1.833
1.182
-2.070
-3.321
4.040
3.744
-5.620
-0.750
4.344
-0.793
-0.827
-0.329
-2.340
-3.741
2.876
-4.073
0.943
2.478
-3.133
-1.868
3.262
1.629
-1.131
3.235
3.246
0.996
-1.810
-0.642
1.037
-0.103
2.603
-3.321
-3.236
0.784
-0.830
-1.155
-3.893
0.397
0.223
1.918
0.515
0.032
3.175
-2.800
1.637
-3.661
-1.662
-2.560
2.227
0.193
0.318
-2.306
-0.369
-1.482
1.270
-2.029
3.542
-3.671
-1.586
4.375
-0.694
-2.806
0.876
-0.791
-1.656
-2.280
6.994
-0.254
-4.271
3.935
1.817
-1.490
-1.889
1.966
-0.243
-4.272
4.639
-0.692
3.939
3.418
-2.052
2.830
-1.213
-4.130
-0.669
1.304
-0.761
-0.387
3.095
0.606
-1.674
2.035
0.824
-5.702
1.378
1.290
0.398
2.490
-1.264
1.158
-3.411
1.327
5.037
-2.038
-1.474
-1.354
0.662
-2.201
1.361
2.382
1.632
-3.894
2.738
2.600
2.342
1.245
0.878
2.828
4.966
-1.937
2.938
0.143
0.039
-3.338
-0.333
-2.043
-0.763
-2.286
-0.727
-0.625
0.582
-3.525
-3.119
1.219
-1.564
2.929
0.891
1.806
3.736
-0.393
-1.029
2.442
1.573
-0.100
3.689
-0.159
0.429
0.401
-1.893
0.536
3.702
1.418
0.425
-0.038
1.144
2.149
1.812
-0.446
1.129
1.502
-2.067
0.754
-4.837
1.508
1.935
2.144
-0.598
1.092
3.767
3.743
0.280
0.684
3.016
-3.252
-0.425
3.555
2.690
1.236
-3.264
0.230
-1.066
1.144
-1.592
-2.112
-4.606
3.282
-0.609
0.727
0.345
-2.212
-2.672
-2.063
-1.386
1.230
-1.560
4.542
2.815
2.290
0.063
3.984
-0.173
0.275
0.758
2.034
1.879
-0.790
-0.929
1.886
2.067
-0.594
-3.459
-0.148
1.846
4.683
-2.525
-0.674
-0.585
3.604
0.266
-1.828
1.691
-0.621
-2.589
-1.793
4.512
1.272
0.609
-0.250
1.051
1.023
1.051
0.626
2.435
0.405
-1.997
-1.120
-4.400
5.214
2.421
-1.642
-0.326
-1.179
4.052
-3.058
0.625
0.090
2.334
0.100
-3.870
-0.253
-1.983
0.541
3.792
-3.825
-1.571
-0.976
-0.566
2.126
-0.067
1.348
-1.152
0.902
2.217
-1.408
2.225
0.476
2.859
-0.133
1.265
0.253
0.119
0.971
1.638
-2.649
3.791
-4.113
-1.294
0.124
1.340
4.133
-4.110
-0.868
-4.754
0.426
1.002
4.168
0.640
2.856
1.751
-0.695
-3.032
1.010
-3.231
3.458
-0.039
3.218
-0.803
0.995
0.852
0.242
-0.688
1.292
-1.873
-2.553
3.333
2.095
0.508
4.346
-0.293
3.524
0.771
-2.109
4.785
2.728
0.060
2.095
-0.619
2.340
-5.389
-2.098
2.700
-0.249
0.848
-2.882
4.785
3.207
-0.132
-0.621
2.821
5.108
2.639
5.562
-1.864
-1.617
-2.503
1.410
0.771
-0.015
2.292
3.308
-3.312
-1.083
2.318
-0.773
-1.566
2.794
-2.745
-0.374
1.139
-1.027
2.230
-1.015
3.731
0.048
1.961
2.140
-1.156
-4.578
1.216
0.523
1.684
-0.194
-0.683
5.170
-3.184
2.111
-1.029
-0.456
-0.411
-1.578
1.721
3.688
1.478
0.598
-2.017
1.590
5.525
-0.564
-0.552
-0.997
-0.825
-6.239
1.322
-1.679
-3.515
2.158
-2.247
-0.463
3.869
-3.032
-3.328
0.996
3.109
-3.428
1.328
1.744
-4.592
2.266
2.454
-0.398
3.356
3.077
0.597
-0.733
-1.985
0.260
1.717
-0.428
-4.924
3.395
0.807
-0.561
2.407
4.009
-6.375
1.392
-3.074
1.548
0.657
1.876
-0.848
-4.146
-0.731
1.326
2.787
-2.462
2.815
-1.205
1.220
-0.874
0.787
2.491
-2.595
-1.282
0.794
6.114
-1.722
5.246
5.161
0.116
-0.366
-1.311
0.186
-3.026
0.167
3.943
-1.117
-0.228
-3.733
1.248
0.985
0.503
-0.170
-0.353
1.555
0.281
1.106
0.866
3.046
1.975
0.813
3.994
1.359
3.482
1.807
-4.071
3.482
0.674
0.225
1.025
-0.478
0.895
-1.071
3.408
0.077
-0.568
-1.870
0.995
0.799
1.282
-2.115
-3.493
1.851
3.913
-2.113
4.165
1.031
0.333
-0.604
-2.973
2.721
-1.511
-1.522
2.731
-4.169
-3.307
0.306
1.054
1.513
-0.374
6.423
-0.197
-0.204
-1.563
0.647
1.826
3.239
-3.224
-0.240
1.422
1.759
0.366
1.652
-1.592
4.089
2.732
-2.878
-2.230
-2.163
1.977
-2.733
-0.444
1.441
0.191
0.971
-2.208
1.778
-1.122
-0.429
0.921
0.597
0.408
-1.452
-0.369
0.355
-2.950
-0.760
1.280
-2.716
3.126
3.397
-2.638
3.608
0.005
1.354
-0.842
2.565
1.325
-1.604
-2.446
-3.155
0.801
1.724
1.912
0.067
-2.427
-1.287
3.116
-0.813
0.694
-2.232
1.158
-0.748
2.862
2.207
-0.840
0.046
-0.973
-3.057
-1.708
0.826
1.131
0.707
-0.374
2.589
0.503
2.038
-3.907
-9.064
1.031
-3.069
-0.160
-0.375
4.160
1.310
0.748
2.359
1.234
-0.748
2.922
-2.313
1.126
-3.364
0.839
0.813
4.373
-3.406
-1.092
2.324
1.155
0.783
-1.945
-1.068
3.338
0.226
1.251
0.074
-2.489
2.591
1.558
5.884
-2.087
2.324
-2.798
0.728
2.694
-4.623
-0.142
-1.002
-1.335
1.275
3.040
0.030
0.843
0.624
0.354
-2.264
3.010
1.058
1.298
-1.586
-0.752
-0.073
-3.332
-3.701
-1.092
1.604
-1.218
-2.095
-1.605
-0.743
-0.499
5.547
2.881
2.809
3.155
-2.047
-2.584
-2.306
3.553
-0.963
-2.653
-0.684
-0.223
0.994
0.952
-1.638
1.996
-1.184
-0.025
1.998
-1.190
-1.016
1.770
-1.709
-0.574
1.684
5.280
1.803
1.484
1.624
-2.226
0.627
0.279
1.122
0.630
1.261
-0.398
0.491
-2.597
-0.418
3.688
1.115
0.300
4.901
-2.916
-2.313
4.461
0.460
-0.232
-2.528
1.424
1.657
-2.277
0.013
-0.455
0.964
-2.336
3.355
2.548
-0.522
-0.169
0.023
-1.518
-0.714
-0.299
4.221
2.622
2.593
1.238
-2.332
0.250
2.679
-2.670
1.878
5.924
2.898
3.744
0.874
2.673
-1.373
2.260
1.921
1.046
3.508
-0.943
-0.099
0.579
-2.121
0.895
-3.775
2.863
0.462
-0.900
-1.652
-0.213
2.002
1.665
-1.343
-1.680
1.927
-1.384
0.494
0.647
1.099
2.410
-2.681
-4.237
-1.012
4.674
5.203
4.745
-0.113
-3.927
-5.273
-1.124
-0.125
3.472
2.433
0.896
-1.786
-1.956
0.960
2.023
1.291
-2.133
1.912
1.372
-2.220
-1.532
2.002
-0.213
4.164
1.553
-0.818
0.326
0.502
-1.398
-1.840
2.033
2.379
1.799
3.987
-0.950
4.368
-1.812
-2.080
-3.874
-0.720
-0.859
1.612
0.935
-2.513
-0.593
-0.542
-3.912
-2.004
-1.500
3.791
0.809
1.939
-3.247
3.216
3.473
-4.446
-1.343
1.540
1.897
-1.278
-0.383
-1.084
0.615
3.223
-1.501
2.752
-1.526
-1.684
2.315
2.563
2.393
-2.808
-0.768
2.325
0.450
-2.227
1.450
-1.366
4.657
4.058
1.800
3.616
0.505
2.187
3.897
0.939
-0.262
-3.741
0.150
2.326
2.620
1.560
-0.949
-4.394
-0.839
-0.380
-0.401
1.835
5.116
0.646
-0.170
-0.272
0.649
-1.638
0.638
1.432
0.853
1.448
1.391
-3.903
1.878
-1.260
-2.280
-2.301
1.390
-0.184
-3.687
1.497
-3.105
0.686
0.922
2.475
4.626
-2.925
0.224
-0.313
1.391
0.868
-0.496
-0.708
-2.329
2.721
1.452
2.553
-0.395
-1.226
-2.238
1.211
-2.146
4.787
-2.788
1.007
4.110
1.788
0.772
-1.974
-2.966
2.198
3.965
-0.703
-2.384
-5.550
-2.004
0.077
4.188
1.966
1.082
-0.610
-1.050
3.724
0.832
-4.696
-1.266
-1.710
-0.961
1.701
0.092
0.166
3.502
-1.322
4.824
-1.261
0.564
-0.325
0.646
1.417
1.391
-1.457
-2.345
6.358
-0.812
2.028
-3.508
-0.321
0.045
1.485
-6.184
0.749
-2.409
1.128
-2.137
-1.703
-0.307
-2.176
-0.791
-2.514
-4.050
2.793
-2.761
-0.079
2.157
-1.126
-1.630
0.893
3.033
-2.456
-0.010
-3.808
-0.594
0.432
-1.701
-0.747
-3.030
0.535
2.884
-2.283
-1.144
1.556
3.259
-3.234
-0.055
1.030
0.105
-5.594
1.553
3.996
0.630
-2.125
-0.882
4.598
2.534
1.886
1.205
-1.237
-0.131
0.163
1.669
3.971
3.034
-3.057
0.888
2.118
1.835
-1.160
7.344
-2.715
-2.250
0.911
5.430
-1.657
-0.288
2.936
0.307
-0.453
1.708
1.004
2.823
3.450
1.087
1.050
0.864
1.524
0.482
0.349
3.222
3.989
-3.268
0.374
-1.303
-0.396
1.316
1.957
0.081
-4.242
-1.966
2.502
-6.227
3.200
1.601
3.509
-0.127
-4.597
1.383
3.409
2.569
-1.240
0.558
-0.929
-1.616
2.643
-2.524
-1.795
-2.300
-3.227
0.701
3.138
-0.094
-3.264
2.366
4.396
-1.201
-0.799
1.588
4.242
-0.898
-2.848
1.865
2.268
0.365
-0.990
2.737
1.617
-1.494
0.468
-2.894
1.996
-0.279
-0.696
0.271
0.447
2.498
1.769
-0.025
2.183
1.312
-0.674
0.051
-0.006
1.563
-0.531
-0.587
5.075
2.605
-1.475
1.720
0.634
1.290
0.680
3.205
1.179
0.201
2.851
0.910
0.642
1.104
0.125
0.372
-1.058
-1.453
-2.047
-2.991
-1.761
-0.068
0.597
-0.301
-5.304
4.129
2.958
1.420
4.928
-1.996
4.880
-1.967
0.923
-2.707
0.385
1.277
-0.021
2.063
0.588
-0.904
-1.010
2.296
-1.219
2.547
3.285
-3.655
3.069
5.295
0.955
1.788
2.839
-0.311
0.787
-2.804
0.683
1.545
1.589
2.907
-1.510
-0.928
4.899
-0.011
0.830
0.189
-1.622
4.246
-0.916
-2.355
-0.732
-4.454
-1.213
-1.974
1.832
-1.266
2.481
3.706
2.225
-0.167
0.689
-3.310
0.029
-1.715
2.016
6.525
1.550
-4.429
-0.517
0.644
0.560
-1.404
0.939
-2.632
-1.918
1.900
-2.088
1.642
-2.937
4.586
-1.508
-0.187
1.143
-1.007
0.694
1.731
2.655
2.250
-0.062
-0.002
5.988
2.630
-1.862
0.590
-0.454
0.025
-2.601
-0.639
4.698
1.740
-5.629
3.270
2.965
-0.512
2.071
-1.713
-0.779
3.947
-0.302
-4.137
0.198
0.161
3.226
0.384
-0.662
2.858
0.640
-1.450
3.122
0.815
0.357
0.777
-2.220
-0.916
0.359
-0.117
3.404
0.872
2.402
0.373
2.885
1.304
0.382
0.318
-1.941
1.567
0.254
-0.855
3.006
-2.651
-0.664
2.817
1.107
0.235
0.952
0.781
-3.290
-0.488
4.230
-1.232
-0.414
-0.950
0.141
-1.049
1.518
0.824
2.207
-2.172
-0.467
-0.192
1.444
-1.554
2.548
3.197
-2.023
-0.828
-0.927
6.668
-0.682
4.376
-2.690
-2.025
-1.298
-1.680
-0.293
-1.351
-1.616
3.130
3.287
2.628
1.608
0.573
-0.843
-1.938
1.221
-2.467
-2.035
3.117
4.912
1.294
3.005
-0.240
-2.860
1.819
1.716
0.522
-0.232
2.659
-2.016
-1.507
-2.069
0.554
-2.261
-1.292
-1.344
-0.275
-3.220
0.559
3.344
0.675
4.049
3.552
2.217
0.529
0.404
2.183
-0.590
-4.168
1.531
-2.365
-1.959
0.351
0.122
-3.039
0.747
2.669
-2.358
3.404
-3.394
5.432
-0.637
0.699
-4.191
0.201
0.898
0.143
-1.001
-1.922
3.063
0.424
4.048
-0.914
-0.694
2.307
-3.545
-2.562
2.984
-2.463
-4.016
4.834
-2.995
0.792
0.516
-6.396
-0.292
1.426
1.200
2.518
-0.580
2.060
-1.304
-3.035
-2.765
-3.159
2.773
-3.285
1.008
-0.288
0.104
3.623
-0.702
1.818
0.440
-0.015
5.870
-3.109
3.444
1.925
-0.801
4.260
-4.085
-0.902
-2.550
1.339
-2.321
1.389
-0.097
-0.800
1.283
-0.295
-2.263
7.073
-0.819
-4.972
-1.671
-2.691
2.333
1.122
1.307
-0.538
-0.320
-0.540
0.155
2.355
1.157
1.550
1.549
2.473
1.042
1.211
3.203
-1.246
-1.704
-2.496
0.789
-4.099
1.459
0.088
3.073
-1.263
-0.138
3.043
3.670
-1.282
0.786
1.057
1.247
-0.280
3.425
-4.185
-0.661
1.425
1.447
3.597
3.226
-0.335
3.470
-1.364
2.584
4.695
3.266
0.604
-0.446
-3.319
1.095
-2.327
-1.554
-2.508
-0.755
0.283
1.007
-1.091
2.916
-0.150
-1.541
0.893
5.063
1.154
-0.521
-3.316
-0.177
0.914
-0.580
-3.647
-1.691
3.841
3.792
-1.778
1.965
-2.479
3.720
0.939
2.629
-3.766
1.976
0.332
2.395
2.546
0.508
-1.092
2.221
0.206
-1.745
-1.858
-3.195
-0.875
2.996
0.777
-0.921
2.282
-1.648
0.579
-0.081
2.220
-3.435
-1.690
-3.582
-0.273
3.257
-0.863
-0.876
2.442
2.915
0.137
1.993
-2.235
3.657
5.507
1.601
-4.652
-0.990
1.821
-0.662
3.403
1.762
-1.346
0.427
-1.795
-0.088
-0.981
3.169
5.428
-3.085
-4.266
-0.238
-3.294
0.461
2.147
3.936
0.833
-0.114
-4.398
0.413
0.521
1.883
-1.350
-0.694
-3.197
-5.149
-2.310
-3.419
1.158
-0.894
-0.942
-2.013
-7.408
3.970
-2.051
-0.640
-3.142
2.683
0.694
-1.633
-0.591
4.378
0.175
-0.086
-1.909
-4.197
-0.034
1.131
2.989
-5.046
-2.350
-1.044
0.342
0.002
0.058
1.329
-1.818
2.592
1.390
-0.418
4.192
4.085
2.589
-6.895
4.139
2.257
5.165
3.320
4.138
2.459
3.587
5.136
0.870
-3.423
-0.388
1.286
0.530
-2.642
-3.565
-1.429
2.289
4.143
2.550
2.888
0.156
-3.831
-0.743
-0.271
-0.843
0.481
1.409
2.397
-0.317
-4.219
-0.809
0.455
3.285
-1.013
1.580
1.046
0.455
2.583
-1.236
-1.030
0.321
-1.186
1.569
-1.362
0.893
0.110
0.866
-0.753
-0.464
0.580
0.835
0.340
4.443
-2.028
0.196
-3.427
1.243
-2.327
-0.318
-0.543
1.024
-0.977
-1.079
3.796
1.033
-0.997
-0.252
4.299
-0.214
-1.304
-1.294
-0.968
-1.077
-2.721
-2.348
-1.640
1.770
-0.565
-0.147
3.398
3.458
-0.327
-1.164
-1.725
2.013
-0.141
-0.578
-1.603
-1.497
1.118
-2.807
2.738
-0.931
-0.009
-2.859
0.320
-0.438
0.230
3.882
0.776
-1.557
-1.357
1.778
3.467
1.027
2.003
1.813
3.756
-4.329
1.951
2.711
-2.863
-1.776
-1.692
-1.399
-0.806
0.932
2.428
2.945
-1.661
-1.677
3.508
1.902
0.549
1.486
0.278
1.609
-0.457
0.995
-3.275
-1.301
-1.275
-0.549
-1.874
-0.931
-3.285
1.667
0.152
-3.742
-1.654
1.158
-0.953
-1.323
0.171
1.175
-3.097
1.670
-1.571
0.307
0.265
-0.915
-2.107
-0.336
4.251
-2.918
4.412
-0.273
0.435
-2.258
-1.501
-0.857
-2.160
-0.151
-0.627
4.792
-2.448
0.596
0.945
-2.219
1.998
-0.606
-5.632
1.934
-2.331
-2.165
2.001
-0.483
2.553
3.254
-1.198
2.254
-1.463
5.709
-1.313
2.813
2.375
1.109
-1.259
-0.013
-4.819
0.889
1.189
0.670
-6.786
-2.688
-1.445
1.050
1.044
-0.059
1.875
-2.113
1.815
1.489
1.256
-0.087
4.744
1.534
-1.974
0.946
2.156
-1.061
2.964
1.267
-5.272
1.069
-0.624
1.639
2.616
0.818
4.347
-0.079
1.850
2.282
0.116
2.219
-1.077
-0.664
-2.800
0.929
1.131
3.180
2.249
-0.334
-2.478
1.389
3.016
2.162
2.953
-0.159
-0.770
-1.419
0.216
0.161
0.846
0.040
0.029
-1.514
2.610
0.534
-0.069
-1.444
-2.847
3.489
1.681
-3.547
2.182
2.564
0.649
4.185
0.870
-3.050
1.226
0.938
-1.098
1.727
-3.652
2.727
-1.757
-2.014
0.077
1.389
0.743
-1.432
-0.865
-2.369
-0.189
2.930
0.340
2.413
3.843
-1.061
-0.098
5.561
3.816
-3.664
1.279
0.351
2.333
-1.438
-1.665
-1.273
-1.023
2.307
-2.485
-1.144
-3.944
2.767
3.400
-0.435
-0.365
1.438
3.889
1.331
-1.324
-3.535
-2.326
0.526
-1.223
0.818
-0.977
-2.190
-2.475
4.100
2.484
4.503
1.646
-0.682
3.526
0.271
0.880
0.247
-6.723
4.201
1.528
1.142
0.202
0.742
-1.083
1.830
-2.787
0.797
1.698
-0.127
1.240
-2.029
-1.968
0.918
1.979
-4.150
1.603
-0.954
-0.113
-2.865
-1.694
2.669
0.429
-0.569
0.070
1.524
1.407
0.170
2.973
2.679
1.342
0.481
1.928
1.104
2.896
2.509
-2.094
-2.256
-1.333
2.693
-3.433
1.297
1.220
3.140
0.783
-2.874
-1.952
-2.487
-0.941
-0.089
-2.447
3.880
-2.831
3.581
3.194
2.506
-1.315
1.172
-2.716
2.536
0.172
-0.632
-2.587
-5.596
-2.142
3.021
-0.617
-0.056
1.923
4.684
3.530
-1.984
-4.312
6.013
5.796
0.802
-2.699
2.662
0.091
0.079
2.497
1.152
-2.496
-0.429
1.937
1.575
0.979
2.590
-0.518
0.779
-7.751
-0.729
2.183
-0.587
-0.769
-2.149
2.758
1.666
2.331
-3.793
-0.035
-0.322
-0.323
-1.128
-0.481
2.389
-4.241
4.616
1.511
0.248
2.526
-3.134
-1.245
0.059
3.627
0.238
1.430
-1.065
1.518
4.375
2.739
0.155
1.971
1.736
1.566
3.019
3.001
0.045
1.891
-0.569
-1.865
-0.297
0.167
-3.638
2.415
-6.292
6.866
3.955
-0.276
0.373
1.077
-1.064
0.812
0.004
0.124
0.786
-2.802
0.445
0.742
0.659
-0.168
3.081
-0.499
0.896
3.464
0.159
0.865
0.119
3.320
-0.269
3.430
0.101
-1.713
1.980
-0.381
1.839
-6.201
0.362
-0.753
-2.202
-0.978
-1.027
0.235
-2.932
1.109
3.629
1.024
2.292
2.977
3.318
4.838
-0.848
-1.374
2.230
2.050
2.212
4.884
0.377
1.373
-2.003
5.475
-0.458
-0.390
-0.482
-1.198
-1.401
-0.907
-2.928
-1.535
5.028
2.116
2.572
3.175
4.752
-3.901
-2.602
-1.579
-0.777
-0.371
-0.723
0.876
0.435
-1.385
-4.871
-2.033
-0.968
-0.243
-2.361
-0.828
-2.364
0.048
-2.225
-1.687
-2.791
-0.018
-1.729
2.526
1.324
0.182
-1.564
1.263
2.008
0.692
4.199
1.453
2.543
0.671
1.972
-1.562
-0.750
1.188
1.171
1.568
2.991
-3.070
-1.989
0.901
-1.388
8.457
1.588
0.162
-0.887
-0.802
0.422
0.619
-0.746
-0.306
3.576
3.673
0.955
-2.869
1.642
4.080
3.637
2.113
3.764
0.478
1.857
-1.284
1.051
3.541
-1.065
-1.717
0.584
-0.194
1.908
-0.738
4.474
-2.745
3.359
-1.486
-3.960
0.921
-0.261
-2.313
-3.685
0.330
2.692
1.754
0.486
1.499
0.285
-3.081
-3.060
-0.138
-0.036
2.392
2.168
1.802
-0.323
-2.964
1.339
1.610
-5.382
-1.652
-1.309
0.634
-1.578
0.258
-0.155
-0.032
-1.369
-1.184
-2.243
1.262
1.721
-1.499
4.000
-0.405
4.022
-1.191
-4.514
1.315
0.947
0.433
-1.191
0.267
-0.877
-0.376
2.370
0.792
1.814
-0.206
-0.471
-2.418
-0.538
-7.621
-1.067
0.154
1.703
-0.295
1.184
-4.881
0.214
-3.681
-2.550
-0.099
3.413
1.241
0.394
0.303
-1.363
-0.956
1.376
-2.975
1.773
-0.582
2.331
2.657
-3.665
-1.046
-1.703
-4.001
-2.128
6.209
1.813
4.951
2.340
-1.430
-0.566
1.762
1.400
-1.036
-3.274
8.241
0.011
-0.432
0.622
-0.233
0.645
3.439
0.051
-2.441
-0.038
-0.765
3.767
3.161
0.608
-2.719
-2.592
0.386
1.157
-0.549
-0.802
-1.073
0.294
-5.369
-2.293
-1.155
3.248
-1.603
0.783
0.894
3.465
3.380
0.212
-0.791
-1.243
-0.229
-0.692
1.679
1.359
1.770
3.372
4.821
0.649
2.989
-0.494
3.194
2.898
2.770
0.576
-1.254
-2.997
0.254
4.029
-0.394
2.234
2.375
-0.331
3.509
-6.631
-2.585
-1.848
-1.617
1.157
1.046
1.296
1.781
-1.930
-2.574
1.301
-1.163
-3.419
2.681
3.698
4.087
0.799
1.852
3.638
-1.189
3.016
1.011
2.543
0.797
3.461
0.886
-3.212
3.835
-1.924
3.357
0.133
3.172
3.073
1.382
1.570
1.364
-4.483
0.634
-2.329
0.761
-2.393
-2.494
4.202
2.917
0.340
0.793
-0.245
1.718
-1.273
2.735
-0.257
-0.658
0.402
-1.069
1.139
-0.940
1.474
3.268
-1.376
0.037
1.457
-0.696
1.464
1.683
2.950
-1.104
-1.913
-0.388
-1.973
1.705
-2.438
5.949
3.460
0.380
2.432
-3.578
6.406
-1.067
0.061
-4.104
1.517
-2.305
0.594
-0.956
-2.237
-1.580
0.892
-2.726
-1.447
1.942
6.596
1.496
-1.851
-0.531
0.426
-0.489
2.517
0.872
2.529
-0.405
3.531
-0.050
-1.981
5.576
-4.030
-1.423
-1.155
6.370
4.686
3.935
-0.444
6.173
1.234
2.695
0.781
0.231
-0.254
-0.153
1.810
1.231
0.274
3.973
-6.770
1.574
2.073
3.103
0.194
0.849
2.716
3.929
-0.371
0.991
4.379
-4.748
-1.306
3.868
2.972
1.604
-0.727
-1.766
-1.069
4.065
-1.158
0.593
-1.459
2.373
-0.943
0.116
-3.690
-3.522
0.368
-2.830
5.402
-4.598
-1.570
0.390
-0.526
-2.300
-1.949
-2.028
-0.338
5.035
0.537
3.189
1.567
3.023
-6.370
-0.381
3.487
-1.022
4.580
3.911
-0.776
-0.858
-2.083
-1.161
-2.608
1.379
-3.145
1.799
1.857
-3.637
4.070
1.583
2.149
-1.471
1.844
3.053
0.113
5.155
0.456
3.088
1.053
1.755
-3.661
1.241
-1.414
-1.681
4.536
-0.163
-2.058
-0.512
-2.771
3.791
-1.320
1.620
3.605
-0.850
1.627
-2.122
6.220
2.597
-0.112
-1.505
0.076
-0.466
5.037
-2.591
0.674
0.306
0.068
0.089
0.071
2.445
1.812
1.355
-6.932
1.070
-3.624
1.901
3.889
-1.873
-0.278
-1.088
3.315
0.578
4.498
1.343
0.932
0.514
2.313
-3.820
0.555
0.182
2.091
-0.100
-2.143
0.368
-2.249
-4.271
2.095
1.740
1.471
3.477
-1.246
-3.085
0.182
-0.484
-1.672
0.158
-1.118
-4.056
-0.709
-2.377
0.906
-1.224
3.018
4.199
1.981
-3.372
3.962
4.132
0.395
3.525
-0.974
-4.129
-1.475
4.500
-3.229
0.349
0.432
-0.881
-0.714
0.523
-0.999
-3.063
0.866
2.926
2.437
-1.593
-2.653
-0.332
4.113
1.899
2.040
2.486
1.360
0.639
1.940
-0.961
-3.045
2.085
3.321
-2.334
2.323
4.384
0.345
-1.613
0.645
-0.971
-1.130
1.390
-3.499
-3.115
0.396
0.296
1.175
4.851
0.601
1.786
-1.991
2.193
-0.913
0.521
0.089
2.829
-2.794
-5.130
-0.162
1.474
0.715
3.307
1.400
-1.003
-5.231
-0.220
2.817
-0.591
0.418
1.361
-2.087
1.846
4.279
-0.065
-2.360
0.190
-4.989
1.159
1.435
4.372
-0.116
1.330
-1.717
-0.505
-3.310
-0.117
-0.383
1.068
-1.147
0.550
-0.450
-0.446
0.543
0.447
2.177
0.060
-0.490
-0.084
-1.365
-0.514
5.225
-1.840
-0.319
-0.580
-0.243
-0.445
1.020
-3.754
2.839
1.868
-2.633
-5.096
-1.995
-0.232
6.543
1.654
-3.988
-1.305
0.222
0.959
-2.805
0.026
-1.372
-2.299
0.973
2.207
2.368
1.729
-0.844
2.065
1.092
0.671
-1.118
-0.843
0.527
6.206
1.073
-1.117
-1.648
-0.830
5.576
-0.608
2.526
-0.552
0.977
2.250
-1.023
-1.189
4.331
2.713
2.248
2.239
1.453
5.193
0.455
1.735
-3.132
-1.630
-2.532
3.408
-5.776
-0.616
-6.835
-1.645
-0.828
3.674
1.302
-1.650
2.908
0.393
0.440
-2.536
-2.026
-1.630
0.462
0.537
4.056
1.274
-6.148
0.980
-3.130
-1.968
-1.599
-1.242
-2.950
0.838
-3.036
1.206
5.719
-2.840
-0.333
-5.706
-0.372
1.893
2.080
0.536
2.484
6.461
4.460
-0.904
-3.133
-0.625
-1.923
1.433
-2.485
0.175
2.361
0.108
-1.921
3.170
-4.160
-0.437
0.250
0.388
0.783
1.815
0.265
-0.533
-0.628
-1.118
2.240
-1.202
2.382
0.396
-0.901
1.834
-1.396
1.882
0.861
-1.081
1.619
1.662
3.128
2.669
1.529
-2.356
6.227
-3.019
2.628
1.385
-2.468
0.052
0.161
3.483
-1.362
-0.279
-5.257
4.513
-2.219
1.135
0.107
0.115
2.294
4.361
0.954
1.922
1.139
2.792
-0.761
2.931
3.015
2.948
-1.234
-0.054
0.925
-2.940
4.178
0.321
1.031
-1.035
-2.835
-1.100
0.876
1.966
0.738
1.182
-0.459
1.541
3.909
2.041
2.293
1.056
-3.258
-2.157
1.442
0.324
1.406
4.373
2.092
3.371
0.577
-1.587
0.211
-1.581
4.090
2.247
1.599
3.316
-4.498
1.762
-2.796
0.333
-0.398
1.938
0.898
3.578
-1.095
2.052
0.739
-3.575
-1.855
-0.010
3.020
1.463
-2.452
0.013
5.193
0.617
-0.436
1.530
2.182
-0.745
1.556
-0.439
2.076
0.757
1.507
-1.472
-1.621
2.619
0.159
1.034
-0.385
2.507
-1.109
0.025
2.236
3.165
-0.907
5.053
1.102
-2.153
1.236
-0.569
1.392
0.247
0.528
-1.838
2.726
-2.425
-2.311
1.232
4.197
-0.496
2.032
2.926
2.305
-0.397
-2.269
-4.948
-0.281
3.177
-2.348
2.031
-1.930
0.605
2.049
-1.233
0.759
-0.646
2.042
0.915
0.486
4.090
1.940
-1.307
0.144
0.168
0.543
6.409
1.240
-4.536
-0.953
-4.288
-0.442
-4.420
-1.742
-3.300
1.272
0.351
1.077
0.099
-2.996
1.582
4.963
1.332
-0.672
-3.077
-1.829
1.437
2.925
0.976
2.270
2.048
1.566
-1.230
0.767
-1.686
0.392
1.144
4.379
-2.793
1.506
3.905
2.171
2.349
1.760
3.466
-2.260
-2.976
0.335
-4.837
3.304
3.280
-0.690
-0.540
0.176
0.475
0.655
1.690
-0.064
2.614
1.420
-1.107
3.554
-2.910
0.129
2.671
-1.385
1.093
1.654
-1.715
0.176
-0.026
-0.974
5.874
-1.481
2.762
-0.593
-2.258
0.597
1.908
2.559
4.099
7.419
0.951
-1.241
1.437
-0.289
2.572
-2.763
6.034
2.405
-3.692
-1.352
2.309
3.173
-2.703
2.061
-4.324
0.136
3.019
-0.974
-3.267
0.701
-1.101
1.861
-1.775
-1.504
-4.500
0.758
-0.036
-2.502
0.815
2.815
-0.167
0.994
1.006
-2.540
5.286
-0.780
1.925
2.196
0.015
1.806
0.940
-3.052
-0.447
-1.120
-0.758
-2.780
3.053
4.195
2.697
3.399
-0.477
-1.177
-1.519
1.896
0.895
0.165
3.458
1.322
-1.663
-1.284
1.987
2.850
1.674
4.903
4.274
1.408
-1.663
-2.794
-0.580
2.158
4.734
1.352
3.155
-0.239
1.845
2.326
-4.401
-0.642
2.629
1.009
-2.522
-5.482
-0.528
0.178
-1.771
0.693
1.565
1.960
-5.304
-2.804
-0.381
1.723
1.524
1.482
-0.570
-0.436
-1.398
2.194
-1.859
2.390
0.849
0.242
-1.226
-2.903
-1.204
-0.442
-5.336
-0.124
2.568
1.711
-0.841
0.463
-0.985
0.707
4.046
2.674
1.600
-0.833
2.150
-3.699
-0.256
1.751
2.127
1.958
1.058
-0.120
1.641
-1.937
-1.677
0.498
0.766
-4.031
1.442
2.205
0.165
6.049
-1.289
-0.517
-0.598
0.167
-0.439
-3.026
-0.962
0.116
3.299
5.635
3.555
-1.511
-1.320
-0.032
4.633
-0.047
-2.836
-0.853
2.167
2.006
-0.131
1.990
-5.106
0.599
2.416
-1.649
-1.657
-4.129
4.166
-1.378
0.929
1.799
3.979
-0.019
-0.945
0.765
3.432
-0.058
-1.942
-3.348
-2.581
2.425
-0.419
-1.108
-1.368
0.554
-0.225
-0.306
3.588
4.041
-3.514
1.136
-1.514
-0.246
1.092
-0.161
0.903
1.965
1.057
-1.202
-1.160
-3.105
-1.699
5.059
-1.551
-2.514
1.118
0.085
-0.119
3.732
1.668
-0.922
-0.669
-0.856
2.449
-0.390
-3.954
0.234
-3.339
5.592
-1.968
-0.038
0.970
-0.343
-0.346
1.362
4.013
2.192
3.898
-2.162
1.112
0.723
1.193
3.653
-0.180
-0.623
1.632
-3.918
-0.218
0.028
-1.859
2.887
-2.199
0.024
1.054
3.598
0.325
2.597
2.031
0.646
-2.265
-3.093
0.606
-0.952
2.556
2.140
-0.093
-2.429
1.576
-2.093
-1.470
-2.001
0.018
3.158
0.338
-0.714
-3.311
1.675
-1.523
0.632
-0.500
2.362
-0.027
0.209
1.516
5.407
2.482
0.137
0.358
-0.910
-1.930
-0.977
-1.503
1.918
-2.221
3.550
2.155
0.399
0.351
-0.987
0.998
2.961
-1.338
-3.330
2.038
1.128
-2.338
-1.410
-1.712
-1.389
-0.427
-0.290
-1.212
-1.470
-0.199
0.752
-0.409
3.131
1.569
-3.468
1.607
1.803
-0.693
-3.238
0.369
0.331
-2.342
-3.133
0.140
-0.209
-0.651
0.150
-2.297
-0.694
1.630
-0.490
-3.663
-0.784
-2.218
0.991
1.115
-3.631
2.172
-2.319
4.092
0.233
-2.641
-2.391
1.185
-0.589
0.118
4.221
-1.328
0.494
3.758
0.999
-3.506
1.563
-2.441
3.726
-1.625
7.477
3.872
-1.562
0.398
2.159
2.231
1.412
3.355
0.055
-0.530
-0.482
2.410
1.226
1.049
2.259
-4.573
1.094
0.875
4.355
-3.319
4.087
0.531
1.524
4.372
1.696
1.311
0.931
-0.810
0.282
-1.367
0.243
-5.256
1.380
0.058
-0.457
0.877
-3.091
4.980
0.103
-0.000
-1.967
0.407
3.679
2.836
2.401
1.661
-0.511
-3.130
-0.132
-0.216
2.867
1.093
4.220
3.224
-0.746
-3.958
3.675
3.613
-2.929
3.972
1.267
0.736
4.225
3.577
1.913
1.486
1.829
-0.610
0.218
-1.816
-0.449
-0.530
-1.175
0.678
-0.428
1.555
-3.544
0.078
0.666
-0.396
-0.064
-3.455
1.206
1.904
1.534
2.843
0.834
1.499
0.725
2.000
-3.435
-1.795
4.159
-5.555
0.014
3.163
0.126
-0.622
0.661
-0.497
0.424
-1.290
3.011
3.766
0.030
-2.978
-0.907
-0.092
1.563
-2.069
-1.496
1.576
2.603
-1.142
-2.850
8.232
2.230
-0.291
2.436
0.051
2.431
0.733
0.569
0.077
-3.124
5.001
-1.910
-2.914
-0.161
-1.958
0.226
2.001
2.739
2.305
-0.384
0.469
1.329
-3.869
1.719
-3.148
5.247
-0.621
-0.094
-1.497
-1.162
5.808
2.607
-3.368
3.960
3.214
-0.325
1.086
0.314
5.084
-1.561
0.700
-0.678
-3.089
5.610
-2.486
0.878
-3.828
-0.608
1.363
-1.629
1.758
-0.296
3.134
3.618
-1.058
0.534
0.790
1.836
0.385
0.807
-0.234
0.627
3.465
1.901
2.033
2.085
-0.019
1.115
-2.254
3.395
-6.329
0.141
3.088
-2.923
1.309
-1.284
-0.535
2.620
0.825
-4.532
-1.993
2.691
1.427
4.546
4.388
-0.471
6.358
0.409
-1.960
-1.171
-5.066
4.207
4.177
-2.087
-0.197
0.579
-1.955
-3.862
-0.155
-0.421
-0.582
0.885
3.781
-0.377
0.759
2.094
1.680
-1.125
0.581
1.664
-2.358
3.382
3.786
-1.385
0.815
1.891
-0.959
1.506
0.742
-3.173
1.452
-2.290
2.604
-1.261
-0.037
3.643
1.541
-2.241
-2.086
-1.088
1.297
1.210
-1.673
-2.451
1.026
-0.086
5.527
0.438
4.704
-2.459
-3.426
-2.338
3.204
4.565
-1.527
-0.755
-2.456
-3.998
2.074
0.885
0.375
-3.010
4.286
-0.858
1.631
-3.141
-0.107
1.049
1.135
0.721
1.537
-2.363
0.824
0.623
0.906
0.524
-2.706
-2.813
-4.964
2.312
2.336
2.375
1.086
-4.769
-2.114
0.759
0.675
-0.185
1.235
0.378
0.640
-1.184
2.707
-0.684
-2.844
-1.500
-0.486
2.736
0.249
-0.097
-2.647
2.235
-1.215
0.110
3.902
1.571
-3.558
-3.897
0.196
-2.561
1.907
0.451
0.747
-1.346
4.529
7.172
-0.319
1.197
0.584
-0.273
-1.647
-2.254
-2.375
1.323
-0.897
-5.838
1.418
0.258
3.582
1.245
-3.199
-5.001
-1.377
-1.150
2.614
0.329
3.071
-2.830
2.667
2.080
-4.494
3.524
0.574
1.291
-1.726
3.411
-2.496
2.347
2.319
-1.988
5.110
0.906
1.919
-3.315
5.433
-2.589
2.810
-2.037
-1.136
2.243
2.816
-2.701
2.967
2.858
-1.901
4.187
-3.146
-1.149
1.500
-1.699
0.983
0.929
-0.099
2.348
-0.198
0.906
3.102
2.248
2.236
-2.408
1.610
-1.758
-2.725
0.178
-1.820
2.247
2.305
-4.216
-1.638
-3.153
-0.760
1.442
-0.231
-1.065
3.470
-5.182
3.318
-0.956
0.163
-0.916
4.053
-2.604
0.378
1.616
-3.516
-1.858
-0.006
-1.778
-1.607
-0.490
1.909
-0.473
2.938
-2.045
-2.655
4.973
-1.229
-2.796
-3.831
2.930
-0.469
-0.259
-0.032
2.781
-0.081
5.976
0.671
2.898
2.283
0.263
-1.059
1.147
1.574
-1.024
0.749
3.317
5.318
2.400
4.821
-1.160
2.035
3.562
-1.801
-0.815
4.521
-1.990
-2.869
4.017
3.222
1.387
0.240
-0.702
1.027
4.142
0.923
5.551
-1.805
0.303
-0.545
-2.254
-0.017
1.352
1.608
5.559
1.465
3.110
0.509
4.377
6.106
1.625
-2.032
-0.967
1.027
1.446
2.026
1.454
0.367
-1.177
1.313
4.802
2.798
1.633
2.821
-0.541
-0.870
-1.445
0.049
-0.663
3.250
-0.791
-1.577
5.012
-0.733
0.718
1.433
-2.378
3.315
1.879
4.090
-1.280
0.588
0.444
0.983
-3.141
0.616
-3.074
1.210
-4.759
-4.094
2.315
-0.962
-2.021
3.400
1.136
2.443
-0.049
6.781
-1.101
4.537
0.203
-3.621
1.509
1.105
-2.173
-1.863
0.291
1.189
-5.580
2.877
-0.837
-2.846
2.609
0.293
3.269
1.401
0.346
-0.017
1.509
-0.642
-1.696
1.814
0.003
0.431
2.965
0.077
0.386
-1.089
1.384
1.190
2.512
-1.040
-0.749
2.251
0.955
-1.825
3.486
-3.726
2.232
-2.687
4.876
-3.357
3.115
0.154
-0.530
0.795
1.867
-1.821
-1.608
1.909
-3.748
-1.052
7.648
-1.973
3.105
-1.056
1.572
1.920
3.059
-0.131
5.123
-1.064
0.912
0.939
-2.343
-0.336
0.738
-0.687
6.208
-1.663
3.181
2.406
0.317
-1.727
-1.494
-0.893
-3.936
-2.058
-3.208
3.580
1.834
2.236
1.763
0.751
3.856
-1.116
0.606
2.143
-2.821
7.782
0.419
0.691
3.367
2.546
0.441
0.662
-3.260
-0.986
1.591
1.415
3.281
0.061
-2.979
2.886
3.797
2.506
-0.043
2.857
8.579
0.626
-2.798
-1.057
1.851
-3.502
0.757
1.263
4.034
3.494
2.425
-4.840
2.561
2.043
0.964
-3.803
-1.514
-2.450
-4.486
0.343
-1.565
6.651
-0.055
3.455
-3.416
-0.922
0.583
-1.830
-0.663
-0.173
-0.211
4.802
1.258
1.501
1.645
1.820
0.151
-0.420
0.750
3.126
3.053
-0.227
2.193
-0.117
0.431
-0.786
-0.086
3.569
0.572
0.675
-3.123
-0.392
-0.229
-1.640
0.402
-0.680
0.542
0.642
-1.944
-0.607
0.536
3.192
0.966
-1.239
1.308
4.448
2.550
1.664
2.091
3.806
2.932
1.710
2.915
-2.246
-3.255
0.727
0.515
-0.955
2.332
-4.121
-0.933
-0.814
-3.577
3.937
-2.912
-1.062
2.529
1.901
-2.310
1.988
1.045
5.949
1.319
0.011
-1.706
-1.436
-1.632
3.641
0.393
1.707
3.984
-5.310
3.419
0.483
1.394
-1.638
-1.462
1.523
6.073
2.758
3.387
-0.111
-1.090
-1.524
-0.822
-4.577
-1.390
-0.995
-0.071
0.666
1.220
0.314
-1.045
-4.362
-1.031
-1.984
1.469
2.532
2.603
2.167
0.030
-0.903
-1.443
-3.268
2.730
-0.069
-2.641
-1.634
-1.731
0.453
2.912
-0.485
-5.056
-0.104
-0.025
-0.190
-1.156
0.872
0.509
0.290
1.340
-0.682
-0.818
3.662
1.692
2.335
3.293
1.612
2.578
-3.440
0.840
-0.089
4.376
2.576
-1.163
1.245
0.752
1.440
-2.095
1.214
-0.198
1.028
-1.389
-1.054
3.167
-2.174
-1.997
0.226
-1.503
-1.774
0.602
-3.262
-2.069
5.280
1.453
-1.442
1.354
1.712
2.737
0.045
2.694
-4.542
-2.185
0.743
1.141
-1.838
0.973
-1.147
-0.315
2.809
2.531
-2.043
-2.187
-0.637
0.286
-1.229
2.848
1.184
1.325
-2.690
3.151
-6.418
2.352
2.592
-0.688
3.405
0.199
0.500
1.165
7.998
3.577
2.033
-1.841
0.695
-1.601
2.323
0.687
-2.349
0.545
-1.689
0.713
-1.712
0.416
2.151
0.223
-0.588
0.838
2.023
-2.307
0.976
3.512
1.727
0.489
1.885
1.436
2.159
-4.507
-3.378
2.762
-3.263
1.314
-0.495
-2.041
1.189
0.832
5.415
-1.150
3.806
1.196
-1.236
2.268
1.708
0.436
0.989
-1.083
-1.632
2.173
-0.187
0.158
1.022
0.987
-3.080
3.437
0.641
-0.136
1.384
0.918
2.191
1.641
2.073
3.592
2.471
-0.035
-2.345
4.353
-0.221
-0.785
-3.818
1.162
0.707
-3.286
1.438
-0.846
6.807
-1.016
-0.694
-1.749
3.417
-0.545
-1.390
2.047
-2.963
1.850
4.625
1.710
1.881
2.438
4.453
3.254
1.405
2.519
-1.776
2.213
-2.063
-0.531
-7.048
1.313
-1.195
3.017
1.286
3.048
-2.251
2.842
5.404
2.184
2.247
0.757
-0.909
2.177
-3.265
-0.653
-3.901
-1.339
1.891
1.563
0.472
0.759
-4.176
-0.544
-1.285
-1.232
1.789
-1.715
-1.101
-4.659
-0.356
-2.261
0.540
-1.933
0.601
0.003
4.363
1.543
-4.065
-2.686
0.482
-1.882
-6.774
3.589
2.079
1.600
-1.108
1.376
-1.340
0.842
-1.859
3.989
-3.419
3.307
0.443
-0.825
0.751
2.110
3.630
1.102
-1.788
0.484
4.710
3.584
2.531
2.260
2.029
3.131
-0.746
-2.902
0.516
-1.612
-2.182
-1.379
6.315
0.677
1.219
-2.584
-4.075
-1.616
3.802
1.152
1.787
2.123
-1.069
3.681
-1.169
3.725
1.412
-3.944
-1.445
-3.934
3.142
0.291
-4.998
1.252
-0.939
-3.211
4.377
0.607
-0.354
-0.609
-3.282
-2.781
3.434
-0.787
0.403
-4.556
-2.813
1.814
1.257
4.558
3.573
-0.204
1.485
-0.410
5.282
3.108
0.757
0.831
3.818
1.741
4.091
-4.915
1.457
-0.887
4.565
4.061
0.429
4.036
4.629
0.529
6.283
0.275
-0.165
2.428
-0.499
0.555
3.733
0.396
-3.718
1.232
-1.321
2.427
2.021
3.881
2.528
2.967
-1.256
2.280
5.074
-1.303
4.669
-0.968
-1.695
1.061
2.068
2.538
-1.958
1.393
-1.295
-3.223
-1.879
-1.452
1.602
3.115
-3.186
1.195
-2.474
1.860
-1.145
-2.173
2.269
-1.059
-0.408
-4.978
2.622
2.320
0.363
-3.316
3.252
-1.249
-0.738
5.899
-1.339
2.131
1.699
1.286
1.027
1.253
1.003
0.225
3.977
-2.800
2.801
2.324
2.026
3.031
0.128
-4.136
0.176
-2.029
-1.406
-2.632
-0.796
-1.082
-5.356
2.031
5.679
1.805
-0.137
0.219
-0.660
0.566
0.261
-1.669
4.389
-3.219
2.074
0.107
4.912
1.168
-0.514
-0.244
0.446
-2.393
-1.490
-3.934
-1.865
0.575
1.070
-4.400
0.021
1.702
-0.041
-1.171
-0.639
-0.948
-1.178
0.767
5.888
-1.435
-0.414
0.226
-1.300
2.986
-5.340
-0.925
2.314
-0.356
-1.620
1.408
2.525
0.856
-1.573
1.445
-0.615
2.138
3.910
-5.903
0.617
-3.816
6.210
-0.773
2.141
0.265
-1.577
-1.863
4.156
2.644
5.015
0.483
1.041
-0.291
-0.339
-2.151
0.552
-1.544
1.411
0.758
1.040
4.370
0.259
2.166
5.274
3.486
3.118
-0.386
0.901
-2.814
1.547
1.009
0.406
2.815
-2.549
4.274
2.514
0.180
-0.007
1.503
4.000
0.594
0.696
0.393
4.627
-0.535
0.279
3.862
0.703
3.079
-1.837
-0.143
3.913
-1.273
-0.013
0.966
-2.024
-0.643
0.620
0.462
3.423
4.049
-1.705
0.617
1.968
3.989
2.074
1.048
1.950
1.967
-1.877
0.813
3.852
-0.148
0.661
-0.232
-5.203
0.399
1.074
-0.880
-2.421
-1.763
2.184
5.084
3.668
-2.876
2.401
-1.242
-1.047
-0.759
2.045
2.652
0.115
0.155
1.464
1.713
3.173
-2.732
0.398
-2.213
0.228
-0.193
0.238
-1.569
-3.219
-4.677
0.035
-0.684
-1.272
3.524
-1.713
3.750
4.247
-4.332
0.572
-0.609
-6.638
-3.117
2.210
5.196
2.516
1.127
0.299
4.388
5.506
-1.058
-4.450
-4.686
3.523
0.237
0.790
-3.948
-1.458
-0.359
0.849
-0.607
-2.140
-1.533
3.250
0.937
1.819
-1.807
-6.739
-0.905
-1.730
1.188
8.236
2.018
6.916
1.715
-1.162
1.185
4.624
4.741
-1.031
0.958
-3.080
2.329
4.078
0.446
-1.252
1.214
1.352
0.545
0.779
-0.067
2.740
2.117
-2.009
-2.075
-0.260
2.118
0.705
-1.194
0.978
-0.444
2.463
1.149
-0.407
0.906
3.506
-1.017
1.316
0.181
1.375
-1.221
0.615
3.009
-1.899
-2.841
-2.749
-2.460
1.779
-3.024
-0.365
1.834
1.350
-0.575
0.808
0.607
-0.188
-0.156
5.715
2.292
6.304
-0.843
0.146
-2.847
-1.593
4.915
-0.903
4.956
-2.634
-2.178
-0.469
0.197
2.565
1.432
-0.649
0.030
-0.416
-1.845
-1.781
2.817
-4.038
4.232
-0.473
-1.504
2.125
3.915
3.032
1.554
2.958
-3.770
-0.902
-1.837
3.289
-0.570
2.379
1.636
-1.720
-1.059
3.455
-1.511
0.650
-1.528
-0.403
0.239
-1.529
-1.955
1.037
-1.677
-1.596
-1.904
0.163
2.615
3.966
-1.392
5.511
-2.061
2.951
-1.382
-1.740
-1.437
0.224
1.742
1.958
-1.916
-2.025
-1.850
0.083
-0.154
-1.930
0.997
5.780
-0.861
-0.690
1.693
-0.991
1.956
-1.375
4.747
1.177
-1.138
-1.063
-0.883
3.645
-2.695
-1.253
-0.998
0.312
-0.301
-3.229
-0.610
0.111
-1.157
1.998
2.557
0.162
0.903
-4.837
-0.661
2.762
-0.666
-1.419
5.816
4.716
1.472
3.083
-4.992
-1.540
-0.778
-0.216
-0.826
-5.770
1.276
1.655
4.195
-1.542
-1.738
-6.082
-0.355
2.513
-1.118
5.494
-0.266
0.703
-2.921
1.039
-4.400
2.015
2.089
3.612
-2.098
0.735
1.703
1.411
-1.727
-5.391
1.183
-0.016
-1.010
2.183
0.242
-2.816
-4.285
-2.360
6.093
2.085
0.803
-0.086
-0.244
3.151
-0.827
1.735
-0.486
5.006
2.131
3.339
-1.053
2.890
-0.400
0.614
4.274
-2.153
0.838
1.401
1.598
-0.732
5.357
-2.758
3.851
3.266
4.912
-3.462
-1.735
3.931
-4.155
-3.506
-0.822
0.811
4.171
-0.095
-1.110
1.097
1.477
1.409
-0.077
-4.342
-1.852
3.759
0.799
-0.424
3.034
-2.362
-0.191
0.681
-0.709
0.592
-0.100
-3.008
0.786
-2.838
0.747
3.648
-0.324
-2.462
0.045
-1.647
1.777
-0.005
4.453
3.141
-0.017
2.067
-0.594
0.431
-0.517
2.189
3.789
2.267
2.563
2.565
1.673
-2.384
4.432
4.681
-0.211
-0.540
1.820
1.672
-0.135
-2.650
1.084
1.673
2.092
1.188
-0.301
2.736
0.508
-0.766
-0.084
-3.840
-0.087
2.002
1.165
4.000
-0.281
1.520
2.253
5.973
0.697
-2.156
2.385
4.828
-0.424
2.369
3.299
2.791
0.651
-1.326
0.155
1.451
2.530
1.151
-0.562
1.683
2.414
1.261
-1.657
-0.085
2.625
-2.969
-4.674
3.969
1.577
1.806
-2.234
2.120
1.011
-3.452
3.768
0.731
-0.601
-0.557
-4.487
1.774
0.978
-0.116
3.418
-2.971
-1.082
-1.690
-0.319
0.512
1.382
-0.483
-1.756
4.396
6.138
0.694
-1.466
3.891
-3.122
-0.453
-1.321
-2.433
-0.322
-1.724
0.380
0.415
-1.141
-0.539
-0.204
2.294
-0.006
2.329
1.756
1.722
3.681
-2.337
-0.786
4.582
-0.268
-6.406
-0.137
0.674
-5.931
3.551
-1.363
1.139
-0.192
-2.742
-2.219
-1.894
2.956
-0.004
-0.902
-1.893
3.221
3.864
3.193
1.532
1.046
-2.568
-0.240
-1.291
-4.031
2.887
-1.320
3.220
2.466
1.686
1.821
-1.127
4.809
0.454
1.075
-1.208
-1.885
1.496
0.872
-1.544
-3.102
-2.698
3.221
-1.122
-0.463
3.831
-2.343
-1.395
-1.495
4.233
5.134
2.154
2.230
-1.043
5.024
0.992
2.397
0.097
-0.293
4.341
1.645
3.833
0.963
-1.686
-1.050
0.597
-1.154
-2.308
3.233
-0.958
0.682
1.061
-1.062
3.832
-2.331
0.978
0.941
0.220
-2.763
2.440
2.134
-1.271
2.048
1.250
-2.723
-1.699
3.082
1.093
-1.004
-1.710
-0.887
-0.717
-1.680
-3.830
3.086
2.680
-2.706
0.677
-1.815
-0.278
-0.477
-0.677
5.157
-0.707
-1.590
-1.480
2.855
-3.615
-1.480
3.822
0.936
0.811
5.467
0.941
-1.350
-0.327
-2.375
3.364
1.729
3.049
3.261
-0.644
-1.917
0.226
-1.745
0.746
3.067
-0.054
0.710
0.125
2.277
-1.253
-4.921
1.480
2.721
1.421
-1.187
-2.374
1.537
0.690
0.048
4.724
-1.922
4.610
0.426
-4.055
-0.080
2.653
-0.526
-3.189
-0.045
-1.707
1.530
2.206
-2.185
-1.344
2.166
-1.711
-2.247
-2.479
1.195
1.092
-1.292
0.362
4.015
-1.988
-4.334
1.442
0.085
-1.354
1.915
2.364
-4.950
-1.216
5.912
1.750
1.973
3.165
0.391
2.262
2.073
1.644
-0.423
0.763
-1.062
0.381
-2.454
-1.547
-0.328
-1.915
-0.862
-0.043
1.315
2.628
-0.763
3.554
2.603
1.560
0.719
1.116
3.199
3.287
3.554
0.449
1.682
3.575
-1.147
-0.414
0.388
2.509
2.546
-0.204
-3.271
0.941
-1.854
-3.226
-2.683
1.133
3.616
0.443
0.857
3.189
-3.357
1.598
0.322
1.709
-0.810
-1.613
0.687
4.308
2.416
-0.868
-2.868
-3.687
3.509
-1.942
-0.431
3.521
-3.523
3.931
-0.259
-2.407
-0.244
-1.384
1.408
-1.206
-4.238
-0.179
-2.906
0.840
-2.499
-0.821
0.788
-0.160
0.951
1.983
-2.429
0.195
-7.641
0.944
-0.372
-2.010
1.108
3.164
-0.792
-1.918
0.746
-2.855
-1.235
3.284
0.499
-4.161
-3.963
0.739
2.420
-3.532
1.429
3.543
4.881
1.145
1.566
-4.770
5.389
-1.031
-1.890
-0.262
3.978
5.649
0.651
2.745
0.454
-2.141
3.894
-1.143
4.035
3.466
1.824
4.740
5.708
-0.071
-1.591
-4.124
5.737
-0.705
3.074
-1.429
4.042
-1.330
-2.510
-0.150
-0.926
1.781
0.227
1.856
-0.348
-1.246
-1.051
5.258
0.890
-4.411
-0.899
0.582
4.779
2.819
-1.862
6.154
0.275
3.341
-2.422
-5.406
-3.030
-7.451
5.419
0.865
-1.869
1.436
0.804
1.840
3.253
-0.346
-1.762
2.337
2.276
0.592
5.576
-0.701
-1.810
1.353
-1.270
1.539
-1.649
-0.611
4.888
-0.623
-1.567
3.160
-2.173
-1.313
1.734
2.602
3.279
-1.443
1.780
-0.769
-1.104
3.238
-0.969
1.018
0.723
-2.220
2.669
1.695
-4.417
1.016
-1.505
2.983
-3.119
-0.506
1.219
0.480
2.181
-3.294
4.315
1.610
3.613
2.448
0.322
-2.732
-1.003
4.165
3.675
-1.137
-6.414
-0.160
-0.340
-0.249
1.618
2.453
2.727
1.420
-3.972
-0.469
5.880
1.248
1.233
1.213
1.347
-5.369
-0.225
0.259
3.426
0.464
-3.602
1.382
-1.579
-2.570
-1.652
1.652
3.371
1.509
1.867
1.485
0.593
2.023
-5.455
0.617
-2.158
3.141
-0.003
0.424
-3.262
2.790
1.856
1.687
-1.601
-1.507
0.887
-1.317
1.394
-4.836
-0.820
4.662
1.405
0.750
5.115
-5.256
-1.607
-0.613
2.410
2.452
-1.728
2.745
-0.618
3.258
-2.128
0.054
-0.826
2.884
-0.905
0.248
1.566
1.659
2.479
0.857
-0.654
-0.489
0.412
0.949
-0.003
0.396
-3.291
1.952
0.785
2.754
0.350
-3.822
-0.510
-0.130
2.133
-4.619
0.449
1.583
-1.238
0.529
-1.155
-1.401
-0.630
-1.356
1.991
-1.414
-1.817
4.593
2.656
-4.118
-1.485
0.932
1.127
-3.227
3.131
2.331
1.507
3.606
1.435
1.427
4.088
2.993
-1.670
1.870
-1.244
1.560
1.494
-2.970
0.058
0.987
-0.697
1.105
2.284
0.277
0.889
3.670
1.486
0.832
-1.949
1.960
1.142
3.431
0.463
-4.009
-3.730
2.116
-1.018
1.398
0.624
-0.050
0.119
-1.727
0.312
-1.053
-0.543
-0.427
-0.194
2.563
0.039
2.807
4.041
2.402
1.633
1.134
2.427
0.564
2.713
1.824
-0.514
2.500
0.570
0.095
-0.793
0.748
2.742
2.483
1.198
1.789
3.402
-0.010
-2.327
3.473
-0.921
-1.307
-3.961
1.721
-3.541
-1.451
1.762
2.083
-1.214
0.028
-1.744
-0.966
0.989
-0.854
-0.236
-3.165
3.069
1.574
2.253
3.447
-1.631
-0.510
-4.198
7.887
-0.009
2.843
-2.622
2.741
4.808
0.205
-2.076
0.017
-4.994
0.259
2.320
0.264
-0.332
1.616
1.800
-3.634
0.563
6.196
-2.854
0.145
5.010
3.000
-0.882
0.845
0.345
-1.445
0.172
-0.322
0.621
-1.446
-2.714
0.251
4.466
0.547
-0.446
2.160
-0.030
4.833
0.341
2.031
-1.461
1.557
1.010
0.214
-0.854
-1.181
1.028
1.859
0.045
1.039
0.259
0.586
-0.131
0.393
6.825
1.098
1.899
1.401
-0.281
3.456
-0.349
2.882
-0.452
-1.954
1.227
-2.301
1.636
-2.516
-0.416
-3.086
7.128
-3.620
0.374
3.094
2.837
2.393
-0.411
3.593
2.542
0.860
0.927
-0.379
-1.833
3.319
3.499
-1.772
-0.019
0.006
0.272
0.504
2.622
-1.443
-1.681
3.318
-0.760
-2.681
-0.814
-0.442
4.082
2.570
3.104
2.318
2.621
-1.301
-0.127
-2.026
-0.155
1.992
0.673
3.498
-2.389
1.551
-2.646
0.576
2.127
-0.165
1.673
-1.953
-3.643
1.687
4.536
-2.041
3.283
0.454
-2.856
-2.366
0.388
-0.621
-2.801
-3.716
-1.682
0.815
0.335
-0.853
0.835
2.846
1.296
0.059
2.577
-1.954
-0.190
-0.133
-2.619
-0.658
-4.630
4.939
-1.900
4.157
0.441
1.706
-0.823
0.849
1.911
1.945
2.209
-0.534
-0.803
-3.476
1.606
2.948
4.228
1.082
-1.490
-3.723
2.850
-3.961
-0.467
-0.188
0.183
0.436
0.682
-5.447
0.385
-5.001
2.107
-0.982
-4.827
-1.604
-1.018
3.208
0.822
1.177
3.185
0.119
2.160
1.991
-2.738
3.885
-3.059
2.552
-3.291
1.793
4.819
-0.161
-0.265
1.815
-0.441
4.714
0.811
-0.418
-0.947
-1.889
-1.157
-0.492
-0.820
-1.230
5.387
-2.122
0.702
1.772
1.862
0.209
-0.228
1.434
0.990
-0.272
-3.399
-0.773
-2.402
-1.251
0.430
1.211
4.623
-0.940
2.209
1.084
3.460
1.733
-2.070
-3.785
1.097
-0.918
-2.003
-2.692
0.736
3.968
-0.631
1.767
0.105
-2.745
2.114
-2.277
0.402
-0.470
2.493
-2.190
1.288
-1.666
-0.877
-8.374
5.371
1.671
-1.492
-2.349
-0.840
2.071
-4.191
0.010
4.600
-2.371
0.543
5.638
1.867
0.652
1.566
-0.612
3.469
-0.608
-4.352
-0.589
-1.970
-0.325
-0.272
3.224
2.019
0.982
0.343
-2.191
-4.885
0.622
2.257
0.090
-0.934
1.465
0.150
4.396
3.309
2.653
2.169
-2.746
1.941
1.253
1.805
1.532
1.437
6.832
0.167
2.597
-0.780
2.248
2.604
1.225
4.356
-1.772
-0.819
0.860
2.464
0.781
3.436
-1.238
-2.387
1.090
0.165
1.653
0.284
-0.466
0.170
0.419
-0.382
-0.138
-0.619
2.406
0.816
5.766
0.736
-0.972
6.760
1.343
2.726
1.771
1.845
1.636
-2.295
1.232
-2.830
-0.068
-1.391
1.208
1.152
1.505
1.040
-1.106
-0.276
2.559
2.913
-2.402
-3.324
-1.395
2.858
3.266
-1.869
1.088
4.753
1.347
3.762
2.747
-1.834
-0.106
0.433
0.600
2.549
1.331
-6.697
-2.801
-4.900
0.771
0.927
1.030
-1.951
1.968
2.069
-2.662
-3.168
0.350
4.650
4.429
1.702
-1.402
2.478
-0.736
-1.492
-4.796
0.596
-1.162
0.581
-5.168
0.758
-5.485
2.961
1.603
-0.319
1.701
-1.997
0.524
2.257
-7.076
-0.723
0.296
-0.121
3.847
-2.347
-1.141
-4.248
3.975
-0.241
-0.702
0.224
1.877
1.184
6.705
1.439
-0.767
-0.997
-0.593
-3.254
0.446
2.230
-1.122
-1.588
3.988
-3.074
-4.613
-2.417
-3.347
1.277
-0.516
-0.177
3.117
-1.309
2.210
3.977
-0.744
2.119
-0.230
2.568
-3.422
-3.599
-0.589
-1.783
-0.890
-0.177
2.078
-0.628
-1.627
-0.494
-1.496
-1.892
-3.521
0.517
-1.015
2.669
-3.124
-0.951
4.701
-1.905
-0.218
-2.568
-2.886
4.064
0.760
0.671
-3.721
1.211
3.128
3.109
1.954
-2.361
1.101
1.952
-3.957
-2.341
2.482
2.453
-3.367
2.258
0.579
2.224
-1.173
1.898
2.375
-0.493
0.393
-1.206
4.314
0.061
-1.863
-1.368
0.654
2.158
-2.856
4.784
1.091
1.469
0.117
0.396
-0.006
2.793
0.331
2.191
-0.691
0.820
-1.579
3.270
-1.651
-0.430
-0.406
-0.499
2.084
-0.410
3.695
-1.614
0.757
-1.512
1.360
0.312
-0.022
3.202
-1.220
1.758
-1.496
0.620
-2.519
-1.240
0.153
4.705
0.592
4.321
0.879
-0.579
4.044
1.399
-1.193
1.479
-0.352
-4.424
2.596
2.978
4.761
1.363
-0.247
2.354
2.390
4.282
0.243
-0.047
-1.367
1.640
-3.366
2.213
1.761
1.754
0.682
4.029
2.443
-1.107
-1.064
-1.761
1.673
-2.050
2.950
3.525
-1.760
-0.095
0.390
2.472
4.212
-3.695
-0.414
-0.288
-3.012
-0.814
1.377
-0.319
-3.357
7.248
0.989
0.618
-2.285
0.976
-0.044
-4.182
-2.219
2.258
5.016
1.231
2.997
-0.024
0.142
2.968
4.341
3.473
-2.209
0.189
1.016
-0.273
1.281
2.319
2.757
4.396
-0.441
-2.924
1.210
4.871
-0.795
1.998
2.020
0.809
0.367
-1.866
-5.126
-2.318
-0.587
2.984
0.102
-0.896
-1.788
1.926
3.610
2.902
1.805
-3.191
-0.494
5.024
3.043
-3.340
0.217
1.221
-1.479
-5.192
0.587
-1.541
-1.531
-0.501
0.029
0.328
-1.772
-0.179
-3.868
1.096
-6.505
-0.345
2.556
-2.192
2.069
3.124
-7.589
-0.013
-6.552
0.066
0.333
-5.608
4.970
1.036
-1.688
3.867
-3.959
-2.600
-5.169
4.673
1.148
1.933
1.072
1.727
0.537
1.000
0.608
-1.111
0.238
1.007
0.615
-3.197
-2.878
2.949
-0.387
1.753
-2.271
-3.186
-1.675
-0.184
-1.246
3.455
0.781
4.787
1.321
-5.440
2.884
-3.273
0.903
-1.509
5.493
3.805
-1.430
0.044
0.937
2.422
0.420
-2.110
-1.372
0.339
3.313
1.377
-1.506
1.906
-0.579
2.487
6.415
-0.511
2.274
-1.439
0.081
0.421
-0.115
6.261
-0.386
1.758
-4.282
1.387
3.091
-0.916
-5.675
0.257
0.391
2.088
5.176
-0.562
-1.705
-2.451
0.825
1.500
-0.960
2.219
1.467
0.454
-1.816
-0.806
-5.481
0.916
0.413
0.802
1.560
1.276
0.085
0.467
-3.020
-1.051
0.471
-1.416
2.414
-1.231
0.869
0.630
2.141
2.512
2.016
-4.704
3.216
4.016
-0.807
0.918
-1.788
-4.326
-1.423
-0.946
-0.502
-1.951
-1.410
0.324
-1.499
1.654
1.986
6.063
3.052
0.933
-1.139
1.055
1.134
-0.882
2.231
-3.005
-0.237
1.684
-0.340
-0.146
0.019
-1.655
3.167
-2.093
1.114
1.343
-1.927
0.525
-1.833
3.689
-2.383
-1.219
-2.588
-2.908
4.169
1.653
0.687
-1.226
2.528
-1.628
2.255
-1.744
-1.197
2.170
2.423
1.784
-2.169
-0.722
0.727
-1.688
3.640
-5.415
-1.519
-0.873
-6.475
-3.001
1.851
0.423
4.126
4.059
1.389
1.102
0.508
-6.022
-2.997
0.592
1.828
1.045
-1.792
2.600
3.908
2.601
2.725
-0.992
2.932
0.700
1.578
1.227
0.058
-1.714
0.153
2.718
-0.710
2.494
2.119
-0.367
3.683
-0.503
3.973
1.392
0.312
-1.781
0.138
-0.139
-2.670
-0.172
-1.579
1.756
3.485
-2.595
4.460
0.041
-1.990
2.169
-0.721
0.154
-0.620
-1.610
2.088
-0.337
-3.098
1.673
-2.543
-2.418
3.212
-2.521
-5.209
1.845
-0.379
-0.172
-0.405
0.906
-1.457
3.893
-3.193
1.418
1.891
-1.473
-2.107
2.791
-2.028
-1.106
2.480
0.433
-3.963
4.543
-0.922
-0.617
0.964
1.850
5.057
-3.634
2.332
2.133
0.021
2.239
2.592
-2.967
4.549
-3.391
-2.375
-0.278
4.970
-0.390
0.273
3.787
-0.371
-2.478
-0.651
3.640
0.520
4.984
2.121
-1.198
0.473
-1.698
-1.254
11.100
2.795
2.417
-1.146
4.117
2.989
4.866
4.749
-3.200
-2.314
-2.059
-1.915
1.126
-1.010
5.324
4.921
0.334
5.043
3.922
-0.732
-4.472
-0.173
-1.197
0.846
0.564
0.501
1.607
-2.560
1.337
-0.705
0.830
2.648
-2.589
-0.325
0.066
-0.884
2.510
-1.379
-0.983
-1.354
2.971
-0.832
1.454
5.092
0.170
3.019
4.361
2.815
0.310
1.891
-2.740
-1.522
-1.101
5.727
-1.600
-1.636
-2.155
1.694
0.692
2.958
1.961
-2.963
-1.587
3.627
-0.138
3.200
-0.009
-1.972
-0.378
-1.973
-1.007
0.832
1.578
-3.466
0.308
-1.058
-1.206
0.668
-0.971
3.667
3.201
3.186
-0.838
-1.960
0.547
-0.011
-1.111
-2.472
0.250
-0.620
2.002
1.946
2.992
-2.672
1.313
-1.396
-2.579
-0.679
2.915
-0.544
4.107
1.667
-0.596
3.134
1.419
-1.888
4.811
0.973
0.395
-1.703
3.181
1.591
1.860
-0.868
2.352
2.538
-1.255
-3.051
1.745
-3.426
0.715
-0.723
3.275
-0.593
3.007
-0.884
2.750
5.295
-2.213
1.051
6.947
0.510
0.498
2.242
0.449
-3.747
3.067
-4.457
-0.650
3.248
-0.506
-1.315
2.460
-1.693
-2.583
1.009
-0.089
-2.635
1.879
1.465
-0.513
-0.349
1.479
3.207
-0.329
1.921
1.706
2.460
0.444
-1.840
-0.760
1.173
4.714
-0.812
2.281
-0.437
0.615
3.987
2.184
-2.629
-1.024
3.365
0.691
-2.407
-1.615
2.038
2.737
0.393
6.291
2.328
-0.234
-1.608
-1.990
1.155
-0.823
4.367
3.869
1.869
-2.480
-1.263
3.364
-1.001
3.043
1.489
0.474
-1.337
0.124
0.805
2.828
-1.776
-0.281
0.458
1.940
-1.830
-2.810
1.968
-3.293
3.434
-0.024
-3.364
-0.803
1.260
-0.928
0.398
2.126
-0.135
-1.899
-0.368
3.746
4.394
-4.498
2.968
0.950
2.568
-0.971
-3.894
1.753
-1.908
-2.982
-2.814
1.792
0.685
2.228
1.956
-0.660
0.181
-0.877
-0.155
-1.971
1.287
2.930
-1.610
3.425
0.622
0.929
-3.729
-3.987
0.696
2.245
-1.261
4.358
2.114
-1.830
0.424
6.295
-2.632
1.618
-0.425
2.047
3.391
-0.577
3.035
5.681
0.509
2.234
-1.067
0.396
-0.074
2.263
3.241
0.087
4.031
4.022
2.382
-0.888
-1.118
-1.600
2.628
-2.558
1.974
-2.245
2.327
0.391
3.551
3.089
3.794
3.856
0.695
-2.431
-2.176
-4.658
-2.251
0.515
-0.993
-0.082
1.533
-0.380
-2.342
0.222
-1.806
-0.300
3.573
-0.299
4.600
3.786
-1.040
-2.317
0.224
3.118
-0.826
2.529
3.250
-1.508
-1.273
2.060
0.714
-1.297
-0.495
0.181
-3.406
2.188
-0.799
-6.331
0.293
-1.430
4.403
-1.055
-2.284
1.569
-1.235
-1.521
1.573
-2.147
-3.147
4.492
1.741
-0.284
0.342
1.564
2.686
-1.464
1.229
-0.866
-0.104
0.736
0.334
2.115
1.519
-3.270
-2.909
-0.537
4.739
-1.694
-0.150
-0.937
-0.980
0.778
3.712
1.444
-1.578
6.958
0.539
-1.035
3.739
-0.776
4.341
-1.740
3.782
0.833
3.449
4.914
-2.368
3.412
-3.031
-2.163
-1.578
1.559
0.429
-0.051
0.701
1.769
1.954
2.976
4.718
0.299
-0.901
1.822
-2.396
-1.279
2.749
0.052
-2.550
-3.226
0.467
3.091
3.059
0.616
5.171
0.098
0.017
-5.812
-0.724
2.395
4.104
-1.643
1.459
2.863
0.377
-5.130
0.943
2.177
-1.924
-0.260
-2.423
-5.818
2.815
0.341
4.184
2.408
-0.500
0.150
1.709
2.671
1.124
3.003
-0.362
-2.043
0.194
0.842
-2.534
-2.858
1.424
-0.625
-0.048
-0.513
3.999
3.378
-2.620
-0.929
2.390
1.795
0.251
-2.380
-1.288
-0.890
1.015
4.439
-1.299
-2.112
0.089
2.826
-3.123
3.839
-0.063
-1.412
-3.490
2.046
-0.061
0.760
-1.812
-0.416
-0.818
0.109
-1.257
-3.332
6.898
-2.922
0.786
-3.903
-4.443
0.585
0.768
3.378
1.309
-0.010
-1.929
3.948
2.579
-2.641
0.441
0.696
-0.480
2.202
2.346
-0.107
-0.324
3.948
2.589
0.524
-3.560
1.176
2.025
-6.261
0.954
-0.650
-0.180
-1.828
-0.006
3.691
-0.721
2.667
-1.585
2.171
0.354
1.195
0.367
1.890
-5.812
-3.058
1.351
-4.554
-0.923
0.220
-1.638
-1.310
1.002
2.772
-1.950
-1.030
-1.405
-5.461
0.690
2.593
2.790
-1.740
-2.654
0.402
2.340
0.722
1.044
3.090
-1.424
-0.178
4.273
-0.122
-2.692
-1.256
-1.902
1.207
-1.800
1.000
-1.417
-4.746
1.086
0.706
1.593
-1.265
-1.521
1.314
3.996
0.377
1.369
-0.422
-3.355
2.672
2.530
2.056
-0.087
1.783
2.495
4.238
2.722
0.503
-2.790
0.724
0.966
2.052
3.599
0.122
5.392
-3.872
1.356
-1.566
-4.227
-0.134
-3.147
-0.037
0.433
3.034
-3.268
2.530
0.585
2.819
-0.686
-2.847
-2.572
-2.750
1.497
3.895
-1.006
1.860
-3.306
0.783
1.955
-3.125
-0.139
2.068
-6.691
3.555
1.199
2.070
-0.641
-3.785
1.632
0.152
0.427
2.960
2.179
4.961
0.719
-1.309
-0.102
1.348
2.788
-3.171
0.370
4.213
-0.227
2.584
1.533
2.644
-1.593
-1.583
0.399
-3.327
-0.297
0.957
4.633
1.317
1.851
3.145
-1.965
-0.046
6.171
0.160
3.029
2.663
-3.197
1.095
0.702
1.142
-1.460
-2.331
-0.792
0.115
3.194
4.712
3.702
2.414
-2.060
-0.631
0.854
-1.168
1.735
2.079
1.637
2.810
-1.821
2.589
-1.320
-1.908
1.627
3.268
1.521
0.400
1.094
0.677
-2.352
-2.632
0.161
0.542
0.377
1.973
-0.167
1.701
0.003
4.726
0.544
5.968
1.195
-0.163
-1.809
-3.113
-2.029
-1.761
1.298
-0.913
0.799
3.427
0.139
5.340
-2.472
-0.011
-0.944
2.598
-5.025
-3.113
0.092
4.073
0.892
-2.894
-2.523
4.365
-1.141
-1.913
3.896
2.777
3.408
-1.930
-3.310
0.670
1.154
1.225
3.898
-3.811
2.413
-2.282
2.404
-0.790
-1.604
-1.114
-3.119
0.447
-1.504
2.237
1.886
4.402
1.229
1.600
3.710
-1.156
-3.222
0.830
-3.064
6.239
3.843
5.544
0.500
1.671
-0.753
2.469
-2.567
-5.753
-1.548
-3.143
3.897
4.708
-3.017
3.450
2.633
-3.417
-0.587
-1.042
2.145
-2.599
0.113
-1.296
1.486
-0.170
-0.935
-0.162
5.237
-0.651
-2.148
1.750
0.006
-3.047
5.706
-0.496
-0.557
0.734
4.502
-3.681
1.012
5.359
0.659
-2.615
-1.134
0.847
3.544
-0.464
2.334
-3.095
-3.115
-0.809
3.801
0.515
1.046
1.017
3.012
-1.115
2.002
-1.644
5.110
-1.571
-1.768
1.669
0.541
1.134
0.896
-2.267
4.222
2.495
3.611
-0.918
1.350
0.824
3.057
3.135
0.813
-3.293
4.621
1.684
-1.110
1.326
-3.277
2.883
-3.181
-0.180
0.937
2.843
0.606
1.874
0.282
0.273
0.555
-0.104
-3.698
-1.494
0.937
-0.248
-0.024
-0.426
-1.723
-0.833
-0.386
0.362
1.294
-0.083
-2.121
-3.005
6.584
-2.362
-0.895
1.591
1.216
1.600
-0.713
0.923
0.497
-0.399
0.939
2.883
0.297
0.313
2.914
2.657
4.151
-3.865
2.522
1.794
-1.776
0.954
2.873
-1.640
1.412
2.441
-2.220
0.009
1.072
-1.561
-1.760
0.026
2.274
1.895
-1.717
1.915
-1.656
-3.514
-0.531
3.045
1.924
0.346
-0.650
-0.585
0.611
-2.214
-0.485
-0.167
-2.893
-1.662
1.335
0.373
-0.391
-1.837
4.134
-1.661
0.954
-0.821
0.437
1.448
-2.939
0.334
3.208
4.578
0.038
0.450
5.657
3.074
-1.131
-1.136
2.646
-2.076
2.961
1.152
1.593
-0.266
-1.162
3.859
-0.242
-0.636
0.158
0.813
-2.124
-1.006
-1.133
2.379
-1.776
-3.864
-4.371
-3.179
3.618
0.389
1.553
1.638
0.485
0.171
2.857
0.700
3.708
1.840
-1.133
-0.843
-1.396
3.272
-0.622
-1.566
1.117
0.117
1.057
4.886
2.541
0.415
-3.030
-0.850
2.057
-2.460
5.488
0.385
0.467
-1.250
1.542
-2.429
5.546
3.512
2.712
-2.987
0.843
3.252
1.773
-2.055
-1.210
-0.735
-1.098
4.019
-4.260
1.924
-2.752
-1.957
-4.473
-0.968
3.976
0.986
-2.526
2.791
3.305
0.600
5.233
2.322
1.988
-1.578
1.856
0.870
1.598
-1.293
0.657
-1.610
-4.803
2.746
-3.256
0.607
1.149
1.134
-0.329
1.001
1.480
2.114
4.510
0.912
0.504
-1.826
1.396
1.952
-0.112
1.657
-0.352
1.960
2.540
2.507
0.633
-2.146
-1.119
1.778
6.227
-0.468
1.444
-0.985
-1.988
-1.273
-4.648
3.598
-5.002
-0.283
-2.478
-1.773
3.654
0.833
-1.967
-1.065
-1.487
0.245
0.765
4.899
-4.249
0.266
-0.407
2.622
1.202
1.767
1.178
-1.887
3.257
2.266
2.547
3.384
1.352
3.904
1.256
-0.176
0.334
0.293
-0.897
4.267
1.061
0.577
1.282
7.502
-2.366
-1.678
-2.963
-0.208
0.939
-0.767
-0.945
0.692
-0.855
1.094
3.024
1.975
2.464
2.956
1.029
-0.031
-1.503
-0.589
-0.907
2.106
1.182
2.022
-2.435
3.786
-0.675
-2.290
-0.704
6.311
-0.581
-0.430
-0.111
-0.007
-1.526
0.694
2.931
1.104
-2.317
-0.476
-0.974
0.477
3.543
-0.007
0.138
4.616
2.453
1.728
5.050
1.526
-4.418
2.348
-3.471
1.435
-3.763
-0.770
-0.523
-1.498
-0.487
2.828
-1.363
1.658
-1.968
-0.105
1.127
-2.042
-2.798
1.531
3.045
0.160
-0.748
0.724
0.483
0.933
-5.718
-2.216
-1.679
0.712
0.796
1.877
0.968
-2.772
3.823
3.403
-2.670
1.148
-1.079
0.683
2.878
5.462
2.153
1.058
-0.466
0.787
3.613
0.243
-1.777
-3.537
1.581
0.943
-1.200
2.812
-0.662
0.027
0.310
-0.492
0.916
3.114
-2.392
1.522
0.763
0.719
2.442
0.468
1.503
2.068
-0.860
1.068
-0.252
0.032
-0.423
1.481
0.546
1.297
0.308
-3.500
0.425
0.502
0.932
-1.075
-2.519
1.849
-0.307
0.761
-0.326
0.335
-0.728
-1.973
1.487
-1.097
0.743
1.335
-1.058
-2.539
6.173
-0.917
1.846
5.005
2.246
-0.371
0.189
-1.648
2.466
1.709
-0.885
-2.151
-2.821
2.718
0.639
0.866
-1.625
-3.162
2.660
0.451
2.527
-0.576
-0.218
2.062
2.108
2.264
-0.358
1.825
3.012
0.099
-0.882
3.573
-1.221
1.861
0.210
-4.070
3.059
-6.269
-4.412
1.616
1.615
-1.180
0.705
-5.725
2.047
0.949
0.240
0.400
1.534
0.281
-4.148
5.621
3.232
-2.734
-0.478
-0.216
2.939
-4.832
-0.848
-3.876
-0.334
-0.784
0.541
-1.102
-1.452
1.837
1.441
1.673
-0.075
-1.022
0.065
1.553
-4.874
1.296
1.092
0.499
-0.008
-5.809
-0.706
4.645
0.381
-0.387
0.391
1.201
1.931
-0.199
1.370
4.374
2.765
5.967
-1.226
4.373
-1.548
1.199
2.108
-0.876
0.561
2.535
-1.355
4.357
-2.973
5.005
2.753
0.135
-0.616
-0.867
0.024
0.234
3.363
5.075
0.829
-1.680
-0.960
-0.089
-2.122
-2.479
5.383
1.076
-1.650
2.310
-2.478
-2.280
-1.577
4.321
-0.257
-5.510
3.254
-0.385
-4.089
-0.410
1.600
1.320
4.666
-1.697
0.462
-1.329
-3.351
2.475
1.462
1.031
1.374
-1.295
-2.064
0.440
3.137
4.209
2.259
0.420
0.997
0.378
-2.112
0.409
-2.854
0.052
4.277
2.325
-1.865
0.176
-1.653
0.200
2.849
1.917
6.312
3.212
0.840
1.975
-0.136
-2.356
3.484
2.772
-0.229
1.007
3.328
2.381
-3.161
0.935
-0.052
3.021
2.825
3.515
-2.333
-1.532
3.024
-1.070
-3.301
1.628
-0.963
4.645
1.061
0.735
-0.536
4.168
1.211
-0.630
-1.556
0.174
-1.996
2.819
-3.990
0.015
1.814
1.171
-1.371
1.935
-1.776
0.296
1.914
1.461
-1.270
3.224
0.558
2.133
4.020
3.032
3.038
0.812
2.255
0.863
-2.552
1.077
0.965
1.751
0.043
-1.477
1.926
-2.802
3.851
-0.205
0.939
1.691
1.768
-3.032
2.328
1.078
-1.175
-1.449
-0.452
-2.767
4.483
3.917
1.434
-0.186
-0.123
2.169
4.569
-1.019
-2.332
4.064
-3.939
-2.070
-0.242
-3.395
3.019
2.407
-1.030
3.421
3.828
0.078
-0.732
5.773
2.081
0.965
3.623
1.075
-0.863
0.542
2.843
-4.431
-0.341
3.669
-0.878
4.061
3.745
0.193
-1.014
-0.340
6.745
4.849
0.651
-1.110
0.631
0.935
-2.634
0.542
3.524
-3.968
2.334
3.650
-0.995
4.416
-1.307
1.409
-0.386
-0.387
-1.132
2.027
2.387
0.195
-2.914
1.318
1.363
-0.170
4.831
-3.403
-4.971
-1.404
2.055
-2.184
-2.004
2.632
1.460
1.255
2.225
-0.670
-0.560
2.293
-2.878
-4.793
-0.690
2.584
0.963
2.407
-4.489
1.107
1.919
-2.892
2.419
0.082
7.721
-4.875
3.636
-0.596
-3.531
-0.915
1.016
2.840
4.483
3.763
-1.967
3.062
1.289
-1.221
-0.159
-1.354
0.439
-1.401
-2.117
1.500
1.859
-0.100
3.632
-0.275
-0.377
1.935
0.032
0.554
-5.699
0.390
-4.035
-2.580
-2.855
-2.152
-0.967
-0.818
1.944
0.884
-4.213
0.550
1.114
-0.439
0.204
0.807
2.185
-3.430
-0.236
3.970
3.750
2.392
1.638
4.321
4.953
0.040
-1.977
-0.299
7.782
-3.416
-0.779
-3.040
0.649
-2.536
0.089
-4.330
1.832
3.284
-0.571
0.026
-0.042
0.784
0.258
2.193
3.309
-1.604
-0.392
2.514
-3.062
-4.380
0.893
1.541
-1.384
-1.039
-1.474
-1.731
2.014
-2.483
-0.287
-1.823
-3.143
2.438
-0.898
0.802
-3.269
-1.431
2.165
6.559
-4.393
-0.133
1.339
-1.129
2.389
-1.730
0.719
-0.903
3.277
-1.273
-0.494
2.620
-2.117
0.515
-4.024
-2.261
1.267
-2.028
-0.957
1.533
-1.040
2.325
0.868
1.396
3.328
1.118
4.043
2.537
-0.906
3.454
0.983
-0.597
1.018
3.020
1.442
4.724
2.958
1.606
-2.113
-0.081
0.522
2.022
1.880
0.757
0.639
2.079
-1.711
4.419
-4.563
3.843
0.242
2.756
1.223
1.180
1.680
2.292
-0.439
2.834
-2.253
0.337
2.356
2.738
1.456
-0.594
2.502
-1.256
4.553
0.147
-3.345
-2.517
0.455
0.686
5.077
-2.142
0.445
-2.193
-0.832
4.392
-2.377
1.759
1.293
0.292
1.597
-2.434
4.325
4.970
0.463
6.165
-0.608
1.311
3.787
-0.752
-2.966
-3.518
5.296
-0.920
-0.096
-2.321
2.626
-1.526
-0.829
1.069
-2.204
-0.079
3.715
1.378
0.663
0.866
-0.584
5.141
-1.599
0.856
0.626
2.771
2.998
0.273
1.048
1.138
-5.103
-3.464
-1.102
-0.998
-2.528
2.149
0.355
-0.165
-2.665
0.243
-5.954
-0.041
0.502
0.931
-3.404
0.890
-2.149
-1.600
2.073
5.184
0.473
-1.611
0.803
2.604
1.840
6.933
-1.367
0.955
4.067
3.917
-4.330
0.342
3.913
7.288
2.039
-0.533
-2.072
5.675
2.099
-1.685
-0.138
1.094
1.655
-1.809
-1.124
-3.617
2.845
-0.470
1.469
3.763
0.878
0.079
0.815
0.502
3.341
1.096
-0.957
2.865
3.303
-2.862
4.029
1.225
1.030
2.766
-1.011
2.640
-0.554
-3.190
-2.045
1.711
-1.919
4.214
3.204
3.550
0.649
0.969
-2.515
2.740
1.262
1.712
4.402
-1.104
0.047
1.134
-1.895
-0.100
1.533
-0.431
3.492
-3.276
3.045
1.937
-1.015
-1.869
-4.643
-1.558
2.863
0.215
3.141
-1.138
2.047
-1.372
-1.967
0.093
-1.246
-3.353
-0.088
0.605
3.394
2.598
3.278
2.079
1.148
-2.599
0.710
1.782
3.848
1.997
3.327
-2.127
-0.433
1.380
3.136
0.001
0.152
1.999
-2.352
4.208
-1.760
-4.255
0.374
4.426
1.757
2.153
0.449
-0.016
-3.358
-5.073
0.821
3.500
1.176
1.847
4.151
1.139
0.056
-1.614
5.203
1.614
-1.915
-2.461
3.357
-2.140
4.799
-6.266
3.764
1.519
0.635
-0.071
4.888
2.047
-1.818
-3.775
0.776
0.347
-3.298
0.217
-1.027
0.372
2.092
3.932
2.531
-1.381
1.235
0.501
-2.847
1.306
4.806
0.428
-3.476
0.423
-2.563
2.423
1.610
-0.060
-0.445
-0.159
0.370
-1.503
-2.981
3.083
-0.575
0.751
1.035
1.123
-2.467
-3.672
-1.063
1.300
-1.397
-0.502
5.456
-4.079
-1.462
4.902
0.243
-1.344
3.155
0.483
-0.486
0.812
-1.229
-2.092
0.077
-2.076
0.376
1.201
2.397
3.057
-0.624
1.549
1.532
1.137
-0.801
-2.117
1.555
-3.746
-0.293
-5.779
-2.857
-1.755
2.982
2.001
-0.979
2.100
2.480
-0.036
-2.973
-0.149
0.115
-2.608
1.231
1.022
1.418
1.019
2.102
-0.080
0.834
-0.605
-1.053
3.562
-4.555
2.454
-1.139
-1.450
0.978
-3.225
-1.608
-1.688
-0.181
-1.580
4.193
4.663
-4.503
1.656
2.411
1.653
-1.229
-0.236
-1.446
-0.659
-2.554
0.075
-3.257
-0.130
-2.647
0.846
-1.281
1.047
2.946
4.165
-5.717
-1.652
-0.377
1.455
-3.611
-2.007
0.663
0.554
1.256
1.415
1.163
0.815
0.484
1.945
-5.024
4.056
-4.941
-2.240
-0.194
1.964
-6.839
0.283
2.252
2.737
-1.324
-0.372
-1.129
-0.592
-2.126
-1.784
1.393
0.666
1.530
0.864
2.040
2.458
-3.830
-1.700
-0.205
0.296
-1.258
2.539
5.102
0.797
0.552
2.389
-4.128
0.418
2.700
-1.194
-2.594
-0.096
0.204
-1.831
5.381
-0.799
-2.419
0.125
2.529
0.392
1.515
-1.742
3.920
1.698
2.864
1.226
2.330
-1.745
-0.829
3.582
4.093
-2.403
0.949
-0.684
-1.323
1.034
3.088
1.434
-0.417
1.586
-0.514
1.339
3.702
-4.635
2.263
-3.344
3.298
-1.179
-2.572
2.019
1.224
-2.048
-2.657
-0.100
-2.540
-2.198
0.627
-1.968
1.374
3.926
-0.007
0.662
5.193
-2.500
3.209
2.920
2.400
3.450
1.023
-1.049
2.977
3.069
3.003
0.457
-1.369
0.809
2.611
2.808
-0.681
1.107
-2.791
2.714
-1.530
2.235
-2.408
2.825
1.122
-1.525
2.009
-1.067
2.149
-0.308
-3.781
-2.008
-0.683
3.634
2.513
4.247
4.319
-0.933
-0.102
-0.637
-1.262
-4.070
0.315
-2.735
0.268
5.428
-0.872
0.817
2.526
1.023
1.052
-0.520
-0.207
-1.954
2.381
-3.830
2.681
-3.019
2.660
-0.499
-2.606
1.740
2.579
-0.701
2.079
-5.134
-2.819
3.452
-0.187
-4.119
-1.327
-1.866
-0.048
-0.540
0.779
0.183
3.613
1.369
1.448
3.146
-0.583
-2.679
3.247
0.676
0.684
-1.170
-1.130
2.382
2.713
2.231
2.253
1.716
0.666
-0.071
3.255
-0.547
1.238
-1.580
-1.232
-0.217
-1.579
2.265
-2.885
0.588
0.668
-3.996
-0.708
0.964
1.379
-0.140
1.975
0.088
0.383
0.954
2.575
-1.272
-0.818
-1.255
-0.447
3.773
1.725
-2.365
-1.091
1.245
-1.826
-1.391
3.578
-1.122
2.641
3.363
-1.410
-1.786
-0.313
-2.263
0.640
-0.144
1.215
3.703
2.312
1.524
-4.369
1.414
4.484
-6.875
2.005
-0.032
-1.690
2.273
4.453
2.211
-0.541
-1.914
0.697
2.446
-0.579
-0.347
7.123
2.939
3.110
-3.155
-1.347
0.529
-2.053
4.191
3.735
-0.931
4.631
0.340
6.565
0.697
1.733
3.710
3.416
1.576
0.011
1.584
-1.609
0.715
-2.312
-3.924
0.471
3.379
2.572
0.153
4.543
-1.016
-4.253
-4.887
-2.485
2.310
-1.174
1.456
4.301
-2.290
1.498
1.644
-1.716
3.600
-0.340
-0.571
5.418
1.605
2.571
3.602
-1.211
3.350
-0.855
-0.957
-0.303
-1.143
2.323
0.991
-0.829
1.969
-0.310
-0.437
0.467
1.462
1.286
-0.522
2.383
-0.184
-1.222
-3.173
2.710
0.380
0.856
2.860
-0.796
-2.949
0.517
1.089
-0.281
3.887
-5.617
3.038
2.249
1.446
-7.656
3.431
-2.113
-0.868
-0.059
1.328
1.885
2.493
2.308
0.957
1.348
-2.268
-1.452
2.499
2.359
2.087
-0.885
2.535
-2.437
2.936
-0.276
4.392
-3.301
4.582
-0.518
-0.561
0.818
-1.323
0.176
-1.420
-1.333
1.519
-1.814
-1.494
-2.945
-0.859
3.498
-1.680
-1.406
0.815
-0.540
5.698
-0.040
1.155
2.615
2.569
0.910
-0.037
5.208
0.111
-0.710
-1.200
-3.794
2.322
-5.285
0.336
-0.142
5.726
-4.046
-1.813
0.023
-0.124
-0.969
0.156
-2.673
1.207
-5.222
0.288
-1.091
2.789
4.563
-0.445
3.688
-0.409
-1.969
4.540
1.600
0.361
1.999
1.008
0.184
-2.833
-0.299
1.846
0.055
2.516
1.271
-1.758
-2.816
-0.027
-0.908
1.157
-1.374
-1.127
2.877
0.706
-1.337
0.392
3.659
1.055
1.773
-1.455
2.813
5.913
-1.550
-2.487
0.771
2.451
0.131
-2.178
0.089
1.785
-0.627
1.807
3.145
0.927
0.283
2.340
-1.705
-1.941
-0.290
-0.831
-1.578
4.743
5.563
-0.499
0.570
-0.101
3.008
3.484
-3.915
1.492
-2.786
4.570
1.407
-1.626
-0.229
-0.344
1.610
2.851
-2.406
4.763
4.204
-1.751
0.525
4.456
3.309
-0.458
2.304
7.543
0.602
-1.168
0.764
0.942
-0.909
1.410
-2.661
-1.247
2.170
-3.862
2.518
-4.479
-3.805
-0.848
1.038
3.531
0.488
-0.242
1.741
-1.740
0.685
-2.529
0.548
0.038
-1.580
0.746
0.731
3.171
-3.504
0.167
-1.475
2.437
2.159
1.569
-1.339
2.475
-3.322
-3.815
-2.712
0.270
1.970
-6.792
3.525
0.665
-3.413
0.592
2.972
1.789
2.988
-2.929
-0.644
-1.869
4.472
1.884
7.183
-0.772
-1.389
0.007
3.658
-0.529
0.649
0.582
0.445
-1.216
0.021
-0.082
0.332
2.614
4.576
-1.667
-0.591
-1.630
0.799
-0.942
0.926
2.999
-5.712
1.530
-0.754
1.455
-1.802
3.221
2.542
1.714
2.254
-1.439
-1.137
2.156
-1.493
3.820
-0.427
1.555
5.388
-1.345
0.515
2.880
2.633
-0.437
-0.890
-0.210
3.825
-0.320
0.537
-0.674
2.043
0.723
-2.058
-1.975
-4.447
-1.645
2.255
3.527
1.995
1.681
0.046
2.210
1.037
4.681
0.114
3.573
2.448
2.115
-4.478
2.580
0.044
-0.715
-3.209
0.337
0.431
-2.777
-3.186
1.518
2.442
0.807
3.112
0.143
0.220
-1.851
-3.395
4.801
3.065
-2.992
0.724
0.110
-0.308
-0.632
1.265
2.314
1.316
0.061
-0.027
2.598
1.462
0.524
0.264
1.179
-0.774
2.322
-2.232
-0.637
1.817
-2.369
-3.425
0.501
-3.721
-2.767
2.166
-0.141
3.435
-2.542
0.125
1.309
-2.459
2.826
1.576
-3.512
0.259
1.276
-1.066
-3.202
1.018
5.657
-0.579
4.116
-1.455
0.867
2.202
0.330
-0.365
2.093
4.889
1.071
-0.889
-0.105
6.397
0.674
-1.077
-2.398
-4.032
1.223
1.921
-0.602
0.314
-2.459
0.669
1.506
-0.934
4.407
-1.659
1.030
2.386
0.165
-0.102
-3.079
3.608
-0.058
1.640
1.965
-1.158
-0.124
3.553
-2.331
5.457
-1.438
-2.481
0.668
5.650
-4.236
0.012
1.493
0.431
1.267
-1.373
-1.089
-0.006
-2.362
0.243
-0.583
-0.778
1.119
-4.020
-0.200
5.912
-2.257
3.435
0.481
-1.097
-2.820
0.685
3.838
-0.584
0.156
2.775
1.168
-3.423
0.587
3.979
0.261
-6.230
1.282
-0.126
-4.040
-3.680
2.690
-1.408
-1.828
0.264
-1.196
0.590
-0.137
-2.530
-0.877
1.413
0.451
0.153
5.000
2.104
2.396
-0.048
0.878
-0.685
2.216
0.085
0.884
0.735
0.306
7.402
-1.250
-1.272
2.016
-1.078
-0.349
-2.257
1.530
1.560
-0.406
2.066
-4.110
-1.346
-0.058
-2.463
-3.847
-0.389
2.016
3.427
-0.963
2.110
1.878
3.275
-0.490
-3.966
0.518
-2.083
-1.386
-0.373
-0.463
0.690
2.038
-0.533
1.300
0.386
2.595
-0.103
0.161
-0.549
-0.039
-1.530
-1.768
2.212
-2.250
-0.416
2.787
-0.496
2.339
-1.069
-2.173
-3.478
3.501
-2.378
2.143
-2.050
3.512
5.646
-3.698
-2.253
2.206
1.581
2.215
-1.027
5.120
0.633
-2.571
-0.258
-2.539
4.168
-1.235
1.532
-0.780
-1.127
-4.235
1.786
3.468
-1.848
-3.359
2.278
-3.601
3.277
-1.821
-2.298
0.946
-2.142
-1.347
1.200
-5.480
4.292
0.455
-2.753
-2.091
2.730
1.793
3.678
-1.289
1.062
1.374
2.019
3.055
-1.371
0.076
-1.114
0.224
2.026
-3.620
3.012
-2.384
-0.388
3.335
1.137
1.165
-2.484
-2.156
2.609
-1.064
-0.838
2.663
-2.170
0.996
0.453
0.344
-0.894
-1.042
-2.238
1.508
-1.254
2.675
-0.189
-2.190
-0.221
-0.636
2.772
-0.536
-0.313
3.738
1.570
4.340
3.372
-1.779
2.726
4.011
4.029
2.721
2.672
-0.376
-1.660
-0.495
-3.645
3.573
-0.330
3.449
-2.606
2.948
-0.838
-2.732
4.255
3.008
0.858
0.431
1.405
0.817
-1.551
-0.639
5.056
6.763
4.100
1.498
-0.461
-1.566
-1.407
-0.978
5.513
4.685
2.141
-1.955
2.493
-0.223
-4.817
1.039
-1.671
-1.589
-0.251
-0.846
0.268
0.152
-4.152
3.999
-2.010
-1.936
-0.439
0.090
3.852
0.997
1.710
1.009
0.906
1.093
-4.289
-0.250
3.139
9.812
-2.540
1.365
-1.021
5.264
-2.899
1.850
-3.027
-0.415
0.268
2.917
-2.235
1.942
0.395
1.005
2.650
-2.728
2.295
-1.015
2.980
1.153
-0.153
-1.066
2.326
3.376
-0.929
-2.369
2.016
-3.126
-2.783
-2.200
-0.647
-2.857
-4.303
-2.375
1.892
-2.702
-0.467
5.022
0.232
1.172
-1.920
5.542
-0.949
-0.197
3.511
-0.086
0.465
-0.326
-0.310
1.239
1.677
-1.194
-1.489
-1.112
-3.013
-3.467
1.063
2.603
2.441
-5.367
-0.238
-2.295
0.695
-0.653
1.771
0.304
-4.200
-1.971
0.364
0.566
-3.024
-3.338
0.485
-3.019
-3.655
-0.718
-0.822
-1.758
-1.339
0.383
-1.378
0.520
-0.563
0.752
2.458
2.364
3.442
2.362
0.923
-0.690
-0.581
-1.757
0.361
2.024
-1.392
0.261
-1.276
0.852
-0.969
-1.425
-1.282
1.558
0.118
-0.678
0.977
-0.645
3.054
-1.987
-0.099
-3.021
-0.482
-3.681
2.141
2.190
2.232
0.419
-1.762
-1.571
4.022
3.796
0.644
-0.888
3.635
-1.317
0.899
3.595
-1.657
2.340
1.599
0.255
-2.034
-1.389
1.045
-3.066
0.664
1.649
2.715
-3.006
3.509
4.419
1.334
-2.141
-0.437
0.236
0.999
0.403
1.025
0.132
0.986
-0.755
-0.462
-1.032
4.951
3.863
1.683
3.531
2.266
0.785
-3.263
-0.279
-0.454
-2.369
-3.217
1.533
1.129
-2.452
-1.440
3.137
-1.756
0.760
-0.105
1.565
-1.705
0.566
0.755
0.902
0.540
1.177
5.610
6.497
-1.184
-5.214
1.779
0.797
2.897
1.034
0.491
3.059
3.395
-2.978
-1.610
0.097
0.586
-0.192
1.392
2.741
4.485
1.739
-1.696
-0.004
0.169
1.585
1.282
5.271
-0.758
1.273
6.001
-1.054
0.698
-1.918
0.547
-1.523
2.862
0.704
-1.895
2.367
0.781
2.637
-2.404
1.235
2.206
-0.666
-2.672
0.250
3.297
3.052
-0.678
-2.729
-0.685
-0.774
1.421
0.098
-1.458
3.000
0.687
1.395
-3.790
-5.468
-3.100
-0.803
1.733
-5.271
4.173
0.759
3.615
-1.776
1.559
0.554
2.312
-0.211
1.486
2.995
-1.213
0.931
-4.181
2.036
5.041
-2.637
0.131
2.463
0.425
0.746
-0.588
-0.678
0.142
0.450
-2.485
0.192
4.114
-0.656
-2.619
-0.013
-1.365
-2.862
0.684
-1.355
-1.149
0.718
-3.330
-3.830
1.960
-4.284
-1.994
-3.970
-0.817
1.377
0.620
6.090
2.959
-1.885
-2.523
6.846
2.900
1.764
0.530
1.006
-3.207
0.727
0.521
-1.820
-0.942
3.986
0.050
5.321
-3.828
-0.903
-3.363
-2.553
-1.638
1.107
0.990
-1.280
-4.997
3.896
-0.336
-2.329
1.010
0.841
-0.424
0.706
-2.422
2.174
-2.042
-1.103
1.907
3.240
4.156
2.884
-0.428
-3.348
3.722
3.640
-1.263
2.561
-0.447
3.953
-0.886
5.099
2.237
4.664
-0.763
1.322
-1.976
2.376
2.508
6.103
1.507
2.088
-0.780
1.649
-0.562
0.628
0.769
-0.496
0.501
-0.551
-0.561
2.934
0.771
1.183
-3.148
1.366
1.623
-0.606
5.354
-5.144
2.232
2.061
1.650
0.773
1.672
2.434
-1.392
1.068
-0.090
-2.275
2.071
-1.004
-3.245
-0.944
-1.567
2.818
0.718
3.668
-1.250
2.448
7.165
1.204
2.418
2.014
-3.063
1.756
1.085
-0.273
-1.772
2.016
-1.984
5.471
0.624
-2.586
-0.884
-0.318
6.140
-1.773
0.071
-0.941
1.548
-0.903
-2.384
-0.119
-0.369
-1.071
-0.943
3.193
-0.417
-2.372
-0.759
0.480
-2.857
4.252
2.432
3.782
1.291
-4.675
4.035
-1.723
-1.527
0.725
3.658
2.878
2.525
-0.398
-0.436
1.180
0.038
2.484
2.342
1.769
-5.712
0.657
0.089
0.753
-1.460
-2.829
1.462
-0.505
1.729
-1.260
3.748
2.753
1.062
-0.162
2.396
1.292
0.923
2.853
3.774
-2.656
-2.171
-1.523
-3.256
0.199
1.790
0.299
-0.932
3.053
0.687
1.173
3.120
0.054
5.295
-0.725
5.145
-1.989
1.592
-1.192
3.037
-0.798
1.048
-1.211
2.599
-1.224
4.390
-2.040
-2.880
2.634
-1.070
0.333
-0.423
-2.800
0.165
3.386
2.758
0.906
3.019
-2.193
-0.431
1.300
0.037
-0.242
-2.532
-4.645
2.313
0.934
2.515
-0.699
-1.361
0.366
2.400
-0.205
2.274
-2.065
-0.037
0.182
3.293
0.848
4.541
-2.884
0.662
0.781
1.838
-1.602
4.393
0.381
-2.259
0.312
-0.402
7.030
2.870
0.469
0.081
2.633
2.747
-6.638
1.893
0.417
-2.797
2.463
5.741
1.686
2.991
4.680
-1.643
-4.108
1.926
-0.244
-2.948
0.162
2.096
-0.008
-1.538
-0.186
0.303
-4.281
0.007
-2.876
1.932
-3.397
2.780
-0.632
-0.953
1.057
-1.728
1.019
-1.407
-0.986
1.323
-2.383
-2.684
0.946
0.285
0.755
1.136
0.488
1.809
0.584
-4.468
-3.845
4.977
0.350
2.631
-0.480
0.211
-0.738
6.268
0.958
-0.934
-3.614
5.087
-0.042
2.136
2.404
-0.761
1.964
-1.100
-2.027
3.145
-0.030
1.594
1.336
1.881
-3.386
-1.055
-0.429
-1.646
1.380
3.199
3.578
-0.464
1.051
1.420
1.841
-1.758
4.719
2.574
2.636
3.238
1.632
-2.116
0.016
-3.613
1.346
-0.056
0.253
3.240
-0.747
-0.255
0.403
-4.066
-0.289
-5.616
-1.055
2.402
1.423
-1.078
0.448
-2.230
0.344
7.383
4.780
0.476
0.734
-2.001
-1.574
1.219
-0.910
2.520
4.117
1.148
0.594
-3.684
2.144
-2.395
-0.653
2.653
2.821
-0.770
-0.631
-1.328
-2.525
-1.174
-3.522
1.989
1.297
1.695
-1.941
-2.518
0.478
0.504
-0.003
-0.345
4.456
1.372
5.080
3.396
4.438
-2.229
1.774
-0.686
-3.642
3.940
-0.355
-2.182
-0.645
-1.561
-1.315
-0.182
4.504
-1.249
4.332
2.387
1.301
2.145
0.383
3.437
1.711
-3.645
1.061
2.232
-0.344
0.653
-1.121
-2.956
-3.371
-3.339
1.956
-5.627
-1.250
-1.488
-0.327
-4.105
1.319
-2.706
3.068
-1.142
0.121
0.359
0.936
0.439
-0.675
1.173
1.469
-1.486
1.373
3.210
2.044
2.588
0.763
-1.897
-1.593
1.118
2.613
7.036
2.706
-2.459
-1.491
5.818
-0.165
0.464
-1.955
4.106
1.551
-1.509
-2.035
1.087
0.456
2.347
1.663
-0.285
-0.955
-0.034
-0.972
0.038
0.389
-1.805
1.864
-0.539
-1.671
-0.494
0.931
0.549
1.363
2.506
3.482
1.035
-2.217
-0.296
-2.060
4.422
5.120
1.911
2.410
0.952
1.229
-3.484
0.173
-1.765
1.025
0.207
5.022
2.550
1.033
-0.291
4.372
0.278
1.146
0.451
-0.620
0.438
-4.359
-3.364
1.189
4.114
1.186
-1.379
-3.113
2.233
-1.011
1.894
1.286
1.498
0.431
1.271
0.063
-1.175
-1.962
-5.374
-0.085
3.997
2.102
0.897
-1.412
2.744
0.064
4.130
-2.005
-1.450
-1.683
-3.207
-1.899
0.598
-1.359
-8.905
2.928
-3.692
1.764
0.425
5.432
2.743
-0.861
-1.335
3.957
-3.192
0.808
0.035
-0.474
1.198
0.805
1.448
0.684
1.352
0.574
-1.233
0.360
-1.365
-1.523
-0.457
0.063
0.435
2.549
-0.846
0.822
0.633
-1.111
0.527
2.757
0.798
0.894
-1.343
5.075
-1.206
-3.653
2.414
0.074
-0.377
-0.959
4.842
1.201
1.669
0.740
0.998
3.707
-0.252
-3.147
2.433
1.542
0.609
1.480
-0.540
0.400
0.034
-1.070
3.204
-3.039
6.016
2.456
-3.917
-0.188
-0.055
1.291
-2.025
0.427
0.059
-1.420
-1.754
2.555
-3.722
1.497
2.264
-0.175
0.476
3.142
-1.342
-1.094
-0.839
3.147
3.452
-3.000
2.765
2.315
4.079
1.274
0.244
3.099
2.027
5.738
2.651
0.719
-2.468
-1.044
-3.096
-0.166
2.573
0.341
2.802
1.160
-0.617
0.560
1.483
0.684
0.712
-1.496
-0.689
5.770
3.298
-3.187
-5.331
0.533
2.494
-0.898
2.802
0.493
-0.041
2.165
-0.927
-0.338
1.958
0.275
4.931
2.015
1.859
0.231
2.449
-0.424
1.028
-1.849
2.845
1.047
5.108
6.092
2.182
0.514
-1.921
2.521
0.855
1.641
4.501
-1.629
-1.868
-0.217
2.321
1.682
-1.800
2.166
-2.533
-1.661
0.073
-0.978
2.486
1.037
4.587
-0.243
0.057
3.255
0.132
3.936
1.648
-5.297
3.176
2.541
2.633
-4.236
-1.241
-1.063
-1.669
4.531
0.322
0.262
1.675
1.716
-7.654
-1.201
-3.041
1.311
-0.343
0.387
-4.638
-0.394
3.026
3.733
2.075
-2.855
3.373
2.088
0.069
-4.510
2.639
-1.071
1.181
0.514
4.042
0.049
0.314
4.139
-1.230
2.304
-0.127
-2.056
0.353
2.010
3.599
3.889
-0.357
-2.019
-0.415
-2.486
-0.172
-0.470
2.096
-4.944
-1.411
-1.391
3.199
-2.323
0.894
0.042
2.853
1.780
0.641
-0.981
-4.096
0.943
1.623
-3.430
-2.611
0.956
1.164
-2.028
-1.028
-4.058
3.655
-2.770
1.651
0.266
3.445
-1.551
0.497
-3.726
-4.302
1.781
-3.934
-0.198
2.777
2.142
-1.245
-3.462
1.573
3.571
-1.239
-1.578
-0.910
1.722
3.298
-2.625
-3.246
5.966
-0.076
0.957
-1.311
1.526
2.654
1.070
4.528
-0.434
-0.281
0.905
1.466
0.897
-2.733
1.100
-0.548
-1.044
0.428
-1.958
-2.375
-5.927
4.543
1.684
0.070
-1.251
-6.552
-1.398
2.068
2.611
1.892
0.730
3.479
-0.438
2.954
-0.573
-1.765
-2.064
-2.205
1.932
-1.433
-2.129
2.063
1.137
2.660
1.580
-1.457
0.533
0.650
-1.856
-2.301
-1.284
5.238
-0.641
3.309
-0.775
2.483
2.516
2.636
1.281
3.656
1.258
4.462
-3.538
1.186
1.030
-1.898
1.741
-3.226
-1.220
-4.448
4.091
-0.206
5.551
2.277
1.425
-1.057
-2.161
1.605
0.178
-2.864
-3.290
-1.951
4.720
5.662
0.842
0.707
-0.457
-1.893
3.650
4.847
-1.794
0.151
-0.730
-0.659
3.196
-2.799
1.470
2.098
0.009
2.493
0.704
3.271
-3.303
-0.487
0.178
-6.063
-2.256
-1.603
2.626
-1.346
-1.613
2.312
-3.533
-4.621
-0.518
-3.124
-3.033
1.726
2.452
2.243
3.011
3.329
-4.759
1.431
-0.921
-1.444
1.695
-3.803
-3.853
1.871
1.521
0.678
-1.762
2.135
1.983
0.555
-2.476
-0.671
2.361
3.535
-0.434
-0.249
-0.038
1.010
-1.045
-6.596
3.213
4.657
-1.120
-2.210
0.021
-0.100
2.739
0.481
-1.552
-2.814
2.428
1.789
2.895
-1.974
4.762
-3.835
2.053
-4.233
-1.547
4.096
2.345
-0.961
-0.895
0.591
1.584
3.354
-0.745
-3.518
0.727
-0.748
-2.772
1.064
-0.161
1.086
-1.797
1.518
-2.811
-1.637
-0.233
4.530
2.234
2.935
3.751
8.997
0.450
3.759
2.780
2.740
4.608
-0.656
-0.847
1.117
-0.088
1.114
4.101
-0.798
-0.381
0.768
-0.198
-4.244
-1.042
2.000
3.800
-2.421
-2.432
0.423
-4.631
-0.718
-3.817
3.636
-1.496
4.317
3.022
-1.201
-2.223
-0.115
0.099
1.181
-1.514
2.141
0.987
-0.467
-1.359
-0.094
-1.611
0.490
0.555
0.978
4.589
0.032
2.761
0.901
-0.222
0.064
0.209
1.021
-1.952
-3.167
1.920
2.505
2.140
0.722
2.191
2.062
2.240
-1.713
-2.283
-0.583
0.308
-0.231
-4.154
4.482
-0.308
0.764
3.337
-5.278
-0.878
-0.579
-0.457
-0.066
3.823
1.966
2.649
0.463
-3.008
-4.641
-3.321
1.213
0.426
-0.154
-0.535
5.178
-1.625
2.577
0.355
0.204
3.174
3.860
-0.225
2.268
1.223
0.368
0.840
-1.301
-0.385
-1.044
2.513
0.122
-2.765
-1.386
-7.328
-0.837
0.440
0.023
5.102
1.730
1.623
-3.594
-0.525
-0.818
-1.537
-1.570
-3.989
-2.712
2.448
0.007
-0.865
0.337
3.152
0.360
1.647
-1.682
-1.135
1.200
4.892
3.781
1.749
0.713
3.713
2.257
-5.155
-2.179
1.162
-3.939
-1.804
-1.330
-0.265
-0.340
-0.344
2.331
-0.287
-0.573
-2.888
2.808
-1.262
-2.259
0.861
-1.491
-0.912
0.970
-0.434
5.898
0.170
1.833
-4.310
-1.716
-2.259
-1.941
1.347
2.835
1.177
-0.194
-1.164
3.023
5.321
0.674
2.604
1.174
2.163
-2.445
-0.822
1.299
3.260
-1.614
-4.530
-0.846
2.774
-3.451
-2.475
0.724
0.072
1.777
-2.599
-0.430
3.218
-2.513
3.895
-2.212
2.389
-0.545
-2.398
-0.843
1.658
0.334
3.034
3.796
-2.489
-2.665
-2.782
-1.808
3.000
1.695
-0.958
0.323
3.720
4.929
0.973
-6.032
1.063
2.593
0.889
2.094
1.207
-2.613
-1.777
-0.421
2.907
-1.488
1.444
1.079
4.157
0.250
-3.861
1.902
5.481
2.060
-1.540
-2.247
-1.937
5.158
-0.436
-1.240
-0.030
-0.411
4.112
-2.085
3.184
0.643
3.247
4.148
0.554
-0.406
0.509
0.123
-3.627
4.076
0.940
-2.441
-4.612
-5.236
2.199
-1.136
-0.742
1.522
-0.889
1.662
0.579
0.148
-3.425
-1.617
1.796
-1.287
3.243
5.981
1.925
3.933
2.080
-0.932
0.830
5.182
-0.907
-2.144
-2.372
-0.172
-2.058
4.368
0.869
2.682
-0.367
-2.386
-2.793
-1.829
1.184
1.598
1.798
-3.223
0.349
-2.113
1.314
1.500
-2.463
2.673
5.963
2.354
-0.041
-0.410
-0.152
-1.476
0.956
-2.382
-4.185
0.877
0.401
-1.021
-2.728
1.045
-2.026
0.017
4.586
1.913
-2.936
-2.710
0.714
-2.951
-4.454
1.628
1.120
1.431
0.981
0.193
-1.239
1.589
4.022
-0.853
-2.100
-2.374
-1.730
0.836
-4.785
1.404
1.895
-3.965
-2.000
0.541
0.006
1.597
0.011
3.385
-0.421
-2.009
-2.202
2.115
0.421
1.871
1.821
-4.498
-2.386
-2.100
-1.609
-0.659
2.748
3.226
-0.353
-0.253
-1.343
0.564
0.836
2.286
2.266
-5.175
-0.016
3.672
-0.701
3.084
-0.385
0.770
-2.379
-2.288
2.091
2.466
0.413
-2.596
0.455
3.367
4.533
-0.410
-3.634
2.367
-0.312
2.613
1.025
-1.770
0.490
3.490
-0.008
-2.134
-3.463
-1.503
-0.634
2.318
-2.340
4.079
-2.859
5.946
4.491
0.689
-3.604
0.217
-0.578
-2.708
1.048
-1.627
-1.366
-0.139
-1.030
5.338
-0.936
1.408
0.699
1.197
1.380
2.465
0.989
0.890
0.490
0.018
-1.838
0.204
0.929
1.315
0.783
-0.209
0.213
-0.979
1.102
-0.181
0.783
2.752
-1.352
1.782
0.430
5.201
-0.169
2.018
0.387
-2.982
-0.900
2.463
-0.688
-4.979
0.275
-2.272
0.666
4.073
2.197
4.038
-0.998
0.006
-2.157
-1.292
-1.875
-2.786
3.628
-4.671
3.638
3.341
1.550
-2.325
-3.447
-0.966
1.850
0.357
-2.154
3.106
4.393
-0.194
0.612
-3.271
-0.645
1.575
1.202
-0.868
-0.308
-0.723
-0.318
1.366
-4.372
0.172
1.190
-1.019
-0.800
-0.731
-0.800
0.364
0.660
-4.691
1.917
-0.346
4.989
-2.510
-1.732
-0.137
1.342
-4.332
-1.640
1.769
-1.925
3.638
-0.739
-1.808
1.815
4.208
1.349
3.375
4.374
-1.862
2.602
-3.306
1.370
0.179
3.333
3.163
1.717
1.066
1.570
0.498
0.203
3.812
4.101
0.010
0.920
0.546
-3.518
-0.457
4.189
-1.449
5.425
3.163
1.314
1.696
-1.851
-0.287
3.809
-1.125
2.897
-2.955
-2.526
4.913
0.322
-0.942
3.621
3.340
2.560
-1.018
-0.339
1.098
2.017
-0.870
0.760
0.992
3.438
2.161
-3.266
-0.163
-1.879
1.713
2.566
0.594
-0.294
0.516
0.851
-1.186
-2.575
-4.570
3.391
1.541
1.220
3.386
-2.663
-3.816
1.272
1.054
-3.805
1.213
-0.611
-1.587
-0.450
-5.510
-1.069
-1.340
1.687
-0.030
1.883
-5.769
-1.664
1.684
-0.391
2.379
-3.981
2.105
-1.184
-1.417
2.729
3.139
2.833
5.243
3.390
-1.559
0.690
-0.514
5.220
3.002
-0.103
2.457
-2.607
0.951
-1.901
-3.703
2.233
2.531
1.447
-0.089
-2.689
-2.437
-1.976
-0.211
2.933
2.895
-3.607
-1.314
-1.378
-5.726
1.709
-0.241
0.078
3.580
0.562
-0.684
1.723
2.891
1.062
2.004
0.001
0.154
0.621
-1.457
-1.013
3.657
5.169
4.171
-2.826
-3.058
-2.508
0.673
-6.391
-1.063
3.727
2.708
-0.872
-0.690
1.711
2.595
-0.930
-0.212
-1.008
-2.845
-0.177
-0.360
-2.676
1.901
1.510
2.020
-1.493
-4.411
1.472
-1.244
-1.788
-2.667
-0.311
4.136
-0.863
-2.266
1.915
0.765
-4.736
1.940
5.458
-5.891
-2.616
-6.486
0.169
2.727
0.603
3.691
2.343
4.435
3.135
-0.617
0.510
-1.735
-0.204
0.498
0.146
3.571
-0.442
-1.887
-1.737
1.922
-3.018
-0.133
3.536
1.052
0.171
0.264
-2.121
-1.707
-0.118
1.001
2.626
0.572
3.597
4.202
2.259
3.290
-2.028
-2.408
1.593
-2.869
-0.347
2.201
3.742
-0.260
-1.210
1.119
-2.227
-0.066
0.331
0.283
0.562
-1.653
-1.395
-1.443
-3.538
1.170
2.497
2.261
-0.280
-1.596
2.136
1.883
0.872
4.536
0.287
-0.267
-0.610
-3.396
1.937
0.097
1.574
4.771
-0.588
-5.261
1.505
0.750
-1.408
1.303
2.237
-1.922
-0.373
3.894
-1.382
0.510
-5.949
-3.206
0.728
3.297
-2.919
0.529
-0.552
2.637
-2.573
1.382
-1.219
0.885
0.515
-0.254
1.497
0.455
0.031
-0.505
0.536
0.883
-2.024
-0.489
-2.182
0.254
-1.072
2.200
1.965
-1.865
0.344
1.882
-0.071
-1.398
-2.272
2.400
2.517
-0.149
2.189
-6.767
3.536
-0.027
0.690
-0.419
3.700
-2.196
3.889
1.301
1.844
-0.440
-2.790
2.583
1.097
3.618
-0.115
-0.656
3.681
4.939
0.372
-1.457
2.295
-0.260
1.788
-0.272
4.104
-1.329
1.503
-0.823
-0.326
-0.639
2.123
2.554
1.689
0.091
0.686
2.505
2.580
-6.107
-0.303
-0.188
1.956
0.190
2.076
-2.239
0.974
2.510
-3.189
6.383
3.208
0.353
-1.638
-0.070
0.551
1.408
3.952
-0.793
1.701
-2.752
-0.643
1.254
2.009
-1.458
-0.708
3.855
3.139
0.850
-5.018
6.377
0.302
-0.400
-0.904
1.253
1.278
2.632
-1.873
-0.400
5.223
0.889
-0.064
-1.910
1.564
2.824
2.449
-0.271
1.217
4.362
2.920
-1.532
-5.760
1.062
2.267
-2.264
0.329
-0.283
0.600
-0.957
3.447
0.705
-1.760
2.552
-2.684
3.433
2.729
3.685
-0.030
-0.841
0.552
0.147
-1.217
-0.979
-0.529
-2.458
1.977
0.224
-0.390
-2.315
-2.435
4.996
-1.155
1.815
0.740
-6.310
4.652
1.992
-1.492
0.282
-2.408
4.733
-1.828
-0.905
-1.401
0.543
3.639
4.644
-0.608
1.258
0.547
-2.006
6.164
3.621
0.804
4.147
3.259
0.546
1.132
3.979
-1.921
4.367
-0.190
4.009
0.337
1.160
0.268
-0.926
-0.298
3.660
-5.204
-2.624
-1.391
-2.238
3.974
3.368
1.771
-1.181
3.554
-3.462
5.491
-1.293
-0.279
-0.680
-2.225
4.970
2.243
3.267
-2.587
0.784
1.600
1.000
-2.435
2.931
0.642
-1.942
-4.103
1.806
6.231
-2.087
0.759
3.015
-2.697
-0.802
-1.714
2.713
3.531
0.732
-1.670
-0.713
-1.163
-1.995
0.105
1.730
1.527
0.330
0.487
0.154
-2.763
0.734
-1.051
-2.884
1.240
-1.118
0.897
2.384
-1.931
0.571
-3.995
4.028
-2.912
-0.886
3.562
-0.213
-2.524
2.061
2.007
-1.170
-0.910
-0.695
-0.147
-4.193
-0.085
4.631
-1.800
-1.050
-2.491
1.819
3.238
3.183
-2.645
1.550
3.791
1.573
1.498
-0.782
0.878
3.317
1.138
-2.646
-0.745
3.252
1.129
0.636
-0.980
3.203
4.340
3.382
3.812
-0.511
-0.850
-0.025
0.443
3.784
3.148
1.642
-3.085
-3.701
0.927
2.463
0.159
4.946
-2.248
-2.550
-1.244
-1.336
1.613
-0.662
-3.365
2.490
-3.874
-2.221
-3.544
0.847
0.797
4.949
2.543
3.810
1.043
-1.995
0.657
1.772
2.039
-0.784
1.523
-1.889
-2.154
-2.328
0.409
-2.477
-0.669
2.517
-2.120
-0.860
0.522
0.943
-0.848
2.238
1.767
3.086
0.154
-0.881
-1.288
1.087
-0.555
-1.016
-0.726
-1.291
0.828
-3.040
1.077
1.974
-1.044
4.963
0.392
-3.397
-0.325
0.500
1.428
-0.268
-2.078
-2.278
-1.219
-0.989
-2.374
-1.409
1.933
4.306
2.163
3.484
2.688
2.350
-0.461
0.688
-0.659
-0.176
0.514
2.063
1.366
-0.038
0.483
1.390
1.952
-3.296
-2.236
3.008
0.204
-0.668
-0.282
-0.283
1.689
-2.309
0.409
0.941
1.301
0.885
1.588
-1.024
-1.910
6.247
-0.373
-0.093
1.977
4.181
-0.957
-2.047
-2.631
4.173
-2.141
0.284
-1.995
-3.126
-0.352
-1.901
-1.310
5.165
1.370
2.586
2.329
0.108
-0.705
0.947
0.754
-1.015
0.662
-1.345
-0.061
-0.455
-2.695
-5.293
-1.904
4.680
-0.393
2.212
-4.749
-2.070
-2.901
-0.136
6.163
1.455
4.419
-0.261
3.626
5.326
0.088
-0.944
-2.813
-0.392
0.547
5.224
-2.758
0.493
-4.004
-0.674
1.097
1.580
1.764
1.304
1.743
0.460
-2.165
-4.094
-0.962
0.027
3.359
0.109
-0.122
1.275
-0.298
2.295
5.100
5.608
0.583
1.159
4.139
-0.010
1.980
-2.374
-0.396
3.125
-1.374
0.043
-3.428
5.164
3.381
0.801
1.568
1.300
3.672
-0.895
2.107
2.936
3.267
-5.072
-1.088
-2.096
0.709
-4.488
-4.559
5.558
1.832
0.640
1.223
0.701
2.744
-1.168
0.798
0.896
-2.162
3.415
-0.720
2.792
0.626
4.271
-2.149
-2.253
-1.824
0.670
4.050
4.173
-5.194
0.949
-7.361
2.258
3.034
0.253
0.552
0.527
-1.533
1.386
-0.205
2.583
0.077
-1.716
-3.336
-4.124
3.500
-0.749
1.163
4.630
-1.001
-1.156
0.033
0.421
4.880
4.108
1.840
3.829
-0.078
1.068
-0.374
-2.747
3.239
1.626
0.393
0.344
-3.265
-1.996
1.157
-0.920
-0.173
0.099
-1.288
-1.973
-3.520
-0.002
1.835
-3.595
0.292
1.025
-2.025
3.763
-0.576
0.107
-0.037
-3.900
2.771
-1.943
-0.218
1.784
3.856
-2.242
-0.722
3.668
1.463
1.961
-2.173
-0.560
-0.053
-1.709
-3.669
-0.875
3.600
0.492
3.648
0.780
-1.485
3.416
0.860
2.658
-2.214
2.843
2.915
1.045
-1.587
0.240
1.817
0.913
1.793
2.779
-1.206
-2.422
0.260
-0.441
2.236
-2.229
2.799
3.599
0.351
0.496
-1.492
-0.952
-0.630
3.813
0.178
-2.823
0.963
2.333
0.289
3.876
2.216
-2.168
-0.973
0.893
-3.649
1.157
-3.878
2.806
2.527
1.561
-1.272
0.758
-0.882
-2.124
-0.463
2.026
0.455
3.832
2.188
1.931
-3.511
-0.334
-2.204
-0.089
-1.314
-0.556
2.897
1.491
2.767
-3.492
0.489
2.670
3.965
-3.365
-0.494
2.832
-0.111
-1.835
-3.370
-1.927
-3.703
0.490
2.501
-2.676
0.969
2.379
0.344
-3.516
1.277
0.219
-0.026
-0.962
0.558
1.574
6.088
0.620
3.977
1.209
0.111
0.707
-2.582
1.084
-4.431
-1.720
0.614
3.216
3.783
-0.218
0.724
2.712
-2.841
1.321
-1.637
-0.062
-0.752
1.395
1.671
2.489
1.186
0.762
4.800
-3.308
4.419
-0.346
1.720
-0.432
-1.336
1.513
2.851
1.485
-0.951
9.017
3.227
2.590
-0.497
-1.150
-0.322
2.945
-2.027
-2.214
1.645
1.116
-1.499
-2.269
3.801
1.207
-2.922
-2.755
-0.518
2.109
1.778
3.066
-3.227
0.887
3.772
3.549
1.211
5.985
1.812
2.853
0.457
-1.524
-1.751
0.786
-0.158
-3.895
-2.112
-0.414
2.095
0.311
0.177
-2.019
0.406
3.516
0.723
-3.268
-2.654
1.763
-0.188
0.171
-1.121
1.558
-0.372
-0.098
-1.693
2.562
-0.181
1.809
-2.515
4.511
3.416
-4.234
-1.575
1.496
-2.817
0.034
1.374
-0.093
1.643
-1.314
-5.036
2.707
2.692
6.359
-4.947
2.152
-4.375
4.566
1.521
-1.935
2.223
-0.977
1.071
0.844
4.536
4.706
-1.083
2.889
1.202
-3.040
-1.321
5.957
1.209
2.749
-0.159
-0.946
0.415
-0.289
-3.234
-2.058
2.049
-0.564
0.412
0.914
1.101
3.102
-2.287
1.719
2.162
2.716
-3.041
0.962
4.469
0.112
1.510
2.223
-2.111
4.751
1.549
1.597
-3.639
2.257
1.565
4.248
-0.397
-2.020
-1.287
-0.862
-2.335
3.446
3.536
-0.120
-0.593
-4.007
2.020
4.318
-1.179
0.070
1.392
4.489
0.829
0.819
0.780
-3.070
-3.122
-1.589
2.781
-0.455
-0.921
-0.963
0.020
4.435
-0.013
-1.537
0.411
4.562
-0.857
-2.484
-0.852
0.659
2.002
2.767
-2.160
-1.932
-0.426
1.993
-2.674
-1.108
-1.073
2.610
1.618
2.519
3.563
-0.384
-2.500
-2.484
-4.061
-0.751
-0.572
2.240
0.391
-0.827
0.072
-2.144
2.811
-1.536
-2.386
2.313
1.728
-3.787
2.402
-1.430
-0.548
0.799
1.758
1.419
0.230
-0.669
1.339
0.066
4.683
1.757
-1.866
-0.796
0.466
3.469
3.737
-0.601
-1.891
-2.198
0.956
5.879
1.644
-3.475
-1.392
-1.147
-1.623
-0.581
1.237
1.987
2.970
1.608
-4.340
-2.188
-0.029
0.703
2.417
0.454
0.472
0.921
-0.262
0.559
3.052
0.149
0.277
0.269
3.465
-2.309
4.612
-2.473
-1.220
2.137
2.823
-3.018
-2.272
1.017
5.977
3.341
-0.245
-5.456
0.546
1.220
-0.568
-1.692
0.732
-1.911
4.844
3.990
1.929
0.565
-1.234
0.300
4.284
2.435
0.839
2.568
1.659
1.301
2.703
1.591
2.411
0.737
-0.260
-0.966
-1.252
-3.502
-1.839
-1.908
-0.868
4.099
-0.028
0.930
1.006
4.160
-1.031
-0.184
0.095
3.078
3.576
1.489
3.309
0.776
-0.064
3.179
1.520
-1.415
2.744
-0.150
-0.444
2.493
0.137
1.284
1.939
-1.529
1.274
3.589
-1.946
1.430
-1.641
2.801
2.779
-0.500
5.653
3.006
2.047
1.911
2.711
-2.040
0.817
1.270
-0.610
1.466
3.306
-0.662
0.219
-1.619
-3.939
2.219
0.288
0.464
-2.018
-0.095
2.982
0.352
0.420
0.848
-2.617
1.850
-2.662
-1.905
-2.168
-0.071
-0.496
0.347
-1.823
2.763
2.352
-0.067
-0.798
-1.040
-0.394
-3.011
-1.953
2.414
1.074
4.272
-0.368
-0.518
-0.629
-0.416
-1.234
1.000
0.420
-0.874
3.353
4.902
3.150
1.689
2.178
4.805
2.175
-1.054
1.291
1.853
-2.037
-0.334
2.991
-4.026
-2.651
-0.073
1.199
-2.908
0.046
3.119
0.515
2.604
-1.071
-1.594
2.387
1.236
-2.495
-1.572
4.105
-1.869
2.592
-0.798
0.342
1.057
-4.692
-3.161
0.557
-1.388
2.742
-3.505
1.707
-2.953
-0.495
-2.205
4.916
-2.865
0.057
-3.794
4.189
1.313
0.679
3.888
0.704
0.877
0.666
1.703
-0.832
-0.164
2.295
1.016
0.076
-3.011
3.945
-1.237
2.719
0.772
-2.754
3.355
0.961
3.555
-0.088
2.040
-3.880
-0.851
-2.705
-0.549
1.482
-1.101
2.423
-1.706
2.475
3.493
2.782
-0.476
-4.751
1.747
0.049
-1.998
-0.985
3.793
-2.380
1.474
0.873
-0.508
1.897
4.267
-0.360
-0.234
1.843
2.554
0.044
-0.383
-4.972
-1.517
-2.384
1.993
-0.235
-0.329
0.328
-1.738
4.078
3.466
4.233
1.990
0.279
4.225
-1.284
-1.741
-1.094
1.605
-1.479
-0.023
-3.494
1.505
-3.291
-1.887
3.271
3.183
1.248
1.012
-0.924
-1.505
-0.519
-3.283
0.956
0.467
-1.890
4.115
1.807
2.010
-0.820
0.347
1.856
0.717
4.195
-0.139
-0.861
1.872
-2.685
2.568
-2.772
1.883
-1.206
1.494
2.528
0.718
-2.529
-1.802
-1.399
-4.198
3.056
0.614
-2.375
3.844
-1.333
0.951
-1.631
-4.494
-2.925
-0.726
2.506
1.182
0.686
-4.474
3.398
0.887
0.063
3.068
3.344
3.121
-0.243
-2.058
2.723
-2.926
5.023
0.417
-2.196
-2.606
-2.716
0.687
0.335
-2.616
-0.505
-2.933
1.764
0.219
-0.558
-2.741
-0.370
-0.645
1.113
0.751
2.251
-0.813
-4.115
2.729
-1.896
-2.307
0.247
1.075
-0.924
-0.943
-0.588
3.750
0.344
-1.973
-1.949
-0.252
0.921
1.512
0.648
-1.670
-0.667
2.111
-2.401
-0.768
1.784
2.451
-0.113
-0.637
-2.823
1.612
3.515
6.506
1.277
0.228
-1.858
-4.159
0.775
5.991
3.400
3.030
0.939
1.213
-5.467
2.180
-1.040
-1.334
-0.426
-0.507
-1.372
0.383
-0.990
0.591
-3.219
-0.164
-2.281
-1.189
0.694
-3.500
-1.624
1.716
-3.042
4.617
3.241
-0.837
-1.539
0.835
-3.124
-4.455
-0.752
0.028
0.577
-1.125
3.407
-3.238
-2.382
1.518
-2.438
-2.531
0.646
-2.178
0.031
-1.330
-1.718
-4.696
0.685
-2.643
-0.054
-0.879
-0.146
-0.009
0.815
-1.397
3.332
-4.084
-0.194
2.357
1.494
-1.990
-1.590
-2.066
1.788
-1.426
0.962
0.984
6.034
1.102
-1.597
-3.154
-0.312
0.064
-4.956
-1.363
1.064
-0.928
2.675
-3.390
1.975
2.543
2.646
-3.408
1.105
-1.255
-3.025
-0.643
-1.822
2.560
1.581
-2.416
-1.388
-0.564
0.176
2.765
2.008
0.473
-0.276
-3.906
3.451
-0.723
4.082
0.821
5.211
1.805
-3.087
-1.125
-0.056
-1.747
-0.555
-2.931
0.364
0.920
-2.060
5.007
0.502
-1.610
-3.561
0.494
-0.275
2.229
0.006
-2.515
4.360
1.395
-0.260
0.745
1.488
-3.079
0.728
-0.730
1.568
-1.426
-1.101
4.341
3.304
-7.559
3.126
0.173
-1.350
-2.067
-1.928
-1.282
-2.355
-2.901
-2.147
1.126
0.470
1.684
0.191
-2.786
1.537
-2.061
1.902
-2.448
-1.300
-0.517
1.969
0.772
0.398
4.876
-4.059
-2.142
-2.245
-3.900
-1.377
2.001
-1.070
-0.449
-3.784
-1.562
-0.758
1.892
-3.670
-0.742
2.958
-0.718
-4.727
3.420
2.114
2.437
-3.835
3.980
-1.506
-0.873
-1.337
2.623
-0.082
1.506
0.532
0.122
-1.922
4.699
-3.162
1.339
1.254
3.120
3.681
0.020
1.623
4.586
0.194
-2.209
-0.573
-2.781
1.242
2.905
0.060
-3.540
2.802
-3.913
-3.360
-0.078
0.954
1.363
0.191
4.574
0.506
2.833
2.239
-2.753
-0.057
5.446
-0.860
-1.269
0.759
-0.774
-1.555
-0.810
3.787
0.022
-2.837
-3.278
5.646
-0.186
1.393
-1.501
1.120
3.852
-1.215
1.451
-3.024
5.205
0.994
-0.641
-0.365
-0.874
-0.751
-5.524
0.115
0.014
1.523
-0.906
-1.500
0.331
-3.520
0.694
-4.118
3.040
1.992
-1.873
1.937
0.618
-2.072
-4.505
1.109
-1.556
2.978
0.384
-1.329
4.665
1.733
-8.422
-0.817
-2.972
-1.570
0.003
1.200
0.977
2.937
1.878
1.729
0.834
3.438
-0.409
-0.347
-4.223
2.885
0.165
7.391
-0.623
0.563
1.662
-2.295
1.211
0.433
-0.379
3.164
-1.819
1.010
3.841
-1.346
-0.363
5.979
1.489
-0.865
2.276
-1.013
-3.406
3.644
-2.297
6.234
-0.824
5.470
-2.935
2.811
1.549
2.361
2.673
-0.845
-2.791
0.228
0.885
-0.782
1.016
1.141
-1.834
1.298
-0.291
-1.330
2.240
-1.515
-0.746
0.523
3.648
0.813
1.618
-0.364
0.162
0.233
1.054
-0.360
3.566
-0.546
-3.747
6.933
-0.436
3.502
3.721
2.619
-0.125
1.038
-2.709
5.126
-1.694
-0.259
0.588
0.092
-1.226
3.696
2.631
1.123
-0.609
2.904
-0.765
4.119
0.617
3.301
0.077
0.522
3.291
5.615
4.095
2.455
1.764
-0.867
1.059
-1.841
1.252
1.406
-4.356
0.443
1.346
0.149
1.209
-2.870
-1.512
2.834
0.351
1.166
-0.962
0.397
-5.175
2.380
4.689
-2.206
-1.907
1.408
3.887
0.345
-2.600
-0.151
-2.122
-1.255
-0.380
-1.880
-1.517
0.529
0.866
-3.068
1.301
-0.567
2.079
2.223
-0.957
1.824
-1.659
3.527
-1.568
1.197
-0.100
-2.091
2.512
-1.124
-3.730
-6.567
-1.750
3.652
3.369
-1.375
-0.549
-0.766
-2.850
-1.927
2.705
1.559
1.005
-2.854
0.592
-5.179
2.373
0.971
-2.879
4.229
-3.961
1.623
1.682
-2.625
0.259
-3.578
-6.481
-2.213
-1.130
1.896
0.512
0.575
-2.085
-0.922
-1.882
-2.590
-1.075
0.529
-1.024
-0.426
2.018
-0.852
-2.852
1.702
0.988
1.139
1.852
1.446
0.419
6.089
-2.734
-1.057
2.672
0.692
2.169
0.757
3.648
-2.068
3.572
3.160
-2.555
1.864
0.247
-1.106
-4.183
-2.076
2.049
2.303
-0.156
2.311
2.619
0.721
-1.384
1.409
1.519
1.967
2.427
-2.919
-0.874
-4.207
2.143
-0.160
1.384
-3.192
3.712
-2.516
2.209
0.633
-0.105
-0.298
-1.181
3.458
0.380
-2.696
-0.572
0.658
2.505
-1.101
-0.941
0.406
2.446
-2.935
1.563
-0.764
-0.429
5.154
-0.122
2.161
2.075
-2.482
-4.079
2.320
-2.251
-3.644
2.813
-2.097
-1.504
5.088
-3.633
-2.665
-0.753
-0.227
-1.795
-2.431
3.974
0.981
1.754
0.021
1.045
2.589
-2.041
0.986
2.021
4.058
5.025
0.518
3.083
-6.058
4.075
-1.392
-0.229
1.409
-0.018
0.821
4.160
-0.572
-2.259
4.702
1.614
4.963
2.423
-2.827
1.899
-2.011
0.368
0.168
-3.532
-1.601
5.642
0.922
-0.071
4.701
-0.601
0.131
2.728
-0.612
-1.442
-5.059
-1.898
-1.920
0.731
-1.115
5.529
-2.188
3.712
0.877
2.286
2.140
-4.974
0.322
-0.279
-2.369
1.453
4.470
-6.065
-0.933
-2.640
0.522
-0.431
-1.104
2.005
4.277
6.737
-1.425
-4.020
1.692
4.215
2.303
4.205
-0.191
-1.113
0.627
-0.443
1.941
2.677
2.865
1.575
0.940
2.257
-4.361
0.855
0.476
0.861
0.140
1.386
-1.029
3.061
1.487
0.712
-1.324
2.307
0.846
-1.463
0.214
1.860
1.674
1.519
0.572
2.812
3.321
2.120
-1.060
-2.189
-0.955
5.039
1.026
5.453
0.062
-0.271
0.172
0.129
-1.507
-2.407
1.553
2.882
6.218
-0.691
-0.496
-1.501
3.052
2.306
-1.755
-1.815
2.636
1.270
2.170
-1.769
-4.157
-1.750
2.001
5.417
-0.681
5.812
2.342
-2.993
0.864
2.424
-5.471
1.897
3.165
1.307
0.202
-0.065
-0.205
-2.472
-1.300
-0.650
0.622
-0.986
-1.736
2.173
1.239
-0.944
1.565
-0.738
0.501
2.690
-1.099
-2.464
0.002
-2.922
-0.316
-0.324
-5.563
1.624
-0.088
3.187
0.867
2.115
3.206
0.034
0.348
-3.427
3.325
0.000
-2.064
2.125
-4.881
-0.680
2.530
-0.701
-1.373
-0.649
-4.474
2.067
0.055
-0.304
-0.295
0.384
1.918
0.225
-2.918
1.731
1.547
0.843
2.931
0.423
3.017
3.727
1.748
-1.445
0.036
3.323
-3.244
-0.591
-0.473
-1.727
2.445
1.254
-1.357
1.803
-0.030
-1.786
-1.361
1.397
2.604
-0.818
1.657
4.146
-2.671
1.204
2.344
0.122
3.322
5.627
1.174
-0.211
2.695
2.371
-5.695
0.343
-0.597
1.302
-0.115
0.146
-1.722
2.113
4.322
-1.684
-3.003
0.398
0.281
3.160
-2.600
-0.941
-4.804
3.650
0.951
-0.762
-2.823
-2.603
1.344
-2.308
0.600
5.253
-0.484
-1.957
1.267
-2.592
4.478
3.719
-0.044
-1.804
-0.672
-0.360
1.271
2.845
-2.138
2.776
1.832
-0.869
-2.258
0.629
-2.193
2.807
-2.347
1.664
0.157
-0.995
0.103
2.942
-2.511
-0.639
-1.454
0.257
-1.293
-3.893
-2.182
4.281
0.942
0.860
-0.328
0.226
-0.682
1.615
0.592
-2.461
0.959
-5.551
1.343
-3.032
0.119
-2.517
0.357
1.738
3.957
-3.349
2.691
0.665
-0.732
2.174
-0.216
2.072
-2.031
-1.169
2.615
3.915
0.266
-6.339
-0.128
0.428
-0.209
1.157
-0.795
2.363
-2.450
3.318
4.070
-1.841
-1.843
1.336
-2.499
-0.832
2.996
2.120
5.102
0.760
-1.116
0.473
-0.011
0.022
0.293
-1.886
1.027
-3.031
-1.370
0.065
-5.073
2.196
-4.578
1.957
-2.753
-0.622
1.596
5.626
0.629
-4.408
2.639
-0.207
0.518
1.689
-4.991
0.366
-0.633
3.282
2.095
-3.555
3.380
1.429
-3.363
0.484
2.834
-2.564
3.656
-3.280
-1.549
-1.913
3.655
-0.828
-2.441
1.419
1.937
1.952
-0.301
0.961
-1.211
4.370
3.096
2.949
2.256
1.597
-2.636
1.870
0.624
3.382
2.288
1.671
-3.692
0.136
-0.989
0.956
-0.647
-0.312
1.452
-0.687
0.642
-3.297
-1.648
1.925
-2.602
3.340
2.689
-0.294
7.547
3.333
-1.928
2.141
0.508
-1.514
-2.218
2.738
-1.085
0.105
-1.860
-1.446
0.045
1.282
-5.862
0.391
-1.441
3.716
7.413
-0.512
-3.783
0.631
-0.143
5.081
4.350
2.427
-1.058
1.977
0.986
0.929
-3.390
2.898
0.609
0.108
-1.090
-1.555
1.111
-3.848
2.245
-2.180
-4.591
4.723
-1.709
-1.383
3.073
4.801
-3.329
-1.945
-1.768
2.594
4.284
-2.243
3.745
-1.352
1.157
-2.701
0.057
0.083
-0.406
1.274
-2.067
-1.771
1.401
3.571
0.295
1.559
2.169
2.343
-1.938
-1.515
-1.306
4.979
1.570
1.462
1.229
-2.820
5.002
1.500
2.086
-3.887
2.221
-0.505
-2.825
-1.939
-2.686
-2.726
0.495
-0.578
1.152
4.372
0.039
-5.038
-0.231
3.214
0.144
4.020
1.437
-4.062
0.613
1.063
2.943
4.717
2.529
1.407
1.973
-0.053
-3.161
0.450
1.227
-2.539
3.534
2.763
-2.942
3.628
-0.390
-1.518
2.940
0.227
4.908
-1.697
-3.806
-0.323
2.244
-1.875
-2.842
0.899
-3.163
1.086
-0.467
1.537
-2.971
3.466
-0.089
2.182
2.654
-2.428
2.467
-3.070
-2.938
5.064
3.018
5.327
-0.539
0.596
1.616
0.321
-1.441
-1.801
0.863
-2.210
-2.278
1.295
0.122
2.599
-0.670
-1.045
1.367
-1.599
-1.230
-1.134
-0.153
4.604
-2.954
3.459
2.121
4.111
7.878
3.785
2.572
-2.800
-2.497
1.214
-3.725
1.827
-4.774
3.115
-0.422
0.654
-1.446
-4.206
3.313
3.556
-0.494
1.939
-0.588
1.042
2.172
1.682
3.568
1.595
0.417
-1.477
-0.798
2.294
-3.254
3.004
-0.325
-1.615
-2.287
1.968
0.315
4.163
-2.681
-1.038
0.129
-1.454
0.365
1.117
1.513
3.965
-2.778
1.161
-1.203
1.382
1.385
-2.019
-1.813
1.578
0.406
-0.177
1.929
2.106
-0.921
-1.695
-2.679
0.430
-3.066
0.589
3.270
-0.498
-0.937
5.145
3.973
-1.485
0.684
1.139
0.839
4.705
0.559
0.919
2.003
3.206
2.599
1.641
-3.391
-0.822
2.317
0.951
2.333
4.879
-2.475
3.081
-0.443
2.595
0.251
5.455
0.662
-1.187
1.358
1.127
3.081
1.425
6.290
0.083
0.111
-1.099
0.556
0.905
1.025
0.511
-1.114
-1.766
-0.550
3.090
3.606
0.165
-1.910
0.155
5.370
2.748
1.672
2.660
4.047
-2.417
-0.591
-0.919
1.759
0.734
2.165
-0.867
3.643
0.184
2.017
3.219
3.026
1.216
2.316
4.530
1.583
-1.401
1.749
0.261
-5.285
1.459
0.630
3.125
-1.450
-3.264
0.755
1.262
0.575
0.400
-2.215
0.017
-0.486
2.925
1.260
-0.317
4.487
-0.295
1.689
-0.051
4.265
0.558
0.629
0.014
0.822
3.229
2.380
0.417
4.433
2.445
-0.702
-2.963
-0.646
1.342
1.783
3.612
-2.277
-0.704
-2.476
-2.863
-1.157
1.230
2.201
-1.926
-1.592
-3.922
0.864
-1.407
4.341
1.334
-0.061
-1.189
-3.237
-2.933
-1.143
-1.327
-2.048
1.255
1.584
-0.751
4.994
-3.842
0.490
-0.175
-0.972
-1.324
0.333
-0.191
-0.591
-2.767
-3.533
-0.342
-0.615
-0.123
0.089
-0.904
-0.160
-1.698
4.007
-1.569
-0.540
-1.387
-1.427
0.409
0.105
-0.753
-0.330
-1.378
1.314
5.282
-1.750
1.296
0.458
1.955
2.022
0.843
0.254
-0.693
-1.486
0.118
-2.733
-1.075
3.006
0.586
2.492
3.877
-0.075
0.848
-0.374
-1.600
-1.937
2.374
0.851
4.782
2.683
-1.405
2.367
-0.382
3.270
-0.817
-2.176
-1.560
-1.437
-1.667
-1.024
2.406
4.661
-2.842
3.382
-0.796
1.185
-3.620
1.608
-4.463
1.103
0.967
0.808
-1.414
1.669
1.289
-0.154
1.962
0.121
1.619
0.048
0.870
1.729
-0.605
-2.611
1.013
3.205
1.068
1.114
0.249
2.124
-0.096
-0.739
3.003
-0.923
2.485
3.004
1.710
-2.648
0.415
-0.135
-0.840
0.693
2.196
-0.751
-0.061
-0.229
3.143
-0.267
-2.613
-3.426
1.221
-1.476
1.955
-2.845
-0.943
-2.843
1.393
1.907
1.163
-2.256
-1.440
0.912
-3.701
-0.229
3.991
-0.082
-3.223
-1.108
-1.164
5.487
4.348
2.104
-0.473
3.232
-2.370
2.934
2.577
-0.013
3.084
-0.723
-2.686
2.697
0.145
1.794
4.720
-1.383
0.006
4.117
1.955
-1.329
-1.942
-0.917
-1.422
0.920
0.538
1.020
-1.668
0.180
-4.584
0.698
3.171
-3.069
1.510
-1.116
2.276
0.731
1.321
0.506
3.538
1.184
-1.343
0.587
-0.535
0.740
-0.657
-1.274
0.828
0.484
2.903
-0.646
-4.404
-0.523
-3.553
1.348
-3.667
-2.022
-0.520
4.055
-2.225
0.380
1.742
3.912
2.217
2.975
2.424
-2.552
1.213
2.387
-1.946
-1.041
-1.578
2.204
0.184
-0.420
-2.726
0.188
-1.012
0.934
-2.393
0.777
-0.703
-2.648
-2.835
-2.475
-0.145
0.640
0.998
1.088
-1.470
2.890
-0.711
1.430
-0.044
1.251
-0.164
1.295
0.332
2.303
-1.615
-3.898
-1.986
2.915
-0.021
0.571
-2.179
0.507
-2.105
-1.752
-0.616
1.418
1.674
1.740
-3.461
0.334
-0.122
-3.327
0.388
-0.251
1.578
0.545
-0.968
2.572
-4.981
0.196
-3.882
-1.839
1.610
-2.708
-3.067
6.067
-2.912
4.311
-0.063
-0.910
1.710
3.558
-2.401
-0.875
2.382
1.041
2.995
1.586
4.690
0.779
0.882
1.122
0.008
2.385
0.919
2.242
2.617
1.378
1.554
-2.075
-0.971
2.374
3.767
-4.307
-1.013
0.407
-1.760
-1.624
1.490
4.145
-4.526
-0.059
1.462
2.223
1.116
4.577
0.419
3.499
-1.201
0.489
-2.561
2.512
0.061
1.209
-0.402
1.757
1.304
-2.037
-1.898
0.283
1.933
4.821
1.077
2.768
-3.521
5.181
1.804
0.231
-0.045
-2.307
-1.621
4.935
-2.024
-2.070
-1.335
-2.526
0.387
2.963
-1.115
-2.946
1.050
0.216
2.757
-0.741
-0.274
-0.009
0.564
-0.592
-0.981
-4.091
-1.007
2.067
2.391
-0.781
3.469
0.281
-2.861
-3.616
3.274
-0.545
-2.564
-5.072
-0.600
1.321
-1.324
-2.178
-0.969
3.334
-2.993
-1.190
3.256
1.536
0.780
-1.206
0.423
-0.941
-1.713
-2.242
2.232
0.205
1.105
0.714
1.408
-0.261
-0.806
-1.607
-3.044
-2.343
-0.527
-3.497
-2.967
2.851
0.888
-0.734
5.802
-3.606
2.691
0.082
2.234
0.611
-4.143
0.579
1.155
-4.911
5.016
1.097
1.963
-2.447
2.007
2.965
0.959
0.328
-1.795
-0.169
-0.879
1.723
-1.690
1.705
-1.664
-0.280
1.829
-1.339
1.911
1.677
-0.300
3.138
0.537
2.995
4.654
-0.229
1.898
-1.180
-2.129
-0.119
-2.920
-1.900
1.769
-0.883
2.055
1.069
4.793
1.608
3.024
1.315
1.097
3.145
1.955
0.854
0.844
1.642
-1.261
-1.363
3.771
4.825
-1.879
-1.256
3.092
1.630
1.973
2.502
-0.228
1.142
0.955
-1.710
1.106
3.321
-0.452
0.716
0.846
-0.333
1.975
-1.282
3.548
1.853
-1.898
4.425
0.753
-1.385
3.001
1.537
-3.903
-0.912
1.020
-4.833
0.554
0.729
-2.490
1.000
0.368
-2.509
2.557
2.361
-0.345
-0.127
2.093
-0.132
-4.284
1.519
-1.602
-0.586
3.849
0.028
0.354
1.573
1.563
-1.856
0.205
0.437
1.003
1.044
6.560
-2.472
2.702
3.190
1.533
-1.211
4.345
-4.911
-1.290
3.162
-0.538
4.182
-3.278
-2.319
-0.926
1.352
-0.183
-0.827
3.759
3.982
-0.645
-3.753
-4.828
0.924
1.924
0.501
0.180
-1.581
1.922
4.378
-4.971
0.164
-1.979
-3.227
-2.362
1.261
1.322
3.855
0.371
-3.870
-0.222
-2.977
-2.546
1.743
0.816
1.760
-0.508
2.247
-0.642
3.030
1.177
-0.147
0.859
0.307
4.181
0.939
0.346
-0.222
2.374
2.049
-0.307
-2.424
-1.815
-0.092
3.587
-0.250
-1.076
-3.876
3.982
1.716
2.260
2.658
-0.045
0.553
3.923
0.781
1.760
2.439
1.893
0.042
0.269
2.216
2.212
3.154
1.673
1.782
-0.721
-1.045
2.224
-1.028
0.300
3.660
3.279
1.074
-0.361
0.054
2.432
0.262
-0.990
3.268
0.786
-1.035
1.499
2.681
-2.068
-0.131
-0.242
1.435
1.867
-0.974
-3.233
2.826
-2.338
1.001
0.033
0.740
4.313
7.642
-3.570
2.711
-0.025
2.865
2.647
3.733
1.034
-1.785
2.576
0.633
-0.211
-0.793
2.765
4.198
-2.519
1.843
-0.544
-3.171
0.704
-1.650
-3.437
-1.526
-2.117
-1.202
-2.832
-0.598
-1.362
1.251
1.774
0.974
-0.215
-0.280
-1.659
-1.601
2.039
-3.873
0.156
-0.426
1.788
-3.070
0.380
1.173
-4.221
-2.228
0.130
1.584
0.788
1.695
-2.240
-3.463
0.553
-2.600
-1.727
2.587
0.804
-1.014
-1.325
1.840
0.859
-2.565
-4.325
4.866
-2.584
1.616
3.976
0.704
-1.091
-3.073
-3.106
1.254
3.832
-0.599
-0.984
2.024
-1.296
1.009
0.450
-0.633
0.313
4.582
1.801
2.972
-1.855
2.980
1.884
-3.249
1.645
-0.882
-3.360
0.661
1.644
0.714
0.088
-0.443
6.270
-2.488
2.445
0.387
-1.701
0.234
-2.993
-1.079
0.237
-3.373
1.565
-1.963
-3.134
-2.243
5.572
-4.397
1.397
-1.454
-0.490
1.799
1.682
-1.284
-2.909
1.843
1.676
-0.334
1.411
-0.720
-1.635
0.360
1.596
1.092
1.572
-1.475
4.147
-0.472
0.065
-2.815
-0.115
1.627
2.180
4.099
1.599
1.015
-0.721
-1.238
2.679
2.633
-2.235
2.085
1.911
-2.323
1.647
-2.169
-5.480
-0.034
0.969
0.074
7.231
1.259
0.703
1.381
-0.709
2.581
1.216
1.106
-1.148
-3.404
-0.853
1.028
-0.717
1.050
-0.208
1.383
-1.994
0.813
-1.188
-3.342
-0.046
4.037
-3.151
0.637
2.264
5.870
-0.833
-1.167
-2.450
3.087
-1.732
-0.539
-4.087
2.472
3.130
2.380
-3.503
1.807
-3.664
0.489
0.842
1.094
1.633
0.331
-4.360
1.634
0.584
-1.816
-3.417
4.046
3.305
2.044
-1.273
-5.691
2.185
1.230
-0.549
3.050
2.385
0.773
0.434
0.472
1.982
-1.708
1.372
-1.859
3.558
1.627
-1.302
0.543
-1.699
3.960
4.245
2.021
4.086
0.714
2.182
3.289
0.336
0.521
2.591
1.902
-1.463
-4.898
-0.071
-4.683
-2.028
-1.748
-1.015
2.319
2.840
1.571
1.868
1.925
-5.642
0.374
-3.962
1.572
-4.673
-0.083
1.665
-2.333
2.658
1.566
1.264
2.025
-0.512
0.715
0.374
0.320
-1.263
-2.632
-0.458
-0.591
-1.418
2.395
-2.463
-0.062
3.149
2.532
3.269
-1.068
2.232
-2.201
-0.312
-0.086
-1.032
-0.518
-0.834
-2.008
2.405
-0.088
0.833
0.743
0.481
0.573
-0.383
3.754
2.176
0.394
-0.723
0.065
1.352
3.950
-2.945
1.933
3.054
-3.218
-0.085
-2.205
1.383
-0.510
0.038
-0.637
2.078
0.900
0.904
0.735
1.724
-0.279
4.432
-2.614
-3.792
-3.991
-4.641
1.966
1.673
3.249
-2.186
2.139
0.486
0.750
1.851
-1.465
6.559
3.547
-0.926
-2.268
0.139
0.787
2.907
-2.455
1.035
-3.320
1.397
0.092
4.998
-3.360
3.639
-3.739
-2.835
-3.675
0.951
-2.467
-2.886
0.837
1.434
0.446
-0.039
4.739
0.700
2.284
0.693
-2.285
1.670
-1.224
0.132
1.083
-4.309
-3.513
2.533
-1.243
-1.129
0.749
-0.576
1.352
0.227
0.827
-1.334
0.815
3.002
-1.013
2.547
0.226
2.113
0.659
0.270
1.189
3.263
0.917
1.498
-0.534
4.120
1.887
0.537
0.056
2.697
-1.105
-3.929
0.524
3.206
4.169
0.092
0.455
1.597
-0.284
1.589
0.145
2.777
2.085
2.295
-0.143
4.972
1.511
0.944
-1.476
0.117
0.625
-1.540
-0.352
-0.048
0.484
-3.880
0.025
-0.556
0.300
2.835
5.276
1.978
-2.613
-0.479
1.780
1.510
2.720
0.116
-0.522
4.556
0.491
-2.090
3.890
-3.241
-8.038
2.197
2.536
1.344
-2.776
0.209
-0.318
-0.939
3.739
-2.162
1.109
3.216
1.265
3.329
1.703
1.380
1.230
1.822
-0.575
-2.774
2.640
3.138
0.955
-0.966
-3.389
0.556
-2.887
-3.224
0.300
-1.483
1.179
-0.032
-1.106
-3.742
-1.697
-1.609
-2.591
-0.440
-2.403
-0.043
0.927
-1.633
1.371
-2.917
-2.319
0.078
1.999
2.432
4.220
-0.554
0.044
-2.128
-2.659
0.899
-1.512
3.308
-3.160
1.517
-2.064
-1.619
1.644
-1.272
-0.888
-1.599
4.634
-1.132
0.474
-0.135
0.881
-1.125
-0.132
1.295
-1.721
2.964
3.195
1.806
0.518
-6.827
1.368
-0.589
-0.241
-4.204
1.535
-3.127
0.634
2.521
-0.776
3.269
-1.443
1.791
-2.781
2.825
2.452
1.474
-0.594
-3.015
-0.588
3.015
0.662
-3.377
-2.349
3.358
1.521
-2.612
-3.888
-1.150
-4.093
-0.024
6.234
-3.483
-0.096
3.499
2.148
-0.007
-0.001
-2.424
-0.292
0.934
3.002
-1.138
-0.106
-1.928
0.891
2.231
1.861
-2.458
0.702
-1.276
2.777
-0.037
-3.297
-0.178
1.450
0.936
-0.878
-1.055
-2.020
-0.597
-1.704
2.678
-1.813
0.643
0.480
2.620
2.964
2.020
1.197
-2.167
-2.215
-1.680
2.155
0.526
2.435
2.757
-1.392
0.427
0.319
-0.437
-0.934
3.193
0.475
0.382
-1.577
1.971
-2.062
1.442
1.507
-0.640
1.112
0.796
0.256
0.381
0.498
0.662
0.495
-2.299
-0.015
0.986
0.583
2.639
1.838
-1.739
-0.050
-0.397
0.340
0.343
1.818
0.776
3.303
0.928
-1.643
-0.771
1.799
-3.524
-2.880
0.376
2.632
3.487
-0.171
2.896
0.523
-3.325
0.331
-1.135
2.554
0.288
-2.717
-3.249
0.300
-5.459
-0.894
0.904
-2.187
2.736
3.208
-2.090
-0.365
2.737
0.347
-2.997
0.006
-1.697
3.010
1.804
-0.403
0.691
-2.789
-1.459
4.078
0.478
2.582
0.907
3.504
-4.447
-0.102
4.297
2.645
3.531
0.334
-0.939
-2.115
-2.283
2.287
1.582
0.190
1.570
0.692
2.659
2.636
-2.208
1.007
-3.655
0.669
1.800
-2.803
-0.650
0.373
0.911
-0.319
-2.463
0.220
-3.615
-0.208
-0.709
0.028
-0.992
-3.268
-0.529
2.584
3.378
6.204
4.410
-2.523
-0.630
0.295
0.145
0.517
6.128
-2.247
-1.362
4.295
-1.128
1.295
2.833
1.518
0.810
2.603
-1.793
-0.841
1.636
-4.617
3.750
1.078
0.717
-3.563
-2.738
-0.607
2.288
-4.634
2.242
-0.514
-0.186
0.959
0.996
-1.360
1.850
-5.217
-0.731
0.719
-0.478
-4.035
2.169
-2.646
0.188
0.717
0.398
3.156
0.222
1.376
0.216
1.821
3.694
0.680
2.226
3.843
3.607
-0.575
2.837
0.947
3.031
1.715
1.012
1.392
0.963
1.056
-0.031
-0.254
4.582
1.496
-1.026
-0.316
2.885
-1.417
-3.207
-3.030
-3.800
-2.767
-2.484
3.675
0.239
-0.522
-3.114
0.006
-3.820
-0.537
5.305
1.943
-0.154
2.025
-0.902
-1.572
4.440
-2.391
-0.500
1.084
-1.897
1.911
-0.386
1.943
1.756
-0.233
4.456
-1.247
3.587
3.170
4.600
0.768
-1.543
5.334
-0.453
-1.603
-0.105
-2.006
1.613
-1.104
-0.340
2.673
1.847
0.387
0.760
0.379
-0.685
0.344
1.528
0.047
1.357
-1.658
-1.099
-1.412
-1.006
3.439
2.092
-2.235
1.400
-0.587
-1.288
-3.216
2.683
-2.923
0.225
-1.921
2.212
-0.452
0.027
0.108
1.076
0.381
0.246
-0.894
-3.429
-2.335
2.074
-0.384
-1.244
-3.024
-3.777
-1.338
2.481
-0.987
1.311
-1.097
1.883
-0.494
-2.607
-0.295
4.752
4.646
1.518
0.021
1.079
1.110
0.254
1.408
0.850
-0.408
-2.519
-0.754
2.269
0.274
1.071
-0.329
-2.193
-0.223
-2.104
-2.257
3.244
-0.658
-1.430
4.233
2.306
-0.542
1.376
-0.216
-1.312
1.489
-0.428
0.531
2.801
2.537
-0.970
1.516
-2.357
1.431
0.706
1.260
-0.364
5.352
-1.813
2.682
-2.126
1.560
1.732
0.482
-0.839
0.689
0.991
4.646
-1.744
-0.984
1.033
-0.265
0.110
2.919
-6.419
-1.085
-3.832
-2.520
6.121
1.786
2.634
0.157
2.171
-3.890
2.842
-1.618
-0.925
1.562
1.109
0.553
-2.921
0.590
2.655
-0.928
3.506
-1.744
0.366
4.035
-1.285
2.880
5.089
0.761
-0.915
-1.505
3.481
3.414
3.828
0.271
2.841
0.233
-1.769
3.048
4.271
-2.099
-2.145
0.446
2.645
-2.371
0.895
-1.067
2.032
-1.565
2.202
-0.030
-1.899
0.503
-4.301
-0.992
1.160
-3.902
-5.821
-5.264
3.535
0.166
-0.928
2.618
-0.621
0.994
0.412
-0.780
1.056
2.206
-0.094
-0.755
-0.472
-5.165
1.029
-2.552
1.861
0.133
0.602
2.031
-1.874
1.236
0.992
-0.093
-1.878
1.779
2.038
0.623
-2.219
-0.916
0.205
2.002
-3.450
-1.003
-0.616
0.150
-2.773
-0.172
-0.395
-2.140
0.067
-0.949
1.539
-1.775
0.566
-1.590
-1.089
1.063
0.913
-0.651
-0.297
-3.139
3.717
2.000
1.913
-3.478
-1.079
-0.453
-4.285
2.486
3.839
5.299
-2.160
0.632
3.525
-0.259
-1.011
-4.128
3.068
0.304
-1.400
1.031
0.717
0.754
-0.171
4.244
0.029
4.236
1.704
1.193
0.078
2.687
0.621
-1.887
-1.967
1.364
-1.828
0.201
2.887
1.080
-1.383
3.734
1.665
2.793
-5.092
1.144
2.371
4.431
-3.163
3.245
4.297
-4.491
1.499
1.832
-0.435
-0.826
1.953
-1.126
-0.171
2.300
4.560
1.641
0.670
-0.889
-2.075
3.013
-0.018
3.112
-0.441
-1.208
1.360
0.166
-2.543
4.712
-1.155
2.576
2.370
-2.673
-2.056
-0.374
-1.728
4.493
-0.130
2.485
1.583
0.984
0.447
3.319
-1.630
4.493
-2.739
2.226
-3.022
-0.408
0.574
-0.818
-0.086
-2.979
-2.020
1.546
0.421
-1.307
3.528
-2.578
-0.518
-0.864
1.826
0.466
0.090
-4.076
2.426
-0.173
0.628
-1.447
-1.824
3.948
-3.906
-2.180
3.903
1.888
-0.431
3.342
1.422
0.908
0.891
1.467
1.564
5.620
-0.118
-0.044
-2.619
0.225
4.821
2.713
-0.955
0.422
-2.761
-1.976
0.709
-0.837
-2.157
1.526
0.153
-3.412
-4.630
-1.018
-3.462
-4.135
3.060
0.115
-0.287
-0.102
-2.381
1.336
0.036
-1.468
-1.108
-2.596
-0.625
-0.225
-0.687
0.482
0.162
0.904
2.613
1.773
2.641
-1.685
-0.871
1.919
1.962
-1.279
1.818
-1.914
1.505
0.287
-2.973
-0.692
5.587
0.837
5.871
-3.115
2.152
-5.732
0.349
1.865
2.361
-1.568
2.844
-0.931
-0.044
-0.690
-2.377
4.117
0.465
2.960
2.857
-1.973
3.269
1.558
-2.148
1.427
-2.105
4.206
2.303
0.179
3.386
-3.447
-1.448
-0.256
5.716
-2.219
-3.748
-3.117
2.525
-1.076
-0.032
2.181
-0.029
0.840
1.635
-0.684
-0.049
0.931
2.434
-1.552
-6.899
1.981
2.577
0.830
0.994
-1.004
1.550
2.398
0.486
6.329
-3.403
0.741
-2.468
2.462
-3.446
-2.851
-1.170
0.988
-1.079
-1.055
-0.084
-0.231
3.920
1.996
-0.429
5.383
1.530
-1.976
0.966
1.635
-1.300
-2.176
0.558
-0.515
3.900
2.129
-1.188
1.372
3.391
-2.995
-2.105
0.323
0.435
0.225
-0.396
-0.433
1.272
3.071
-0.804
6.202
5.056
3.540
1.844
5.169
-0.346
-1.648
-0.912
-2.057
0.642
1.070
0.832
0.320
0.670
4.517
1.838
2.564
0.808
-3.527
-4.003
5.349
-0.926
-1.130
0.940
1.671
1.974
4.609
3.952
-1.596
2.675
-0.572
0.020
-2.276
-3.713
0.274
-1.944
2.577
-0.325
1.091
3.632
-3.215
-1.389
0.784
1.100
2.998
2.431
0.583
1.078
1.145
-3.177
-0.025
0.946
1.451
-1.868
-2.695
-0.213
5.072
-1.616
3.167
4.153
0.459
-1.282
1.581
0.818
-1.712
-1.231
1.439
2.590
-0.425
0.184
1.955
-0.064
-0.368
-1.463
-1.504
6.755
-0.121
3.626
4.392
-0.091
1.234
0.596
-3.519
-3.375
0.467
-0.670
4.890
-0.218
5.032
-0.793
4.939
1.565
1.702
-0.878
1.735
4.413
0.002
-0.465
-0.242
4.238
2.403
3.824
1.103
0.444
1.367
2.918
-0.243
3.635
1.228
-5.425
2.470
-2.704
2.412
2.514
1.142
1.655
2.987
-0.840
2.254
3.141
4.574
-2.304
1.330
-1.958
-2.059
1.212
0.536
3.098
-0.481
0.028
0.858
-1.718
-1.385
3.029
-0.967
3.188
1.808
-3.364
1.623
1.604
1.365
0.009
-1.906
3.581
0.106
-1.770
1.448
-1.433
-1.928
-0.551
-1.247
-1.839
2.285
0.077
3.355
-1.701
-3.796
0.707
4.804
1.624
8.067
1.147
0.915
-4.823
1.377
0.755
-0.628
0.022
0.187
-0.082
5.365
-0.540
0.756
-0.619
2.230
0.774
-0.322
-4.272
0.934
-0.393
0.204
-2.488
3.790
2.406
3.784
3.103
1.772
-2.391
4.774
-1.876
-0.294
2.047
2.166
1.723
-0.611
-1.107
6.433
0.256
-0.038
-1.363
0.937
0.825
0.311
1.266
4.582
-1.078
0.453
-1.205
1.057
-1.014
-0.911
-3.153
0.585
1.381
4.815
1.477
-0.729
-2.913
-2.581
-2.760
4.857
1.041
-1.049
-1.954
-1.705
-1.112
3.509
0.278
-3.124
5.895
-2.386
-1.068
3.494
1.346
-0.778
-2.605
-1.970
-1.826
0.367
0.809
-0.007
0.256
-2.172
1.054
3.423
-0.041
-0.087
0.549
3.034
-1.797
3.832
1.361
0.419
3.262
-2.487
1.603
1.383
-1.895
1.456
1.030
-0.079
2.421
-1.022
0.999
0.034
-1.125
1.557
-0.149
-3.185
-3.973
2.244
-2.579
1.021
0.482
-0.534
5.046
0.781
2.164
1.034
-0.206
0.304
3.851
2.961
5.035
0.882
-1.755
-0.707
-2.501
2.191
-1.056
-6.983
6.263
-1.019
-1.034
4.362
-2.550
3.078
-1.060
-2.827
4.444
2.565
2.558
1.232
1.788
-2.607
0.618
-1.879
-2.983
1.336
3.130
-0.570
-0.159
-2.382
0.367
2.174
2.250
1.658
-1.134
-1.210
2.259
2.299
-0.063
-0.673
3.151
-0.514
2.140
0.022
-2.164
4.220
0.638
-1.356
-2.988
-2.746
-0.545
4.970
-1.053
3.824
0.036
-2.485
-0.786
-2.724
-1.704
-1.776
-4.219
3.981
0.856
-1.297
0.882
-1.655
-6.061
7.446
0.805
-1.064
-4.291
-3.236
4.321
3.955
2.158
-2.326
3.974
1.429
1.922
1.421
-3.267
-2.526
-0.875
1.895
-2.963
-0.071
-0.074
2.253
1.969
-2.075
3.822
-2.442
2.971
-0.970
0.743
0.892
0.824
1.969
1.290
2.231
1.465
-2.685
0.998
-1.003
-2.312
-0.346
0.790
0.949
2.884
3.488
1.157
1.591
0.579
2.191
1.519
0.219
5.515
-0.961
3.841
-2.900
2.303
3.798
-4.227
0.683
2.067
0.955
1.258
0.677
-2.276
6.033
-0.858
1.392
-1.202
-5.112
-1.869
-3.124
2.970
-1.106
-0.884
-2.204
0.576
-1.370
2.732
1.075
-1.022
2.391
0.369
0.402
-3.160
0.179
1.122
3.551
-1.455
5.817
1.686
-3.297
-1.678
3.760
3.334
0.393
0.710
-2.445
3.521
-2.021
2.377
3.595
0.466
2.672
4.784
0.993
-0.071
0.190
-1.433
-1.487
1.412
-0.043
1.136
-3.226
0.128
2.822
-2.335
0.390
-4.101
-2.783
2.288
-0.392
4.723
1.388
1.623
-2.234
-0.574
-1.408
-2.207
1.943
2.425
1.307
-1.637
1.144
-4.240
3.525
-2.766
-2.339
0.627
0.840
0.175
-2.314
3.070
-3.696
-3.210
0.093
-2.684
3.284
-2.478
4.087
2.834
3.314
4.879
0.545
-2.081
0.103
-1.010
-1.352
0.712
-0.398
-1.455
-0.239
1.668
2.645
-3.497
-0.378
0.011
-2.488
0.063
0.705
1.595
0.535
-1.764
5.179
2.340
1.677
2.762
0.937
3.437
0.486
0.354
1.875
4.133
3.979
1.773
1.590
2.021
2.715
3.467
-0.218
3.513
1.173
1.912
3.667
2.143
2.548
-0.585
3.946
2.020
0.653
2.993
6.561
-2.455
-1.579
6.795
1.374
0.808
0.073
3.250
6.617
-1.246
0.117
-0.492
2.109
3.284
4.240
2.190
6.396
-1.029
-1.653
3.876
0.645
-2.952
-0.409
0.964
-1.201
-2.085
-0.148
-2.205
1.874
-4.315
0.567
1.597
0.133
2.974
-2.939
-1.333
-0.442
2.061
0.874
5.494
-1.584
-2.998
4.644
-3.084
1.989
-1.999
-4.616
-0.549
2.509
-2.582
1.733
2.181
-2.702
-0.197
4.135
1.911
-0.278
1.347
-1.295
3.023
3.022
0.640
0.904
-2.047
-2.895
-0.554
0.140
2.900
2.564
0.794
3.207
-1.914
2.936
-1.547
3.325
0.318
-4.446
2.102
2.293
-0.746
-0.541
-0.033
-4.270
-5.325
3.474
-1.628
4.803
3.639
4.111
-1.211
-3.510
-2.259
-0.721
-5.346
-0.791
-0.134
-2.757
-2.147
-0.179
1.205
-1.788
1.051
0.678
0.463
-1.215
-2.850
4.421
1.863
2.764
0.149
-0.044
1.528
-4.053
-2.325
-1.565
-0.741
-1.761
1.149
0.545
3.693
6.287
-2.681
0.704
0.699
0.316
-2.254
-1.851
0.927
-1.919
0.732
-0.240
0.690
-1.938
0.728
-1.764
0.736
3.565
0.976
1.122
2.311
-3.019
4.475
-2.183
2.461
2.143
-1.815
2.771
1.545
4.886
0.814
0.089
-0.885
-3.834
-0.414
-0.312
0.979
-3.065
-0.224
1.733
1.971
-4.114
2.045
-0.242
-0.094
-5.325
3.935
0.774
-3.326
1.250
1.177
3.284
-0.393
0.379
-1.193
1.785
-1.530
-1.793
0.187
-2.592
4.195
4.975
-0.739
-2.978
1.158
-0.807
3.169
-1.539
1.657
0.624
-1.273
0.926
2.458
0.558
0.583
-1.745
3.096
2.857
-0.635
0.052
3.744
-2.371
1.800
-0.991
4.617
0.502
3.375
-1.477
-2.646
-0.212
0.980
-0.876
2.170
-0.154
-4.645
1.677
-1.768
-0.518
4.078
4.605
-1.031
1.737
-0.975
-0.338
-1.104
-3.788
0.578
1.042
-1.260
2.961
-0.697
-1.179
1.614
-3.352
2.526
-0.615
2.724
3.442
1.886
-1.599
-2.652
-3.092
2.997
0.026
-1.088
0.033
2.943
2.219
1.402
1.881
0.782
1.075
0.880
0.350
2.158
1.217
-1.764
1.619
0.943
1.817
0.100
2.298
0.203
2.087
-0.746
-0.579
1.795
-0.446
5.644
1.709
0.410
2.318
-0.804
2.565
2.499
3.358
-0.708
-2.585
-1.114
-0.326
4.351
5.618
1.177
0.373
-0.490
2.329
5.603
4.636
3.081
3.046
2.348
0.237
-1.418
0.300
1.364
-3.139
-0.017
-1.632
2.783
-0.969
1.138
-1.330
4.184
-3.732
1.492
-2.715
-0.872
0.845
0.963
0.900
0.714
-1.190
-0.044
0.426
0.819
0.192
2.101
0.574
0.833
-0.568
-2.176
0.720
3.248
1.415
-1.612
2.305
-0.454
2.065
-0.535
1.198
-0.894
-0.833
-3.409
1.579
1.238
1.373
1.011
-1.479
2.668
2.733
-1.542
1.627
2.450
-0.778
-0.360
1.632
-3.275
-2.262
-2.025
-3.961
2.954
-4.422
1.173
2.298
-0.355
-1.254
0.909
0.354
2.758
-5.958
-1.855
1.698
0.471
2.155
0.979
0.027
-0.375
5.930
4.034
1.539
0.538
1.642
2.334
1.355
-1.453
4.633
0.941
5.183
0.799
-0.240
3.672
1.073
0.670
-2.531
1.935
-0.834
-0.725
-0.827
1.404
-3.335
-0.156
2.703
-2.640
0.765
-1.165
-0.619
4.322
-3.611
2.188
-0.797
-0.916
-2.318
2.159
-0.109
-0.412
0.614
-0.059
-4.452
-0.828
2.499
-3.266
-2.266
-0.674
-1.391
0.283
-2.273
-0.581
0.235
1.907
3.337
-0.278
4.881
-0.091
2.339
4.986
0.684
-2.946
0.568
-1.118
-0.309
5.114
-2.585
1.071
-1.757
-0.388
2.138
1.114
-0.190
-1.210
1.109
4.448
-1.813
4.938
3.229
3.636
1.090
3.161
-2.071
-1.253
2.188
1.060
-0.006
-5.656
-0.695
-2.468
1.534
-0.109
-1.158
6.693
2.842
2.884
5.635
2.275
-1.500
-1.781
2.666
-4.592
0.163
-4.861
0.587
2.400
1.021
2.601
5.066
0.006
7.088
0.860
2.628
-1.117
4.236
2.850
3.881
0.481
-2.663
1.455
-3.723
-0.457
0.809
6.055
1.115
0.685
0.199
-2.871
0.556
0.597
-1.975
-2.498
-0.806
0.506
-0.748
-2.172
1.044
1.643
0.641
-1.001
1.778
-0.107
-2.504
2.837
1.198
0.064
-3.421
-1.438
5.195
-3.270
-0.253
0.311
1.119
-3.243
0.768
-3.697
0.584
-1.216
-1.728
2.354
-0.215
1.487
1.566
3.398
-2.550
2.556
0.390
-0.557
-2.408
1.806
-1.863
1.593
4.977
2.702
3.689
-1.376
2.181
-2.396
-0.210
4.529
-1.109
3.017
2.788
2.929
-2.691
1.610
-0.026
2.962
-3.622
1.233
0.893
-4.426
-1.775
-4.042
-1.393
1.668
0.819
0.757
-2.145
3.039
0.305
0.431
2.607
-2.029
0.899
1.366
-0.959
1.916
1.495
0.107
0.033
1.607
2.242
0.501
3.038
1.930
-3.942
-3.022
3.187
-0.242
0.744
3.084
0.335
0.439
-1.735
1.238
1.758
-1.037
-1.863
6.653
0.127
-1.291
2.046
0.228
-2.256
1.509
-1.697
4.133
1.537
-0.315
0.612
2.518
0.796
5.443
3.076
1.520
-1.899
-0.003
1.499
-1.625
3.454
-1.988
-1.179
-1.000
2.135
-1.582
-3.970
2.961
-0.717
-2.214
-1.462
4.470
-1.227
0.054
-0.723
-2.608
-1.433
-2.773
2.644
0.592
6.308
-1.351
-1.711
4.031
2.889
1.273
-2.323
4.538
0.177
-0.684
3.093
0.296
-2.448
0.447
-1.525
-6.872
-1.766
-0.917
-2.424
1.731
-1.516
1.498
-2.610
2.532
-2.714
-5.270
3.319
-1.704
4.567
1.705
2.247
2.859
0.620
0.648
3.425
0.617
-1.398
1.756
-4.723
3.517
3.567
3.226
3.133
0.148
0.094
-2.601
4.545
-0.814
1.166
0.960
-2.867
-3.837
0.363
-0.739
0.135
2.907
0.890
2.170
1.419
-0.409
-2.054
0.985
0.551
2.546
-0.012
-0.364
-0.201
-1.855
3.823
3.085
-2.561
2.279
-4.078
2.715
-1.321
1.214
-4.281
-2.527
1.475
-1.332
-1.666
3.700
5.656
2.599
-2.271
4.582
-3.397
-0.381
0.481
4.968
2.540
-0.763
-1.918
2.755
-0.930
0.870
-2.937
1.716
1.523
-2.630
2.826
1.681
2.126
-0.559
0.779
0.502
-0.006
0.759
3.365
2.930
-2.486
2.715
3.209
-0.013
1.570
1.536
-1.690
-0.567
2.152
-0.840
2.691
3.482
3.095
5.102
0.132
0.775
1.120
0.205
1.651
-3.757
0.842
-2.956
-1.960
2.109
-0.128
2.024
-0.180
3.005
-0.224
-4.342
0.891
-4.855
-3.137
-1.769
-2.069
-0.958
-2.151
-3.024
4.050
-1.278
-5.004
-0.516
-2.349
-1.774
2.055
-0.726
-2.416
1.421
3.110
1.638
-5.539
-2.326
0.464
-0.236
-0.435
-2.009
-3.023
5.169
0.415
1.891
0.365
0.461
0.201
-2.339
-3.285
1.277
0.801
2.602
2.115
-1.590
3.068
2.186
2.008
5.748
5.256
2.006
1.706
2.946
-1.051
-1.018
1.966
-1.706
1.773
0.726
-1.705
0.412
3.482
0.548
0.558
1.140
1.452
-0.444
1.191
-2.168
-1.568
-1.261
1.477
0.735
0.028
2.008
1.259
-0.346
-2.135
-1.617
-3.170
0.687
-1.719
-0.839
0.044
2.856
2.579
0.219
3.387
-4.480
4.855
2.012
0.597
-1.789
-0.701
1.812
1.867
1.954
-1.398
-1.882
0.818
2.198
0.358
3.906
0.430
0.348
1.959
3.276
-2.888
-2.333
-0.402
7.931
-0.278
0.058
1.834
2.695
0.757
3.144
-2.516
-1.489
3.140
0.376
-2.680
-2.824
-1.596
0.355
1.472
-0.440
1.274
-0.699
3.287
6.474
-0.592
1.502
1.306
0.683
1.918
1.499
-0.781
3.510
0.834
-0.574
6.214
0.071
0.962
0.771
0.038
1.427
-1.678
1.782
-3.870
-2.765
4.732
-2.665
-4.354
-2.605
4.526
-3.950
-1.944
-3.150
-0.308
-0.696
-0.804
4.805
-2.528
0.105
1.163
-2.003
1.518
-0.610
1.248
0.091
-4.571
3.485
5.319
-0.074
-1.805
3.964
4.887
-0.055
-0.175
0.158
-3.669
-0.349
4.466
-0.055
-2.146
1.542
-1.251
0.191
-2.695
-2.138
2.120
0.628
-1.513
0.637
-1.107
-1.531
3.144
2.229
0.299
0.696
0.330
1.519
-1.569
2.420
1.199
-0.281
-0.821
2.369
-0.011
-1.327
-0.573
2.196
-3.515
-0.503
2.919
-0.054
1.005
2.958
2.492
-0.706
0.037
2.521
2.605
0.139
0.221
0.992
3.631
2.912
2.014
-2.239
-0.310
-0.183
3.754
-0.223
3.358
-1.020
-0.828
1.505
4.114
-0.158
-5.801
-3.404
1.065
-3.190
-1.727
0.380
-5.528
-0.561
-2.446
-3.248
-1.575
-2.216
1.477
3.222
-0.525
-1.081
-0.644
-2.310
-2.743
-3.599
-2.841
4.267
-1.307
-6.710
-1.059
-3.467
0.493
0.234
0.484
0.252
-0.545
-3.144
0.171
2.795
4.703
-0.221
0.039
1.551
3.934
-0.817
2.012
-1.625
1.142
2.679
-2.748
-0.910
2.641
1.829
2.836
2.386
-0.469
5.628
0.679
-6.984
-0.328
-0.776
2.259
-0.733
2.988
1.689
-2.050
0.013
-1.511
0.793
-1.526
0.529
-0.304
-0.015
5.272
-0.515
-4.293
2.788
2.769
-4.399
-1.332
1.396
1.608
0.339
0.393
-1.903
-5.410
5.269
-1.975
0.774
-0.031
2.503
0.626
0.718
-5.972
-1.650
2.137
1.921
-1.934
-3.437
0.654
-6.626
-2.407
4.574
3.818
1.519
1.088
-4.330
-1.428
-0.358
-1.377
-0.491
3.468
-0.950
-0.468
2.125
-3.057
-1.666
-1.421
0.483
-0.478
-0.402
-1.246
-2.220
1.812
-0.461
1.836
-2.318
-1.247
-0.181
0.043
2.160
-0.683
2.142
1.250
0.094
-1.933
2.167
-1.873
0.299
0.221
-0.147
-0.584
-1.623
-3.531
3.719
-0.830
0.043
0.028
2.979
4.990
0.734
-0.027
-2.346
-3.115
-3.908
-1.560
-4.668
2.939
1.365
-0.254
3.013
-2.221
-1.618
-4.291
2.208
-1.595
0.388
2.756
3.640
0.280
1.272
-1.819
4.390
-0.049
0.543
-0.626
3.228
0.829
2.176
1.199
-0.179
2.581
1.179
-1.956
-2.024
0.707
2.528
4.285
-3.915
0.412
1.525
1.060
2.772
1.923
-2.015
-2.086
1.100
2.727
0.694
-3.437
-2.163
2.010
-0.487
0.633
2.907
-2.535
-0.644
-0.905
1.203
2.205
-3.203
0.337
2.436
-4.101
0.195
-2.568
-1.190
-5.662
3.693
-0.504
-1.587
1.138
-2.152
-2.379
3.975
4.691
-1.071
2.912
1.204
-3.043
-1.878
4.073
-3.074
5.824
-1.021
4.144
-0.383
2.270
3.698
3.686
-1.052
-1.708
0.155
-2.771
0.924
-1.620
2.949
-1.018
-3.831
3.712
0.790
0.420
2.977
2.442
-1.478
-0.729
-2.321
-3.165
1.739
1.291
2.176
3.426
2.209
2.422
-4.637
-0.387
2.665
-2.454
0.570
1.597
1.413
1.235
1.787
0.784
-3.161
1.567
1.033
-3.129
3.661
1.631
-2.963
-1.611
-1.004
-1.005
1.053
-1.993
3.058
2.860
1.836
0.456
2.600
-0.312
-1.389
3.206
1.112
-1.292
-0.653
-1.417
5.203
0.360
0.729
2.081
-2.567
2.982
-1.109
4.742
-0.400
2.840
-5.642
-2.470
-0.355
-4.524
1.792
1.101
-2.028
0.312
2.286
-4.697
-2.706
-0.454
0.407
0.209
2.484
1.495
2.022
-2.986
0.698
-0.387
3.859
0.769
-1.256
2.396
1.702
-1.622
-0.486
-0.445
3.296
0.838
2.094
-0.834
1.154
3.478
-0.517
0.626
-2.922
-1.487
-0.453
-2.196
3.523
-1.661
2.238
0.798
0.424
3.917
-5.075
-0.121
-2.243
-4.357
-2.517
0.391
-1.391
2.502
-0.163
-0.429
-0.419
0.114
-0.654
-1.693
2.724
-1.148
-0.570
1.381
1.115
-1.794
2.162
1.640
0.777
-0.685
-0.626
-0.134
-2.606
0.256
2.491
2.453
-0.564
2.904
4.924
-0.409
2.010
-5.081
-2.670
0.569
-2.066
5.244
1.785
2.668
0.280
-2.058
-0.895
0.961
-1.181
1.961
2.057
0.362
-4.032
4.465
-0.160
6.852
1.916
-0.154
1.425
-4.496
2.813
6.511
-4.664
-0.340
0.097
2.451
5.404
1.269
5.490
0.759
1.433
1.138
3.279
-0.664
2.314
-2.604
-0.333
-1.178
0.561
-0.409
3.067
-1.759
-3.805
-2.907
2.736
-1.977
1.305
-0.357
2.328
-0.204
6.984
4.905
-0.407
-0.735
7.868
-2.239
0.218
0.404
0.344
-3.823
1.542
-1.979
3.796
-3.144
0.493
-4.969
-4.821
-1.664
-1.326
3.868
0.253
3.452
-0.561
1.805
-1.391
-1.554
-4.020
1.156
0.979
2.216
0.866
5.213
0.772
2.730
-0.428
-1.830
2.072
0.136
2.347
1.197
-1.553
2.928
-1.741
1.851
3.426
-0.573
3.124
1.304
2.395
-1.658
0.864
-3.029
4.457
-4.484
-0.501
-1.886
1.969
4.967
1.922
7.457
-2.957
-2.773
-1.793
0.641
-2.115
-1.454
1.839
-2.624
-2.370
-0.606
-0.381
2.774
-1.812
-1.379
1.746
2.273
3.779
1.476
0.663
1.730
-0.292
-0.309
-3.908
2.494
0.858
2.215
-6.408
0.237
-1.704
3.953
1.824
0.912
-0.687
1.303
-1.878
0.111
-1.038
5.790
3.878
2.901
-3.227
2.424
0.800
3.286
1.124
0.334
0.911
-3.984
-1.492
1.246
3.085
-0.971
0.252
-3.492
3.852
3.023
1.915
1.326
4.076
-1.582
-1.842
2.898
2.736
-2.514
-0.925
4.404
1.338
2.239
-2.432
1.926
-3.057
-4.402
2.094
3.793
-0.259
-0.962
4.456
-0.117
0.192
4.415
-0.499
-1.220
2.307
-1.358
0.003
-2.816
0.795
0.513
2.673
2.407
1.674
1.296
0.174
1.813
-2.320
-5.288
3.139
1.968
0.045
2.929
-1.406
-1.343
-1.676
1.712
-3.449
-1.491
1.045
-2.540
-1.235
-4.958
1.804
-1.301
-2.288
-2.758
-0.654
-3.442
5.012
-5.373
-0.731
0.607
-1.511
0.859
-1.569
4.022
-2.335
-5.293
-2.766
1.278
0.067
2.155
1.554
-1.177
-0.824
-0.575
4.872
2.008
4.890
2.368
0.197
-2.096
0.834
0.204
0.125
-0.152
-4.576
3.376
0.229
-3.044
1.506
-1.704
1.699
2.466
2.797
-0.036
-0.643
-1.151
-1.384
0.309
-0.152
-1.631
-2.395
0.089
-0.692
-2.389
2.343
4.603
2.660
-1.378
0.229
4.047
-2.467
2.228
-3.125
4.392
-0.683
5.700
4.497
0.095
-1.377
0.817
-0.082
-0.614
-3.629
-0.885
-2.315
1.674
2.729
2.128
1.172
-1.697
0.843
2.253
-1.057
0.636
0.001
4.340
2.394
1.812
-3.770
0.765
-0.022
-0.043
-3.402
-2.261
0.187
3.024
-1.067
-0.610
4.625
-0.362
0.041
0.073
-2.879
1.722
-1.217
0.278
1.416
5.012
-2.813
2.426
2.435
-1.182
1.789
4.294
-1.486
0.930
1.322
1.632
2.196
0.749
1.582
-1.838
0.744
-0.793
-2.602
-0.872
0.997
1.396
-2.694
-1.900
2.089
1.570
2.479
3.633
1.641
-0.646
0.626
4.334
6.985
1.461
1.635
2.092
0.407
3.143
2.769
1.201
-0.413
-3.300
2.108
0.861
-1.421
-2.362
1.937
-3.493
1.069
2.375
1.670
-0.588
-2.648
1.759
3.231
-1.025
1.567
4.146
1.163
-0.603
2.848
-1.420
-2.766
2.300
-0.625
-0.410
-1.155
-0.785
3.717
4.340
4.658
2.966
1.469
-3.087
-0.100
5.526
-0.695
3.984
0.482
-6.078
1.887
3.389
0.232
3.309
-3.653
-2.975
0.842
1.495
3.606
1.883
-2.515
0.861
1.792
-4.148
0.245
-0.455
-1.221
1.547
-2.409
1.351
1.693
2.951
-2.346
-3.263
1.019
-0.337
7.316
1.450
0.490
-0.065
-2.573
1.703
0.160
0.162
0.577
0.881
-3.824
2.359
-1.681
0.019
3.436
4.621
-3.731
0.423
1.005
-3.268
2.276
0.629
0.816
-1.852
1.341
2.362
0.656
-0.883
-0.697
0.879
0.467
2.522
-0.803
-2.574
1.213
-0.796
2.231
0.368
1.922
-2.084
0.694
-1.328
-2.579
-1.717
-0.957
3.337
-1.020
-2.702
0.666
0.420
-0.831
-0.037
2.693
1.960
1.752
-2.491
7.278
2.873
1.591
-2.444
2.625
-0.853
-0.116
-3.684
-2.630
1.403
2.765
1.994
1.912
0.195
-0.626
1.043
2.321
0.362
3.255
-0.166
-2.003
0.325
0.604
0.153
3.424
2.283
-3.084
4.032
-6.229
5.512
-0.340
-0.105
0.206
1.274
0.349
0.030
3.491
1.707
-1.951
2.128
1.608
-0.959
2.251
-0.028
-0.182
-0.247
-5.477
-0.914
2.062
0.296
-2.734
2.665
-0.367
-2.582
5.644
-2.178
2.461
-1.496
0.676
-1.815
-2.624
1.603
1.323
3.097
0.267
5.679
0.994
1.710
-2.910
-1.124
1.597
0.148
0.800
-1.610
0.643
0.635
-2.483
1.892
-3.730
0.792
4.587
1.983
1.968
-1.804
4.596
3.654
-1.675
-0.789
3.361
4.661
-2.685
-2.059
0.005
-4.861
0.396
3.196
-3.103
0.655
-1.046
4.286
-1.018
3.996
-1.084
2.201
0.955
0.018
-1.547
1.125
-0.707
-1.305
3.885
1.664
1.895
-0.590
-0.096
-0.247
1.159
1.890
0.277
-1.552
2.175
0.430
-3.108
-4.775
1.065
-1.641
1.385
-1.511
0.670
-0.558
4.555
2.631
3.584
0.408
2.324
0.570
3.877
0.176
-3.004
-4.447
4.354
1.498
1.656
3.925
-3.614
-0.511
-0.217
2.131
-1.312
-2.533
-2.555
3.109
-1.432
-0.975
1.873
-1.327
-3.742
-3.446
0.214
1.544
-0.135
1.383
-3.521
-3.359
5.759
3.309
2.196
-1.233
-0.221
0.346
3.504
1.317
1.612
-0.052
2.252
1.076
0.456
-1.433
0.077
-2.241
0.254
0.563
-5.421
-0.203
-2.472
1.547
1.879
-0.673
1.668
1.769
-0.201
4.032
-1.390
3.881
-0.190
-1.674
-0.494
-2.289
2.233
-3.497
3.685
-1.896
2.358
0.408
1.000
-1.066
1.197
0.674
-3.149
-1.960
-0.948
-1.462
3.357
0.367
-1.519
-0.828
-0.861
-0.341
-2.231
-1.603
2.190
0.795
-0.016
0.356
0.241
-0.152
1.591
1.414
-3.422
0.034
-3.264
1.875
2.192
-1.116
0.070
-4.717
2.685
2.053
3.110
3.918
-2.588
2.481
3.900
-3.237
-0.061
-0.522
2.403
-5.395
4.708
0.080
2.549
0.205
1.531
-5.221
-0.574
2.385
1.043
-3.578
0.497
-1.615
-1.823
-3.300
1.835
3.021
5.438
-3.188
2.192
2.350
-1.043
-1.852
-2.256
-0.916
0.836
3.614
3.003
-3.527
-1.543
3.469
-1.405
0.213
-3.743
3.117
-4.241
-3.593
2.872
4.958
-0.347
0.238
2.530
1.045
-0.546
-0.815
-3.410
0.909
0.129
-0.701
-2.054
-1.811
1.834
2.466
-0.435
-0.688
-1.699
2.598
0.424
1.233
1.210
-0.388
-2.447
-2.041
3.057
-1.392
-0.635
-2.373
-2.569
-1.496
4.402
1.929
-0.914
2.949
-0.016
3.600
5.658
2.818
0.577
2.028
0.386
-4.056
-1.221
-1.934
-1.274
4.655
3.043
1.408
2.300
-4.191
2.098
2.605
-5.025
2.187
-3.068
-4.378
3.533
-2.067
-1.368
2.725
-0.383
-0.082
-0.135
1.184
-0.193
0.624
-0.859
1.194
1.103
4.905
-0.565
-0.092
0.923
2.665
-2.270
0.599
-5.669
-0.302
2.925
-1.393
0.774
-0.919
-1.713
2.682
-2.159
1.053
1.090
-1.694
0.724
-1.894
1.602
-2.806
-0.465
-0.257
3.021
0.686
2.642
1.681
1.666
-0.447
2.800
-0.505
-3.802
-0.165
1.438
-3.506
-1.774
-2.603
2.238
4.365
-0.153
1.626
1.563
4.079
-1.216
-0.178
-0.468
0.531
6.360
0.424
-1.701
-2.421
3.356
-1.712
1.943
-1.281
-2.690
1.802
-1.164
1.371
1.548
1.661
-0.294
1.997
-1.864
-5.540
2.047
0.747
-1.114
-3.181
-4.538
0.474
4.307
0.017
-0.517
0.292
5.580
2.155
-1.891
0.417
1.148
-2.185
2.172
-1.613
-3.276
0.533
0.153
0.348
-1.485
-1.150
3.058
1.409
-1.946
-4.332
-1.845
0.728
-1.167
-1.353
-1.064
0.176
2.233
0.349
0.499
-0.190
-0.848
2.496
2.132
5.259
1.815
-0.846
-1.821
2.637
-1.606
2.293
-1.474
1.188
-2.193
2.222
-2.611
1.005
-0.125
0.594
-0.600
-0.656
0.721
-2.055
-2.069
-0.511
-0.604
-2.063
2.568
-0.453
-0.194
-2.836
5.322
6.175
-1.523
3.293
0.130
4.199
1.157
0.589
-5.648
-1.759
0.399
0.827
-2.566
-1.399
1.678
-2.970
0.671
3.321
1.275
1.155
-4.498
-1.623
5.280
-1.088
3.385
-1.116
-0.317
1.587
0.592
1.266
-1.614
-2.377
-1.776
-0.928
-0.200
2.839
0.560
1.513
0.690
-2.327
0.391
0.664
2.174
-2.215
-4.547
0.773
1.199
-0.081
0.417
2.459
-0.751
-0.319
0.540
-2.578
-0.015
0.197
4.279
-0.365
0.830
2.555
-1.660
3.652
4.583
0.281
-0.945
4.255
2.260
0.547
3.774
3.520
-0.457
0.947
1.734
0.419
-2.988
-1.902
-2.910
1.533
-2.492
0.812
4.747
3.777
-4.060
-2.719
-1.514
-2.456
-3.619
0.324
2.042
2.640
-0.789
-0.303
1.204
0.090
2.295
1.383
-0.553
-4.106
3.948
-1.297
1.208
-4.250
0.323
0.591
0.707
7.583
-1.165
2.320
1.606
-1.279
2.284
-0.044
2.451
5.056
0.712
-0.325
2.874
3.702
-1.770
-0.737
1.971
0.033
-1.940
1.648
1.962
-0.453
0.497
-1.034
-2.279
-0.843
0.527
-3.190
-0.668
0.561
3.217
-0.400
-2.640
-0.153
-1.010
1.675
-0.461
-6.155
9.210
0.692
0.564
-3.349
-3.165
0.129
1.157
2.035
0.920
-2.496
-5.661
0.109
-0.932
-2.680
2.337
-3.431
1.831
-3.034
0.672
2.592
-0.461
4.406
4.953
0.919
1.649
2.896
1.657
1.399
-0.908
-3.700
-2.986
6.068
1.124
-0.240
3.382
-1.449
1.749
0.535
1.454
-0.457
-1.965
-1.625
-1.531
0.343
-3.385
-2.644
0.675
0.044
0.807
0.242
6.395
0.654
-0.560
0.593
2.798
0.231
1.993
1.301
-0.347
0.616
4.187
0.933
-2.016
-0.417
-4.724
0.680
3.499
-2.869
0.709
2.715
2.969
3.422
-4.134
1.562
-3.263
-2.046
2.321
0.729
2.093
-1.880
3.887
2.002
2.484
-2.242
3.161
-0.409
-1.117
1.851
1.750
-1.682
5.285
4.704
1.802
1.383
1.141
-3.370
0.621
0.589
-1.032
-0.392
-5.365
-2.283
2.562
4.505
-1.914
0.789
2.986
-0.899
1.973
0.269
3.207
-2.728
-2.301
1.021
0.581
0.215
1.732
-1.884
-2.937
-0.850
-0.582
-0.331
3.396
2.199
1.630
0.883
-0.692
-1.699
-2.523
-1.317
0.247
-2.422
0.757
-0.117
-0.604
3.138
-5.555
-0.571
-5.296
0.923
2.179
-2.893
-2.585
-3.726
0.503
-0.468
-0.319
-0.533
-1.987
3.066
1.004
-2.493
-1.331
-1.743
3.724
2.057
0.046
4.447
3.835
-0.204
-0.635
-0.520
-1.937
4.512
-2.065
2.434
2.007
-0.382
4.694
-3.392
0.159
-0.824
2.655
1.199
-3.796
3.325
1.515
-2.135
-0.489
-2.770
-0.060
0.710
-0.453
-0.731
-3.521
1.159
-4.269
0.425
-3.968
0.471
0.335
1.318
2.419
2.864
-3.514
0.210
5.176
0.636
-1.645
0.159
-0.571
-2.473
2.436
1.752
-2.853
0.126
-1.010
-3.494
-3.046
-2.688
0.210
-0.749
-1.952
-0.591
2.144
1.206
2.754
-0.198
4.196
1.185
-0.823
0.573
-2.645
-0.385
1.382
1.818
-0.634
6.911
-0.063
-3.678
3.262
1.807
0.906
-0.766
1.294
4.236
0.834
-3.178
-7.938
1.273
-2.016
0.111
-1.592
-1.764
-1.487
-1.270
2.213
1.727
-2.549
-2.222
1.260
2.876
2.839
-2.057
2.724
-3.913
-0.137
1.519
-4.639
5.373
3.534
1.903
-1.966
0.187
2.247
-2.344
-0.083
2.535
-3.237
1.148
-3.861
-1.915
-0.861
1.583
-1.332
0.651
-1.299
-0.923
3.352
-2.411
2.172
0.347
-1.031
-2.572
-2.401
-1.423
-0.010
1.798
-0.371
-0.210
0.148
1.494
1.898
-2.979
-0.327
3.296
-2.809
0.528
-0.060
-1.010
4.168
0.438
3.977
0.364
1.455
-1.035
-1.009
1.332
1.376
1.785
1.254
-2.857
-1.585
2.390
-4.350
1.052
0.081
2.389
1.350
-1.244
-1.352
-0.905
1.742
-5.175
0.728
-1.769
0.808
1.177
-3.640
-0.194
0.723
0.561
0.057
-2.580
-2.215
-2.957
1.680
0.073
0.226
-3.743
0.269
1.871
-4.070
-0.935
-3.419
-0.659
-1.812
1.264
0.756
3.450
0.220
1.162
-0.988
-2.297
2.353
3.334
2.044
0.665
-1.988
3.090
1.741
5.210
-2.421
2.420
1.668
-0.471
3.623
1.316
-1.899
0.066
-1.927
-0.774
2.039
2.724
0.881
-1.450
1.266
2.086
-4.383
0.630
-0.106
2.639
1.276
1.512
-0.807
0.354
2.615
0.194
0.769
-3.336
0.186
-4.479
-0.889
0.502
2.191
-2.048
1.247
3.874
-1.188
-3.363
1.046
-2.511
-1.616
2.566
4.855
-2.052
-1.420
-0.706
-0.965
4.990
-0.923
-0.581
4.229
1.734
2.716
-1.825
-0.922
-2.145
2.273
3.291
-1.089
-0.524
-0.419
-3.363
-1.267
2.206
-1.751
0.573
-2.789
0.004
-1.002
-2.582
2.247
2.382
-1.977
-0.169
0.456
-4.005
-3.003
3.437
-2.206
3.370
-2.879
1.931
-0.397
-0.060
4.804
-2.660
1.778
1.678
8.401
-2.235
-1.152
2.308
-0.131
-0.761
2.648
-0.290
-1.790
2.093
1.251
-0.401
-0.515
-1.846
2.090
-0.514
-1.498
-2.735
1.291
-0.871
-4.480
-2.538
-0.211
-0.143
-0.235
-0.569
-3.192
-1.749
3.191
2.837
1.737
1.525
2.521
-2.340
0.429
-2.339
-2.297
1.233
2.622
-0.115
4.308
0.858
-1.514
-2.258
2.794
0.658
1.973
-6.029
0.937
-0.878
-2.995
0.200
2.970
5.789
0.931
-1.352
-1.497
2.662
-2.042
1.844
1.055
0.789
-3.413
-0.507
-3.150
-1.062
2.551
3.305
0.863
-1.019
4.161
-1.051
-2.376
2.022
1.449
-0.952
0.591
1.411
0.839
1.451
-0.864
1.613
0.392
-0.782
-0.240
0.115
-3.119
-1.178
0.506
-2.892
-1.138
6.073
-2.360
-0.571
-1.651
0.070
-1.606
-0.234
-1.375
2.882
0.546
-2.057
2.368
-1.950
-3.404
0.343
4.927
-4.036
-2.844
2.156
-1.192
1.819
-1.660
0.691
4.537
-2.517
2.807
1.981
-3.224
1.691
0.525
0.569
1.158
-0.491
0.518
0.929
2.141
-3.315
3.448
-2.423
2.178
0.541
-2.725
1.618
-1.919
2.915
-1.356
-3.238
4.031
0.785
2.431
-1.694
-4.190
4.370
0.335
1.529
1.926
-0.455
0.893
4.175
0.272
2.611
-4.429
3.047
-3.303
2.773
1.288
0.120
0.111
-0.257
-1.620
-0.144
5.649
3.476
-1.740
0.992
0.580
0.008
-2.057
1.420
2.381
-1.651
5.043
4.003
1.666
-2.606
1.313
1.027
1.582
4.167
-0.072
5.265
1.326
-0.347
6.109
2.342
-0.741
0.552
1.875
-0.012
0.671
-1.611
-3.694
0.605
0.686
1.615
-1.033
-2.867
-1.967
2.884
-1.250
-0.711
-0.400
-1.136
-1.314
-1.741
3.712
1.982
3.345
3.828
-5.290
1.174
-1.057
3.030
-1.430
-2.180
-3.092
-0.376
2.546
0.965
-2.536
5.516
1.909
2.216
3.434
-3.587
-1.837
2.325
-1.596
-0.310
0.163
-2.716
-0.516
2.545
2.101
3.021
2.774
1.324
1.134
0.958
-1.155
-2.122
-1.305
-0.432
-1.224
1.343
0.835
1.092
1.193
3.220
0.329
2.770
1.590
3.061
4.225
1.734
0.599
0.584
-0.778
-0.859
2.515
-1.963
4.225
-0.014
7.219
-1.313
0.950
-0.494
-1.553
2.903
-2.303
-1.273
1.757
2.138
-2.991
1.746
0.659
-1.853
-1.543
-4.530
4.472
2.787
-2.744
2.267
-1.028
2.546
-0.841
-0.522
-0.342
-1.228
3.708
2.506
0.614
2.809
-3.555
-2.598
1.489
2.115
1.021
-4.168
-2.200
1.350
6.174
3.273
4.136
1.165
1.148
-2.130
2.634
0.174
2.013
0.424
1.020
0.139
0.889
2.750
-2.689
-3.233
1.372
3.807
4.413
-2.589
-0.617
-3.200
-0.971
3.045
0.319
-0.547
1.658
-1.558
4.173
0.367
-0.614
1.758
2.604
4.180
-0.154
2.957
0.593
-1.117
-1.514
-2.283
-1.430
3.028
2.046
-2.629
-3.841
-2.320
-1.514
-0.378
3.165
-0.965
4.383
-3.682
-0.487
2.235
2.383
-0.456
2.754
2.299
-1.287
1.106
2.039
-1.115
4.416
-1.655
0.696
-2.649
0.598
-2.211
-0.356
-3.458
2.270
1.205
2.960
-0.485
3.071
0.444
0.622
5.424
-0.813
3.296
1.501
-1.023
-2.808
-2.129
3.064
4.513
0.569
0.695
2.213
0.526
2.989
1.050
0.675
-1.328
-1.919
-7.232
3.312
-0.002
-0.611
-4.334
-1.186
-1.502
-1.557
1.149
0.643
-2.917
-2.765
-2.769
4.695
3.933
-1.696
-4.394
0.657
0.463
1.111
2.129
1.434
-2.329
1.056
2.399
-1.388
1.070
-0.977
5.141
-2.834
3.124
-3.660
4.653
-2.390
0.805
-3.560
-2.890
2.505
2.818
0.924
2.129
2.858
-1.292
-3.008
0.317
-1.035
1.283
1.665
-1.286
2.040
1.920
2.086
-0.629
2.222
1.598
1.886
4.377
1.137
-1.107
-2.315
3.057
1.208
4.358
-4.521
2.536
-0.277
-0.498
-1.486
2.509
1.822
-2.392
0.746
2.045
0.777
3.009
-0.346
-5.060
0.798
0.784
1.097
3.007
-4.336
-0.222
-1.864
-2.549
0.176
2.034
1.072
-1.300
0.001
2.582
1.990
-0.977
-1.132
-3.770
-0.681
-3.816
5.311
-1.702
3.012
4.713
0.869
0.110
-2.824
-0.861
4.200
1.193
0.418
3.499
2.021
-0.005
0.869
-1.493
-0.996
-0.145
1.688
-2.644
0.533
-0.586
-1.812
-0.573
-5.221
-1.468
-2.289
-0.322
-5.121
0.808
2.533
0.068
1.547
-0.881
-3.381
0.354
1.983
-2.829
-0.767
-0.243
7.193
0.886
-4.223
-4.817
2.103
6.314
-0.324
-0.468
1.384
-1.566
-5.756
2.839
-1.122
2.870
-1.476
0.642
2.402
2.919
0.909
0.790
1.837
1.464
-2.749
-2.703
-4.712
2.190
-0.600
2.318
1.319
-2.056
0.061
-0.742
-1.112
2.547
6.376
3.029
0.285
3.373
4.461
-2.992
3.290
2.197
3.201
2.302
-0.197
5.229
1.165
-0.692
1.564
2.684
0.577
1.294
0.562
-1.234
-1.622
-3.017
3.993
-0.186
-7.876
1.302
1.252
-4.130
-1.648
-1.753
-1.431
3.261
-0.007
-0.675
3.044
1.539
-3.828
-1.130
1.123
-1.891
5.221
0.621
-1.458
-2.345
2.576
-1.205
1.262
-2.414
0.518
-1.176
-0.407
-1.561
2.812
-0.828
0.006
0.122
4.219
2.487
2.248
-3.437
-1.225
3.203
-2.460
0.552
-2.207
-1.966
4.384
2.076
2.710
2.231
0.016
-1.310
-0.615
-0.110
4.613
-2.857
-0.979
-1.841
2.886
4.799
1.091
1.288
0.569
1.400
2.206
1.372
1.547
2.211
-3.918
0.355
1.083
1.349
-0.060
0.736
-1.378
-3.910
2.710
-2.372
-0.035
-1.448
4.159
0.159
-0.395
2.145
5.526
1.324
-0.556
2.022
-3.424
0.461
5.135
0.729
0.609
0.400
-0.599
1.105
2.211
-0.446
-5.628
1.467
5.470
-0.553
-3.181
1.976
4.535
1.620
4.489
2.255
2.046
-0.893
1.035
0.279
0.197
-0.259
0.891
-2.761
2.298
-1.757
-0.251
1.143
-1.875
-4.370
-0.569
-3.085
2.060
-2.418
3.914
0.336
0.492
-4.404
0.698
0.158
-2.768
0.559
-0.605
-0.170
0.412
-0.781
0.941
0.142
1.485
-0.919
-2.206
-1.351
3.812
2.644
3.262
3.429
-0.769
1.060
0.532
1.933
-0.344
0.573
0.523
1.627
1.924
0.575
0.648
0.892
4.302
-3.802
-1.977
1.967
0.997
0.981
1.952
0.864
-0.992
1.859
0.400
-0.724
2.007
1.912
0.865
4.471
3.534
2.754
6.509
-0.002
-0.766
2.415
-0.256
0.379
-2.016
1.806
-3.180
0.119
0.313
-0.696
-3.867
-3.885
-1.441
1.644
1.043
0.311
-1.773
1.169
-3.968
-5.402
-0.233
-0.961
2.782
0.729
4.312
-0.966
1.518
-0.255
3.666
-0.140
2.401
-2.236
-0.647
0.148
3.382
-4.923
-0.448
-0.530
-4.635
-0.764
-3.348
-5.244
-0.280
-0.361
-0.238
0.957
-1.761
4.648
0.270
3.437
-3.682
-1.653
1.997
-0.194
-2.226
-4.063
2.110
1.914
0.934
-0.840
-2.321
0.223
-2.807
-1.454
3.377
-4.092
1.976
3.936
2.309
1.306
-0.763
-1.200
-5.046
0.439
-0.615
-1.325
0.302
0.500
-1.175
4.221
2.103
2.501
0.102
1.577
-1.800
1.949
-0.141
-2.103
0.295
-0.351
5.925
1.395
4.141
3.065
0.441
-0.715
-3.827
-1.740
1.941
-0.375
1.252
-4.523
1.438
2.982
-3.912
1.242
3.574
4.382
-0.858
2.222
3.781
1.313
3.434
0.264
1.296
-1.142
-0.045
1.391
-1.322
-0.187
2.176
5.276
-4.569
5.094
-0.274
2.666
3.137
4.105
-1.397
-0.191
0.221
-0.508
3.515
0.166
-3.535
-1.169
-3.438
-0.198
1.964
-1.221
-0.617
-0.309
0.688
1.589
2.287
5.763
0.646
2.116
-3.460
-0.560
-0.299
-2.092
-0.936
0.092
-0.861
6.594
1.579
5.152
3.932
-1.184
0.440
-0.694
-0.038
-1.993
-0.710
1.213
1.149
0.958
0.207
2.416
-0.267
3.690
-4.084
1.926
1.522
-1.269
-0.503
1.465
2.548
-3.849
1.858
-0.748
3.051
-4.064
6.219
-1.777
3.782
0.184
-1.615
0.986
2.820
-3.376
2.034
0.321
1.735
0.376
-1.022
-2.321
1.964
1.951
1.939
1.376
2.617
3.725
-4.153
-5.270
4.473
-2.869
-2.257
-0.340
-3.620
-0.566
-1.925
-0.210
1.022
-0.474
-0.596
0.969
2.856
4.197
-0.174
4.730
2.454
-2.607
-2.677
-1.035
3.817
-0.853
-4.192
-0.199
-4.403
-2.182
-1.059
0.709
2.808
2.016
-2.480
-0.542
0.533
-0.279
-0.296
-3.785
-2.417
-0.617
-7.074
1.888
-2.944
1.998
1.787
-0.955
2.751
2.134
-0.392
-0.662
2.983
0.907
2.857
-5.384
0.586
-3.436
0.288
2.063
4.524
-1.902
-0.912
0.121
-1.989
2.699
0.182
0.643
1.838
0.178
-1.612
0.199
-1.705
0.609
2.743
-2.470
-3.328
0.468
-1.493
0.426
1.119
-4.795
2.006
-2.457
0.296
-1.233
-0.975
4.415
1.116
2.521
0.712
1.838
1.352
0.961
3.007
0.726
5.834
2.655
-2.385
-0.074
1.303
0.457
1.998
2.263
-2.913
3.425
-0.842
-1.080
-1.088
2.291
-0.291
-1.243
-0.668
-3.957
-1.671
-2.625
-0.296
1.944
1.679
3.366
2.832
-0.919
0.396
0.272
-4.813
-2.571
-0.051
-0.065
1.580
1.463
-3.900
1.595
0.779
1.846
2.910
0.007
3.339
-1.785
-1.920
1.379
-0.535
0.978
5.133
1.294
0.859
-1.736
-3.730
0.176
2.910
-0.425
1.314
3.774
3.714
1.379
0.758
-3.295
-1.162
-0.324
-1.696
0.946
4.938
3.993
0.935
2.221
-1.399
3.864
-3.399
2.541
1.539
-1.464
-0.151
-2.372
-2.270
-3.469
2.192
3.243
-4.838
4.762
0.321
1.046
-3.184
3.520
0.831
3.083
3.280
3.554
-1.206
-0.149
-1.118
2.498
1.149
2.916
3.021
-3.795
3.592
2.632
-0.536
1.190
0.053
1.829
-0.541
1.499
0.512
-0.687
0.806
6.846
-1.295
-0.250
-1.253
-1.002
2.308
2.068
0.336
2.813
2.254
-0.040
-3.331
2.341
0.757
0.403
-0.769
2.137
1.186
-0.218
-2.591
2.913
1.802
0.963
-6.026
0.259
-0.229
-1.134
2.160
2.066
1.398
2.841
-2.104
-0.739
0.530
-1.143
2.095
-0.903
3.466
-1.885
5.467
5.220
0.123
3.101
-0.611
2.782
-0.072
-2.735
-8.129
-0.295
1.020
3.543
0.438
2.757
-0.739
-0.459
2.880
-5.565
0.381
-0.610
3.615
-0.918
1.590
2.562
-3.232
0.016
-0.686
2.621
1.970
-0.210
-2.164
2.842
0.188
-3.534
-3.328
1.400
-2.712
4.813
-1.899
0.349
0.732
-1.401
-5.026
0.808
-1.458
0.630
0.056
0.982
4.098
-0.961
-0.775
-3.648
-0.118
1.334
-0.810
1.349
-0.076
-2.775
1.099
-0.144
0.645
-1.011
-1.223
0.728
-0.203
4.488
2.267
1.658
-0.076
-4.512
-1.588
-1.204
-0.310
0.270
1.925
1.006
3.132
-0.399
0.967
1.175
0.940
3.427
2.279
-2.817
0.076
0.316
5.514
-0.441
-2.008
1.402
1.543
0.173
-0.179
2.627
-1.699
-0.468
-0.903
2.975
1.035
-2.206
-1.965
4.846
2.950
2.370
0.379
3.970
-2.298
2.157
-0.714
-0.247
2.092
0.005
-0.693
-0.838
-4.417
2.182
-2.066
4.810
-0.340
3.493
-3.992
2.106
2.723
3.479
-3.317
-1.337
1.734
0.706
1.054
-0.515
4.072
6.610
0.600
1.438
0.485
3.432
2.340
-2.209
-1.120
-2.072
6.818
1.875
-1.080
-1.271
2.283
2.522
2.265
-0.671
1.084
0.616
-1.897
-1.874
1.339
0.821
1.678
2.248
3.949
-1.512
1.863
2.148
-0.399
0.642
-0.338
5.411
0.602
1.434
-0.284
-0.801
-2.775
2.990
2.194
-0.373
-1.811
0.782
-0.844
-0.183
-2.683
0.871
0.919
2.977
-0.012
-0.451
-3.386
2.992
2.493
0.419
-2.840
-2.565
-0.963
2.667
1.047
-3.234
1.320
-1.664
-0.903
2.682
2.187
2.973
0.294
2.469
-1.057
-0.268
-0.433
0.407
-2.738
-0.190
3.834
-2.272
-2.840
-2.647
6.738
1.466
-0.299
0.514
0.896
-1.187
-0.891
-0.028
-1.389
-0.603
1.197
-2.043
6.614
2.158
-2.698
-5.597
-1.300
1.992
1.527
0.084
-1.093
-1.820
-0.616
-2.080
-0.607
3.544
-1.501
1.816
2.182
-2.241
-1.674
2.915
-1.872
0.212
5.246
2.702
0.555
2.368
0.216
2.794
-4.561
0.016
-4.657
0.737
-0.217
3.616
2.058
-0.913
-0.625
1.264
-1.024
0.272
3.510
-1.640
-0.724
-0.388
7.929
1.810
3.067
2.194
2.355
1.487
1.227
-3.132
1.209
0.090
1.659
0.180
2.182
2.606
-6.639
-0.691
-4.108
0.923
-0.372
3.604
0.847
-0.815
2.603
-0.414
-0.845
1.295
4.221
2.399
1.711
6.952
-1.408
-1.461
0.699
3.986
-1.910
4.561
-3.104
0.059
0.766
-1.768
-1.141
2.262
3.810
-4.725
0.783
0.078
0.608
-0.410
-2.747
4.052
3.132
0.100
-0.822
-1.113
-5.856
1.199
2.223
0.681
0.143
0.670
-1.698
-0.849
-0.049
2.022
3.659
-0.200
-2.157
0.436
5.178
-1.949
2.476
3.556
-0.514
-1.332
1.730
1.198
2.017
5.327
0.751
-2.511
0.510
0.930
3.391
-0.122
-0.632
-2.941
1.664
8.386
-0.184
1.435
-0.965
-2.725
1.392
0.418
-5.375
4.214
1.348
0.527
-0.663
1.323
1.433
1.313
2.913
3.459
5.163
-1.658
-1.026
1.217
-1.520
-1.133
1.491
2.512
3.412
-0.112
1.462
0.933
0.392
-1.608
-1.914
1.950
-1.649
-3.915
0.274
3.843
-6.358
-0.342
1.971
-4.026
-0.162
-2.385
-2.067
-0.616
-2.346
-2.545
0.208
5.695
2.169
2.775
2.263
-1.324
1.096
2.984
2.338
0.817
1.598
6.261
2.365
-0.406
0.172
-2.180
5.983
4.199
0.550
5.584
1.868
-0.684
2.525
1.307
2.361
-2.936
-1.595
3.922
4.414
3.746
5.675
1.736
1.567
-1.842
-1.043
-4.422
-0.422
-4.590
2.944
1.282
-4.513
-0.106
5.072
0.048
-2.046
-3.935
-3.864
1.635
-0.691
-0.492
-0.681
0.013
-2.595
1.109
-3.064
-1.464
2.776
1.253
1.996
5.511
0.207
0.402
-0.284
-0.714
-2.075
0.552
1.202
1.336
0.504
2.573
0.421
-0.632
-1.875
-3.368
3.855
-1.328
-1.872
-0.652
-0.318
4.282
-0.438
6.670
0.503
5.287
2.495
1.216
4.137
3.043
1.873
5.912
-0.846
-2.038
-1.273
4.555
3.832
-0.911
-5.301
-0.144
-2.082
-0.835
-2.181
-3.513
4.870
-1.291
3.740
-0.181
-2.364
1.572
-0.589
-0.147
0.698
-1.599
-3.541
0.227
2.663
-1.814
0.720
3.963
0.135
0.557
0.483
-1.288
-2.034
-2.024
1.234
2.169
2.282
-0.559
2.974
1.088
0.520
-7.664
-1.612
-3.301
1.855
0.578
-2.223
1.080
-3.066
-2.155
-1.355
1.646
3.709
-1.056
3.524
0.464
0.917
0.197
-0.124
1.404
2.127
-1.773
-0.104
4.356
0.775
1.038
3.151
-0.853
0.268
2.310
3.323
-5.326
-1.418
-2.046
0.053
-1.864
1.944
0.764
2.484
2.637
1.980
-0.456
0.600
-0.756
-2.925
2.639
0.148
-3.256
1.639
-0.187
-4.594
-2.947
-1.331
0.855
2.241
2.159
1.797
0.268
4.483
2.030
0.883
1.710
-0.608
0.213
-4.647
-0.578
4.574
0.706
0.606
2.747
1.209
-1.538
0.407
-2.375
0.791
-1.661
2.578
-0.875
-1.629
0.079
1.227
-2.548
-0.901
0.602
3.562
-5.719
1.826
-0.571
-0.837
-1.285
-0.523
1.840
-0.938
4.331
1.847
0.825
-0.049
3.206
3.556
-2.437
-1.335
1.873
2.598
-0.371
-1.432
0.539
3.894
0.448
-2.683
0.613
2.229
0.107
3.370
2.428
0.202
0.454
-4.070
3.255
-0.441
-0.610
-0.970
1.446
-2.359
-2.012
0.224
-1.154
1.155
-1.066
4.178
2.014
1.984
-1.102
6.124
-0.704
-1.363
2.046
0.819
-1.614
5.620
2.691
0.360
6.113
2.296
0.321
5.825
1.932
1.827
-0.577
0.469
-0.636
3.805
-3.513
3.628
-1.756
0.211
-0.359
-0.898
2.005
0.338
-1.252
0.720
-1.321
-0.941
-3.243
-0.731
1.536
0.439
4.706
6.621
-0.764
-1.650
3.062
1.154
3.076
1.307
-0.116
-0.103
1.389
-0.157
3.277
-2.776
3.264
-4.146
0.698
-0.445
-3.289
-4.594
-2.284
0.460
-1.095
-2.148
3.595
-2.607
1.980
-1.784
-2.345
-1.099
1.838
-2.942
1.040
-1.956
-1.524
1.312
5.566
-1.836
2.078
-0.401
-0.789
2.921
-1.674
-2.420
1.454
4.177
2.150
-3.027
-1.127
2.701
4.145
0.899
-1.040
4.300
0.171
-1.104
-1.510
-2.518
7.151
3.760
-1.225
4.506
1.630
1.488
-1.373
-0.884
0.248
-4.367
-0.818
0.361
3.493
-1.130
2.299
-4.595
3.151
-1.811
0.663
1.325
0.854
0.094
-2.630
-1.785
2.741
-1.084
0.102
-3.231
2.411
-2.817
2.548
-2.201
2.785
0.374
-0.991
4.191
0.185
-0.518
2.532
-3.203
-5.715
3.129
-1.657
2.425
0.461
-2.444
1.807
-0.634
-2.236
-2.173
-3.809
1.317
-1.895
0.267
-0.086
-1.910
-3.305
6.431
0.234
4.726
3.146
-0.421
0.784
0.715
4.776
2.342
-1.587
1.194
2.280
-2.471
1.536
3.579
-1.708
-1.376
3.135
-0.500
-2.007
2.467
1.734
0.577
3.049
3.220
0.151
5.088
4.150
-4.412
-2.122
-5.063
-0.429
-2.557
-1.604
2.967
-3.862
0.661
0.647
0.152
0.664
-5.007
-1.593
4.053
-2.522
4.350
-3.026
-3.315
-1.934
3.060
-0.961
1.179
0.527
0.219
3.408
2.202
-2.393
-0.311
4.534
1.117
-3.269
-3.099
2.486
2.036
-1.861
2.144
4.189
3.849
4.200
1.683
-0.076
-0.616
0.308
-1.752
-0.512
3.410
-3.512
-3.348
2.343
-0.490
-4.272
0.203
-0.140
-0.685
1.996
-2.850
0.381
-0.156
0.441
-3.807
-0.904
0.397
1.649
4.781
2.284
1.457
3.402
-0.379
4.079
3.036
-0.720
4.967
1.423
5.613
1.078
-0.999
-1.492
-0.504
-1.021
3.401
0.280
-3.524
0.861
0.651
-0.775
0.992
0.244
1.871
1.730
1.226
-2.767
5.436
-3.384
0.041
-2.277
1.301
0.682
-0.055
3.993
3.010
-0.435
2.280
4.105
2.993
0.023
-3.467
1.129
1.955
-1.497
0.404
0.151
3.681
4.799
3.171
0.145
3.105
1.907
0.170
5.372
-1.421
1.799
2.365
-0.340
1.692
2.619
0.937
1.484
0.603
2.264
-0.200
-0.398
0.399
3.191
-3.844
-1.832
5.812
1.010
-0.627
2.258
-1.534
-4.697
1.202
-1.404
0.593
1.141
0.691
-3.752
0.413
1.417
-3.010
-3.296
-2.216
2.142
-4.446
2.341
1.291
-0.268
-3.204
-1.562
2.227
3.366
-2.125
3.090
1.996
0.334
-1.421
-1.045
4.725
0.778
3.542
0.930
-0.736
1.752
5.529
-1.196
2.543
0.807
-3.129
-3.182
-0.735
1.184
2.458
-3.420
1.916
0.066
0.358
1.763
4.541
1.079
-2.906
-0.099
2.395
2.474
1.948
-0.874
-2.933
1.765
-2.564
2.013
2.014
-0.772
0.080
0.827
-1.126
-2.966
0.256
0.506
3.617
-1.527
2.914
-2.403
-2.877
-0.372
-1.908
-2.911
5.016
-0.734
5.897
-2.037
-3.751
3.449
-1.394
0.683
-2.904
0.259
-2.942
0.173
-0.787
0.903
1.852
0.929
1.433
0.088
-0.695
1.478
0.083
0.174
1.305
-2.130
3.781
-0.248
0.648
0.243
1.917
1.164
0.230
3.827
-7.338
3.332
2.559
-4.056
2.580
2.890
1.698
-3.392
1.988
2.767
-1.023
1.409
-0.498
2.475
-0.402
-1.042
0.256
-2.870
0.017
1.219
2.438
0.947
-3.088
3.595
3.797
0.620
-1.455
-0.926
-0.138
1.019
-0.381
-1.710
2.805
0.967
-2.176
1.049
0.738
-1.373
3.218
0.674
-0.170
0.150
1.415
0.177
0.157
2.908
-3.054
-2.654
2.215
6.148
2.454
4.824
-0.692
-1.179
1.446
2.639
-2.798
-0.162
0.285
-1.279
-0.999
2.373
1.477
2.266
1.158
-1.746
1.365
-1.935
-0.398
-2.137
-1.116
0.567
-0.748
-1.770
3.081
0.063
-0.917
-2.248
-4.143
-0.183
-2.958
2.059
0.421
4.090
0.885
-1.394
-4.162
2.286
-2.767
-0.630
4.368
1.816
1.286
2.616
2.527
4.144
-1.095
-0.554
-1.864
0.272
0.033
-3.862
-1.219
3.804
0.936
2.067
0.061
-4.179
0.041
2.850
-2.496
2.143
-3.734
0.398
1.657
-0.399
6.284
-0.834
-1.038
0.841
-1.462
-3.109
-2.284
2.169
-0.382
4.435
-0.709
2.055
1.576
-0.745
-1.759
-3.806
1.677
3.226
-3.466
-0.539
-1.251
1.673
-0.439
3.525
-0.573
-2.617
-0.775
-0.511
1.613
-0.546
1.406
-1.547
-0.357
-1.534
-1.682
3.410
-1.366
-0.484
2.857
2.150
4.289
1.509
-1.091
5.287
1.747
-0.021
0.488
0.780
-0.218
-2.952
4.254
0.298
0.790
5.338
-1.290
1.923
-1.552
1.120
0.834
2.247
3.250
-1.041
3.750
3.920
-0.250
0.334
-0.836
-0.383
-2.538
2.216
-4.571
-1.323
0.239
3.470
-0.959
1.377
0.156
2.618
1.251
2.343
-0.972
-2.084
1.231
-0.821
0.423
1.111
3.331
2.238
-1.284
-2.398
4.448
-3.448
-0.736
1.899
4.283
-0.105
0.416
-1.750
0.654
-2.410
-1.451
2.183
-0.691
2.551
-0.018
-2.935
3.154
-2.807
-1.094
-0.129
2.764
-0.914
-1.874
0.740
-0.164
-0.772
0.870
-2.539
-3.782
5.483
0.600
0.768
-1.527
2.504
-0.930
-6.337
-1.011
-0.325
-0.058
-0.128
-1.198
-1.430
-0.365
-3.599
-4.348
0.585
0.625
2.461
-0.263
-2.515
-4.305
-1.786
1.364
3.809
0.480
-2.563
-1.762
-1.687
-0.624
3.040
3.227
-0.063
0.789
-1.564
-3.754
4.642
-5.224
-4.056
4.661
0.390
-2.352
1.988
2.205
-2.848
-0.929
2.453
-1.611
1.027
3.770
-5.392
-0.469
0.978
-3.951
-0.921
2.857
-1.340
-3.212
3.064
1.417
0.185
0.114
2.818
1.057
1.899
-1.312
-4.252
1.843
2.992
-0.189
2.481
-0.455
0.132
4.556
-0.350
-0.491
-4.138
2.006
-1.354
0.703
-0.406
-0.720
0.067
0.252
3.173
3.999
1.912
3.402
2.400
1.537
3.842
-2.790
-1.293
-1.620
-0.373
1.996
-2.326
1.557
-1.059
-0.483
0.831
4.385
-1.360
0.158
-2.238
-1.383
-2.260
0.937
1.371
1.999
-1.459
1.569
0.621
0.211
-2.629
0.718
0.794
0.594
1.310
2.017
-2.285
-0.170
1.588
-0.294
2.653
0.566
-4.342
2.365
0.069
-3.897
-0.255
-2.694
2.158
0.264
-1.867
2.296
1.450
-0.216
-2.639
-1.672
-1.708
2.142
-3.684
0.237
-0.251
2.835
0.909
1.635
-0.911
-2.604
-0.431
2.215
2.210
-0.683
-1.716
-2.186
0.022
0.678
3.886
0.646
1.823
-1.523
0.450
0.686
0.013
0.298
0.653
1.504
3.156
-5.087
3.023
-3.756
1.091
6.004
0.248
0.782
-0.395
1.951
1.219
-1.273
0.076
-2.334
0.065
-0.656
0.678
-1.354
-0.165
0.371
0.538
1.008
-0.068
-1.538
0.547
-0.079
2.809
3.112
-2.943
1.831
2.313
-2.880
1.741
2.500
-1.929
-0.217
0.797
1.719
-2.022
3.127
-4.520
3.527
1.671
-1.142
2.425
-2.165
0.626
0.922
0.917
-1.665
-0.841
0.654
-1.394
1.001
-1.124
2.750
4.100
-0.364
2.559
-0.160
-1.897
-0.672
0.555
-3.939
1.852
0.556
2.751
1.810
0.638
-0.504
4.005
5.558
-0.464
2.852
-1.346
-1.060
-0.577
1.993
-2.230
4.070
2.601
1.938
-0.355
2.341
-6.652
1.408
0.734
-4.177
1.325
1.768
-4.099
-2.498
5.305
-0.097
2.692
3.054
1.295
2.791
-4.721
-0.203
-7.043
-3.841
-0.960
-1.247
0.449
0.300
0.671
0.769
1.149
-1.952
-1.390
0.261
0.299
-2.247
2.946
2.090
-1.713
-0.150
5.173
0.735
1.300
-1.111
-0.401
3.977
0.622
0.180
0.368
6.459
0.446
-1.642
-1.223
2.224
-3.078
1.431
-1.387
-4.111
-2.002
0.416
3.698
2.542
-0.355
2.683
-0.506
-3.170
0.401
-3.264
2.249
2.284
-1.762
0.699
0.677
2.443
-2.638
1.789
-2.810
2.215
2.900
-1.257
3.276
-3.428
2.989
3.802
1.180
-0.119
1.100
-1.099
6.649
-1.058
3.512
-1.429
4.182
5.180
1.276
1.038
-1.946
-2.232
1.065
3.850
-0.966
5.649
-1.114
0.901
0.907
0.106
-4.555
-1.136
0.829
0.120
1.877
2.166
-0.226
-1.960
4.066
-2.903
-1.079
-1.690
2.141
3.511
-0.067
0.901
1.379
4.680
-3.907
2.136
1.254
-0.540
1.133
2.128
1.750
5.530
0.656
0.415
-0.085
1.677
0.273
0.382
0.393
0.027
-1.111
1.353
-0.334
1.823
0.616
-0.578
4.106
0.104
1.845
-1.330
-4.511
-1.011
-4.780
-0.218
3.875
-1.823
-4.705
3.951
-0.791
0.312
2.242
1.606
2.151
2.511
-3.841
-3.044
3.161
-1.526
-1.264
-2.681
-0.622
-0.488
-1.900
-2.177
1.115
-1.588
-1.105
-4.897
5.002
2.610
-0.838
-1.808
0.376
0.310
-2.712
-5.771
-0.913
-3.402
0.761
0.777
-1.986
-0.933
4.581
2.210
-0.735
5.851
-2.523
-1.600
0.085
-3.324
4.647
0.790
-1.546
1.425
0.701
-0.381
-2.550
-3.097
5.598
-2.897
4.425
-1.677
2.246
1.467
1.947
2.107
-3.518
-1.273
-2.933
0.804
-2.826
-4.405
-0.220
-4.952
0.971
-2.668
-1.667
-5.123
4.310
-3.161
-0.524
-3.950
-1.656
4.554
1.064
-1.387
0.268
-0.995
0.128
2.135
-0.445
0.878
0.918
-0.433
-1.416
-0.910
2.028
2.228
-2.381
-0.276
-1.457
2.270
-0.781
5.632
0.873
3.187
-2.085
0.378
1.829
-2.130
0.399
2.874
-0.436
-1.694
4.677
-2.462
0.724
-1.350
-1.898
2.130
-0.143
1.324
-5.062
1.557
-1.379
-4.159
4.873
1.792
0.895
3.349
0.944
-1.567
-0.070
-1.278
-0.851
-2.668
-1.978
2.497
1.147
-0.857
-2.117
-0.623
-3.691
0.654
2.619
6.031
-2.298
2.519
-1.347
-2.358
-2.359
0.688
-1.884
-1.106
-0.707
-1.426
-1.600
-5.480
0.559
0.512
-1.564
1.215
3.703
0.407
3.543
5.722
6.423
-2.502
-2.489
-0.717
0.659
4.158
1.855
-2.538
-1.118
0.249
-3.224
0.383
-2.502
-3.612
-1.923
1.336
1.320
0.582
2.730
2.475
0.841
0.509
0.661
-0.004
-4.868
3.075
1.304
-2.569
3.777
-1.066
0.091
2.807
0.878
3.555
-0.495
4.409
-1.517
3.512
-5.086
-2.290
1.065
-0.611
0.171
0.450
-2.508
-2.328
0.907
-1.249
3.568
-0.111
2.075
1.413
-1.093
-4.403
3.194
-1.999
-0.619
-0.012
0.228
2.659
0.364
0.044
2.794
1.792
-1.415
-2.403
-1.627
0.232
-2.641
0.568
0.040
-5.752
-3.025
-6.576
-0.475
2.928
-4.188
-2.823
-0.043
-2.203
-2.215
1.650
-0.838
-3.218
-4.661
5.650
3.058
-0.734
0.561
-0.822
1.575
-1.700
-0.954
1.443
3.839
2.129
3.311
-0.400
-1.145
-4.302
0.523
1.260
-0.370
-1.514
3.334
1.866
3.501
-1.939
-1.350
3.238
0.236
-1.016
-0.849
0.323
2.757
-0.035
2.247
1.472
-1.758
-1.760
-0.731
-2.858
-0.884
3.982
0.275
-1.489
4.948
-1.883
-1.959
3.301
1.937
0.038
2.347
1.071
-2.497
-5.404
-1.012
2.954
-0.678
1.454
0.793
-3.714
-0.625
1.211
-1.539
-0.520
1.290
0.524
2.863
1.271
-1.944
-0.796
0.399
3.562
-0.786
-3.808
1.407
-1.463
-2.735
0.395
2.685
-1.027
1.542
1.987
2.250
-1.407
-2.341
-2.013
2.248
1.952
-1.947
5.468
-2.233
2.749
3.997
0.613
-1.497
-1.445
-0.279
2.944
-2.530
-4.063
1.219
1.746
5.073
-2.968
0.026
3.138
0.640
-0.119
2.246
-1.089
2.393
-2.659
-3.297
-0.307
-5.802
0.553
-3.808
1.028
0.795
0.187
1.397
0.840
-0.353
4.744
1.294
2.203
2.925
1.954
5.301
0.748
0.333
-1.209
-0.265
-1.405
1.975
-1.840
0.527
1.693
0.711
-1.800
2.027
0.145
-6.545
-2.010
3.713
3.912
1.613
2.232
-1.518
-0.274
3.315
1.372
0.506
-0.098
3.169
3.043
1.909
0.509
-0.506
2.013
-2.295
-1.797
-3.133
3.315
-1.380
1.320
0.049
7.304
1.411
-4.119
3.171
-0.579
-0.132
-1.264
0.819
0.788
-1.199
-0.870
0.593
-5.273
-3.110
4.358
1.137
-0.910
-3.721
0.215
2.714
6.684
4.891
-1.779
-0.840
-3.182
-1.670
-0.161
-0.531
5.281
-2.807
0.242
-4.602
1.144
-2.870
2.996
-0.348
-3.015
-4.696
-1.999
0.925
1.362
-0.846
2.572
-2.376
-6.675
1.028
3.446
3.468
-2.770
-0.957
2.087
-1.155
0.603
-1.369
-2.265
-1.801
2.644
0.383
3.403
1.599
4.206
2.313
2.172
0.061
7.572
0.620
-4.386
0.993
-2.008
2.791
2.092
-0.110
-1.781
0.701
-1.189
2.241
1.684
7.396
-0.718
-0.378
-0.021
0.084
2.815
-0.313
5.084
1.747
-0.816
-1.429
2.848
0.418
0.372
-1.086
0.203
-1.183
3.618
2.071
-0.069
-0.105
0.571
0.337
-1.947
-4.212
-1.564
0.042
-1.421
2.316
-0.200
4.847
-0.998
0.688
-0.343
1.405
2.908
1.810
-4.524
1.550
-2.076
-0.393
2.004
-2.337
3.124
-0.498
5.560
0.515
4.443
3.224
-1.117
-2.774
0.623
-1.048
4.141
-0.242
-0.371
-3.000
1.356
-2.468
1.412
1.742
-1.449
2.646
-0.310
-3.181
4.059
-1.866
1.567
1.372
1.284
1.242
-1.978
4.409
2.645
1.490
-2.849
-1.998
1.928
-4.459
1.163
-2.845
-1.733
-3.037
0.941
3.029
1.185
1.449
0.753
1.988
1.471
-6.166
2.525
2.273
-0.520
-4.388
0.932
1.134
-0.707
0.798
2.922
6.104
0.703
1.151
-1.627
-0.853
0.023
3.177
2.315
4.980
-3.227
-2.827
2.995
3.827
0.430
-10.367
-1.434
1.155
-1.809
0.794
4.907
3.773
2.291
0.195
-0.837
2.169
0.411
0.493
-3.373
-1.365
2.154
-2.293
0.988
1.340
1.480
1.695
1.857
-1.147
-3.172
-1.746
2.102
-2.532
-2.147
-2.161
-4.080
-2.403
2.751
-1.370
-3.847
-0.878
1.575
-4.044
2.638
-3.108
-0.599
-0.630
-0.997
0.194
2.219
0.252
-1.104
1.448
0.847
-1.257
0.452
-1.456
-1.728
2.284
1.423
2.199
1.874
-1.779
2.753
-0.364
2.580
0.050
1.102
1.174
2.302
-3.573
-3.433
1.962
1.205
-1.512
1.224
-3.029
8.184
3.498
1.844
0.532
-1.135
-2.794
0.077
-1.713
-1.573
-3.050
0.949
-0.555
1.634
1.447
0.901
6.733
2.327
-2.675
1.451
0.220
-2.870
-3.062
1.438
2.024
-2.161
2.678
1.034
3.220
2.965
-0.030
4.275
-2.348
6.087
-1.759
0.235
-1.011
-0.554
7.367
-0.761
2.393
-0.215
2.598
-0.956
0.965
1.859
-1.382
6.969
1.984
-0.192
-1.323
0.570
-2.568
4.628
1.385
0.139
2.860
-1.382
-2.424
0.038
0.656
1.623
-3.193
-0.745
-7.050
-2.488
2.067
2.656
-2.391
-0.429
0.411
2.937
4.020
0.717
-0.275
-3.115
0.609
5.330
3.446
0.770
1.078
-1.302
-0.507
0.704
0.712
2.776
2.659
1.599
-2.048
-1.957
-1.781
0.915
-4.513
0.335
3.731
1.950
-0.492
-1.326
2.284
1.085
-0.241
-1.064
0.533
-0.377
2.233
3.329
-2.931
-2.592
3.585
0.748
-2.366
2.710
1.170
5.638
-0.215
3.011
-3.127
3.700
2.616
4.200
3.015
0.112
-2.461
-1.095
-3.877
-1.860
1.372
0.235
-0.187
-1.553
-3.904
0.787
1.260
-2.030
-0.930
4.051
3.133
-3.213
0.147
3.842
-0.169
-0.295
2.973
2.719
2.595
-0.279
1.941
3.937
0.230
-0.618
3.302
5.259
5.426
-0.549
-0.308
-2.120
0.633
-2.228
-0.914
2.033
1.286
-3.996
4.119
-2.259
-1.956
-2.623
-1.237
-1.802
-1.744
-5.564
0.662
0.907
5.737
1.517
-0.842
-2.532
0.119
1.427
-0.858
0.496
4.904
-0.572
-4.178
2.446
1.104
-3.752
1.376
-2.045
1.409
4.927
-0.075
2.950
-2.598
-3.297
5.192
1.089
1.878
3.115
-0.917
2.330
1.967
-2.758
3.981
3.486
-2.731
0.831
-0.205
3.754
-3.035
8.996
-0.069
2.122
3.680
-0.120
0.074
-0.857
-1.775
1.002
0.025
-0.872
-0.732
1.733
-1.564
-0.243
2.507
0.943
-2.169
0.293
1.399
2.724
-1.463
-0.990
-1.318
-1.199
1.322
1.777
2.872
0.131
-3.023
1.957
0.732
0.494
-2.730
-0.120
-2.515
1.507
-0.682
-0.897
-3.339
2.815
-0.271
0.559
-1.415
-3.611
-0.926
-0.542
1.053
-0.502
-1.374
-3.258
0.466
-1.562
3.520
0.710
1.699
-0.247
0.833
-1.788
-2.478
0.386
1.719
-4.320
-0.848
4.771
1.500
4.040
-1.172
-0.749
2.670
1.846
0.123
-2.680
3.126
6.375
-3.422
3.719
-0.774
-0.450
0.997
-2.543
0.261
-3.517
1.493
5.711
-1.185
-0.055
0.063
2.718
1.323
2.559
-0.865
1.391
-7.733
1.952
-2.573
-0.436
2.139
-3.337
2.965
0.052
3.837
-1.817
-4.001
0.281
1.759
1.960
-2.375
-3.549
-0.400
1.589
1.468
4.123
-0.546
-4.078
3.222
0.818
1.027
2.191
3.383
0.295
3.174
1.675
-1.223
-0.210
1.830
-1.351
2.478
0.730
1.266
3.807
1.206
0.521
0.152
0.027
1.100
3.622
-1.118
-1.300
3.434
-1.009
0.869
-1.070
-3.681
0.826
3.026
0.201
-3.206
0.612
-1.464
-5.937
0.156
1.592
3.176
4.566
1.912
2.591
-2.733
4.242
3.392
-0.531
1.986
1.745
3.879
-0.013
-1.441
-0.826
2.502
-4.258
-6.843
2.496
1.010
0.394
-2.783
-3.754
-1.173
1.218
-1.056
2.510
-1.940
-0.896
2.038
-0.555
-0.436
-1.194
-1.639
1.200
1.511
0.895
-1.129
-0.134
4.180
-3.061
4.876
0.589
-0.082
2.638
-4.611
3.663
4.809
2.961
-4.695
2.184
4.300
4.053
-3.029
2.789
4.659
0.421
-3.136
2.339
2.879
0.016
-2.508
2.706
-1.495
1.304
4.090
-3.631
2.529
-0.146
-0.084
1.584
-1.501
-2.470
-3.932
3.306
-0.542
1.718
-0.814
-2.438
1.916
1.137
-0.219
1.075
-1.955
2.895
3.452
2.172
-0.543
0.492
4.115
3.425
5.135
-1.523
-1.739
0.672
1.327
0.009
-0.585
3.392
0.132
-2.567
-2.289
0.943
7.556
-1.992
-0.406
6.122
-0.812
1.443
4.852
-1.934
-0.392
-0.812
-3.293
4.116
-1.055
-1.753
-0.717
2.579
0.621
-1.550
1.332
2.300
0.293
-0.213
2.788
-0.080
4.210
-1.468
-1.524
-1.819
-0.223
0.356
-2.832
0.582
1.707
-3.167
-0.901
1.712
-2.265
-0.408
2.962
4.658
1.406
-0.056
-0.853
2.536
3.070
-2.425
2.535
-1.107
-1.713
-0.019
2.730
1.093
1.028
1.196
1.472
0.076
1.867
-1.233
1.912
2.407
2.028
2.152
1.466
3.166
-5.102
2.399
5.091
-1.143
-1.411
3.437
-1.874
-1.250
0.758
-1.567
2.450
-1.548
1.216
1.033
4.343
3.147
-0.921
-2.685
2.361
-1.218
-0.456
-2.194
1.980
-1.202
0.266
0.303
0.791
1.938
-0.233
-1.429
-4.113
0.596
-0.027
-1.355
0.500
2.404
3.019
-3.334
-0.516
2.656
4.180
-1.611
3.658
-2.890
3.106
-0.326
4.101
-0.764
-0.394
0.030
-3.339
-3.880
1.574
2.722
1.808
-2.660
1.502
-2.026
1.328
3.065
1.232
3.874
-0.010
-0.170
0.512
-2.872
-0.617
-0.406
-0.332
0.994
-3.203
-2.399
3.067
-4.467
1.829
-0.547
0.734
4.089
0.035
1.851
0.491
0.087
-0.210
2.033
-1.406
-2.367
0.529
0.813
-4.028
0.325
-2.595
1.854
-3.979
4.970
-0.462
-1.726
-0.329
1.685
2.487
-0.308
-3.103
-2.560
1.037
2.720
3.032
0.753
2.672
4.940
3.207
2.563
-1.586
2.660
1.457
1.912
3.377
1.211
0.104
-2.218
-0.362
0.861
1.016
0.935
2.653
2.427
0.201
-1.683
1.270
5.741
1.121
-0.360
1.636
1.780
1.753
3.645
1.277
3.531
0.903
3.980
3.246
2.562
2.244
5.874
2.934
-1.688
0.940
-0.285
5.305
3.353
5.227
-1.474
2.994
-2.925
-3.471
-0.603
3.980
-2.032
0.310
3.203
2.381
5.669
0.358
-0.710
-2.277
-0.533
-2.299
-3.961
5.062
0.467
6.570
-1.664
-0.679
-1.511
-1.188
2.447
1.709
2.451
3.571
3.008
-2.070
-0.907
0.642
9.297
2.204
0.606
1.966
-1.097
0.980
2.641
0.280
-1.466
0.163
-0.417
-2.907
-1.022
-2.993
-2.618
-2.388
2.638
3.924
-3.337
4.142
-2.354
2.143
0.971
1.876
-2.448
-4.000
-1.577
1.374
5.047
-2.121
0.113
-1.448
0.309
-4.284
3.945
0.408
2.551
-0.207
0.808
3.059
0.666
0.752
-1.555
-0.933
-2.081
-1.421
3.353
4.691
-2.643
1.298
-0.412
3.703
0.674
0.332
-1.437
-3.326
2.176
1.197
1.256
-1.088
0.000
2.249
2.707
-2.478
-1.170
-2.986
0.833
2.472
-0.319
-1.241
-0.455
5.885
3.211
2.104
1.118
0.319
-1.826
-2.198
-1.013
-1.939
-1.109
0.105
0.289
-1.139
1.539
-0.104
0.865
-1.437
2.013
-0.934
4.211
-0.190
0.123
1.775
2.298
2.557
4.611
1.939
0.189
-0.921
0.029
3.912
-2.979
-1.616
-0.176
-1.648
-0.631
4.685
-0.365
1.338
-3.630
-2.296
2.588
4.353
0.881
-0.384
1.541
-5.884
0.900
-2.161
2.256
-4.912
-1.158
0.252
-1.478
-0.551
2.521
0.291
-1.883
2.607
0.952
1.052
-1.792
-5.764
-1.825
-2.069
-1.122
-1.670
0.620
2.464
2.933
2.359
-1.804
0.491
4.106
-3.453
3.586
-2.041
1.055
1.341
0.806
5.698
-0.372
-3.585
1.205
-0.058
1.682
2.467
0.269
1.397
0.696
4.651
-0.539
-1.299
2.464
-1.880
1.291
-0.057
0.107
6.200
3.312
2.802
1.623
-1.310
0.978
1.750
0.828
0.577
-0.604
1.006
-0.911
2.038
-4.488
3.611
-2.798
-2.211
1.331
1.646
5.338
1.061
0.253
0.809
4.167
6.169
-0.094
1.653
0.171
0.124
4.860
-1.872
-5.252
1.112
3.232
0.878
1.555
2.156
0.616
1.685
1.645
-4.351
0.623
-3.425
0.258
-0.839
2.832
0.937
1.486
-0.109
2.875
-3.484
-1.799
3.437
-0.696
-4.800
3.836
2.935
2.056
0.577
4.336
3.371
4.065
2.019
0.645
-0.608
-2.695
1.555
1.755
-0.489
1.823
-0.447
2.432
-1.767
-2.182
-0.227
2.339
-2.431
2.869
-3.592
-0.242
-3.041
-5.914
1.229
-0.077
-3.003
-0.890
1.410
-0.534
-0.127
-0.606
-1.048
-1.079
-1.149
-1.458
-2.092
-0.561
-1.186
-2.222
2.188
3.308
0.350
0.510
-1.312
2.911
4.522
-0.043
-0.901
1.170
0.659
-0.850
1.481
2.602
-1.536
6.451
-3.329
-1.694
0.912
5.742
-1.000
-2.208
1.668
-0.247
1.947
0.180
-1.707
5.987
-6.741
4.719
2.590
-1.439
4.844
-2.941
2.769
-4.648
-2.400
-2.406
-1.452
0.378
-1.632
-4.537
1.462
0.467
1.331
0.763
2.640
0.169
2.780
-1.512
-1.375
3.652
3.604
1.727
-1.784
-1.977
3.537
3.404
0.197
5.971
1.451
-2.307
-0.312
0.363
0.557
3.350
-1.945
-2.846
1.796
-0.867
6.166
2.614
-0.911
3.261
2.103
1.871
0.057
1.359
-4.697
3.511
-7.897
-0.711
-3.480
-0.852
0.172
-2.522
-6.309
0.847
5.357
-0.493
2.652
3.961
-4.210
-0.747
-2.713
-1.585
4.435
0.887
2.243
0.245
-2.555
1.977
3.356
1.112
1.524
-2.614
2.046
3.580
1.321
-3.962
4.276
-1.918
1.281
2.637
2.941
-3.970
0.631
0.472
3.804
1.451
3.825
1.646
0.172
0.815
4.007
-2.763
2.524
-1.156
-1.672
2.806
-1.769
1.255
-0.823
-5.307
1.497
0.653
-4.234
-1.327
-3.987
2.106
3.681
2.389
2.724
-0.893
1.663
0.328
0.795
2.648
3.171
-0.585
-3.028
-0.100
-0.176
1.033
2.349
-4.245
-1.260
-1.963
3.352
-0.150
-0.881
1.642
-1.073
0.314
4.704
4.637
-0.628
-0.088
-1.136
-4.272
2.837
6.161
-0.714
-1.610
-0.305
0.554
-2.375
-0.750
2.786
0.656
3.399
1.225
-2.263
-1.032
0.946
-2.344
-2.656
-2.511
1.588
-0.529
3.188
-1.801
-5.548
0.036
4.304
0.433
-2.943
-3.548
3.225
-1.588
4.050
1.920
-1.497
3.151
-1.867
-3.124
-1.730
2.195
3.081
-0.600
-4.134
-3.386
-2.212
-2.756
0.987
5.001
2.260
-2.358
-1.317
-0.848
1.284
4.121
-0.772
4.043
5.399
-0.490
-0.552
-0.515
0.500
-0.510
2.472
-3.367
-0.933
1.140
2.438
5.619
-2.744
-1.215
-5.089
-2.314
-3.895
-0.901
-0.198
1.477
-0.367
1.478
0.624
-2.130
-3.697
1.751
4.302
6.435
2.595
3.848
1.458
1.075
0.616
0.096
1.807
-0.899
-0.004
-2.477
1.490
-1.952
0.431
1.551
1.756
2.202
-0.162
1.517
-0.818
-4.380
1.623
1.066
2.782
0.289
-3.498
0.130
2.478
1.492
-0.002
-3.643
-2.112
1.495
-3.646
-0.414
0.442
3.110
1.825
2.661
1.074
-1.679
-1.123
-1.888
1.768
-1.315
-0.596
0.404
4.289
1.927
-1.505
0.714
4.313
1.826
-3.486
-1.847
-2.031
3.808
3.365
-1.150
-1.202
0.457
0.529
-1.960
-0.248
-3.139
3.404
-3.875
-3.901
1.394
-2.619
-0.852
0.502
1.971
-0.181
4.620
0.349
3.208
1.019
5.465
2.890
0.454
1.859
-0.276
-0.300
-2.778
-1.590
5.296
-2.540
-1.223
0.125
0.205
1.271
-0.776
1.419
3.092
3.390
-0.292
1.817
-2.401
-1.382
-2.467
0.240
-1.712
-3.300
-0.576
-3.799
3.535
-0.988
2.715
-0.831
-2.518
3.171
0.563
4.879
-0.770
-0.718
2.761
2.778
0.718
8.355
-0.323
-2.697
-2.056
-0.309
3.995
-0.097
4.109
1.393
2.950
1.279
1.260
2.157
-1.010
-0.984
1.189
5.009
-3.348
-4.520
-0.283
2.824
0.473
-2.456
0.540
-3.809
1.859
-0.392
0.153
1.375
0.844
-0.949
2.831
2.263
-3.908
-0.203
-2.243
-2.693
1.634
-0.656
0.007
-1.257
1.238
1.978
5.559
-0.084
-3.126
-0.859
2.383
-1.504
-3.207
-1.454
-0.930
-2.248
0.872
0.160
2.245
-0.720
1.689
-0.831
-2.361
-0.953
-3.534
4.642
0.692
-1.559
-0.556
-5.531
3.792
3.558
0.608
1.117
-2.692
-2.518
-3.724
-0.037
2.896
-0.570
1.184
2.699
-3.548
4.779
3.128
1.583
2.568
2.681
1.052
3.778
-0.736
1.458
3.522
-6.109
1.401
2.089
-3.750
1.026
-1.555
1.302
0.122
-1.921
3.013
-0.654
0.998
3.504
-1.850
0.369
-0.839
-0.303
5.525
1.446
1.103
1.608
1.383
-4.032
5.862
-3.164
4.508
1.833
0.784
-0.383
6.602
1.801
0.392
-0.935
-1.222
0.471
-1.883
1.981
-1.200
2.762
2.708
0.217
1.743
1.863
-3.160
4.506
-0.264
2.019
2.087
-5.625
-1.227
2.367
0.499
2.004
0.572
3.301
0.624
3.768
-2.002
0.044
-1.074
1.283
-0.319
-0.201
-1.341
-0.756
0.325
-4.501
-5.174
0.492
-6.296
-0.114
-0.555
1.651
-1.263
4.117
2.386
-3.280
-0.332
4.015
-1.324
0.223
3.720
-0.947
3.045
-1.834
-6.580
3.298
1.403
1.561
-2.273
-2.082
3.111
0.934
0.068
0.880
3.970
2.087
-0.789
-3.018
1.761
-1.868
-2.488
3.508
2.444
1.276
-2.622
4.644
2.819
-0.379
-0.887
0.538
-0.798
5.658
-0.575
-2.213
4.162
-1.016
2.237
1.971
0.209
-1.985
0.234
-2.458
0.293
2.205
4.473
-2.261
-0.251
-0.910
1.007
-3.302
-1.879
-3.711
-3.102
-1.235
4.360
1.184
0.506
3.583
1.271
1.496
-0.785
-1.180
-2.797
-1.093
-0.323
1.177
0.262
-0.526
-1.838
1.308
-0.845
1.199
-4.242
1.157
2.143
1.837
-0.122
2.547
-2.705
0.136
-0.114
2.837
-4.499
-2.190
4.543
-5.483
2.305
-1.331
0.961
3.743
1.054
3.793
-0.832
-0.514
2.238
-0.705
1.784
3.191
2.434
-3.439
-0.469
1.026
-0.235
0.540
1.058
-0.914
-0.114
-2.484
-0.797
-3.314
0.630
-0.114
-1.848
4.635
-0.239
1.038
-1.183
-0.644
1.129
-0.447
0.358
2.286
-0.893
-2.847
-3.313
3.802
2.585
1.924
-0.697
-2.849
-0.328
0.126
-2.366
-3.177
-3.803
1.928
-2.543
1.093
-0.605
1.765
1.156
-0.207
0.663
0.085
-1.127
2.702
-0.665
0.142
-3.046
1.008
-1.115
-0.794
-1.665
0.052
-4.466
1.988
0.257
-0.771
-3.366
1.389
-1.172
3.485
1.517
4.033
0.679
2.937
1.461
-0.732
0.799
-1.652
5.315
0.108
0.413
1.286
-2.259
3.521
-2.111
-2.654
-0.050
-2.720
4.099
-0.204
-7.381
0.830
1.678
-0.661
-2.904
0.102
-0.806
-1.991
-2.203
0.725
2.517
1.458
-3.797
1.827
2.204
3.695
-1.930
0.214
1.712
-0.916
1.675
0.292
-1.681
-1.477
3.348
-2.041
-2.453
1.177
0.277
-2.798
-0.897
-1.610
-1.190
6.410
-0.376
-1.765
5.202
2.482
2.090
-1.649
3.210
2.309
0.703
-3.769
0.302
4.502
0.879
-0.554
-0.198
-0.032
-1.569
0.251
3.813
3.541
-1.460
3.412
2.177
1.870
1.387
-1.883
-0.623
2.349
-2.546
-2.148
1.085
-1.545
2.327
-1.460
0.937
1.137
-0.807
-0.225
-1.282
0.305
-1.958
-0.186
2.146
-2.378
-0.819
1.594
-4.636
4.803
2.859
-3.342
-4.700
0.421
-2.339
2.658
1.296
0.646
-1.019
4.190
2.158
1.798
3.230
-2.095
3.433
-0.285
1.153
-0.026
-4.157
2.648
-4.029
-1.970
-0.737
-4.339
-2.291
0.938
-0.482
-0.284
-1.846
0.461
-0.431
-3.588
-0.132
-2.631
2.504
-0.590
6.402
2.671
0.037
1.741
-4.666
2.660
-1.619
0.565
-1.396
-1.141
-0.085
0.534
0.285
0.345
-3.552
5.947
0.907
1.400
-0.466
-1.748
0.712
1.044
3.474
5.336
3.895
-3.890
-0.755
1.156
-0.611
0.245
-4.798
2.544
-4.151
-3.424
-2.085
0.116
-3.545
-2.195
3.107
0.080
1.391
-2.617
0.221
0.024
-1.559
0.227
-4.191
1.403
-0.609
-0.267
2.394
1.387
-0.414
-2.330
3.539
-2.866
1.860
-3.484
2.553
2.775
-4.240
1.428
1.230
2.037
1.227
-1.960
-0.171
4.345
-2.309
1.125
3.113
-2.028
-3.050
-2.689
1.298
-2.709
0.025
3.641
0.227
-1.517
0.651
0.185
1.436
4.236
1.302
5.231
1.443
-1.492
5.842
0.050
-2.182
5.927
-1.409
-1.504
-0.974
0.745
2.584
-6.007
2.574
-0.981
-0.641
4.466
0.862
1.424
0.233
2.183
4.233
-5.590
2.953
4.063
1.553
-1.276
-2.415
6.018
-1.822
3.992
1.287
5.260
-0.414
-3.508
0.355
-3.217
6.775
1.861
2.218
2.219
-1.315
0.033
0.615
5.015
-2.427
-1.399
-0.521
-1.267
-3.151
-6.141
-4.034
2.988
0.330
2.355
-1.048
0.114
4.222
4.077
2.611
0.836
1.593
1.240
-0.051
-0.620
3.044
-2.760
3.920
-0.311
-2.804
-0.959
-1.749
-1.032
-1.075
-1.171
-0.389
0.195
2.183
-0.238
1.132
0.368
1.647
0.462
-1.202
-1.854
0.855
3.406
-0.200
-1.332
-0.265
-0.997
-1.251
-3.115
-0.237
0.916
-2.247
-1.758
-1.925
-2.978
-1.943
-0.125
-2.871
0.020
-1.338
-1.880
1.255
-1.186
-0.778
3.465
-1.858
4.108
-0.485
-2.377
-0.979
0.515
3.361
2.267
0.503
3.374
-4.164
0.949
1.094
1.123
-3.514
-2.091
-0.050
3.025
4.947
-1.245
-2.794
2.308
6.624
3.007
-1.447
7.217
1.998
-1.548
4.992
-1.738
-1.141
2.094
0.290
0.439
0.443
3.025
-5.229
1.033
-0.346
-1.456
-1.462
-5.979
-1.566
3.447
2.347
-0.109
-3.037
2.322
3.494
2.832
-1.975
-1.726
4.324
-2.552
1.498
-3.917
-0.371
1.754
0.278
1.607
-2.593
-1.618
1.506
2.023
0.878
2.623
-3.627
-0.769
4.724
3.430
1.871
-0.023
2.834
1.380
-3.292
2.740
-1.729
2.173
-3.528
4.188
-0.310
-2.312
-1.302
-0.458
0.336
3.514
0.518
-4.860
-2.601
6.968
0.675
2.632
-0.390
-2.061
-0.805
0.658
-0.755
4.954
-1.129
-2.182
2.291
2.587
0.422
-1.095
-4.212
3.280
2.435
-0.706
0.493
-0.194
4.259
-2.141
-1.138
-1.370
1.094
0.485
0.830
-1.763
3.914
-0.740
3.200
7.884
-1.746
1.172
0.034
5.224
-0.324
0.947
0.894
0.109
2.163
0.574
1.506
0.863
-1.101
-0.296
1.683
1.673
3.338
4.812
-0.901
0.674
-0.114
-2.308
1.705
2.217
-2.235
-0.549
-0.783
-3.270
0.263
-2.399
0.732
0.996
1.293
1.409
4.024
-1.591
-1.470
1.922
0.033
3.051
1.698
4.953
0.131
-3.207
1.168
0.178
1.633
1.940
-0.933
-2.072
-0.000
-5.365
0.544
-0.628
2.418
-4.416
0.365
4.133
1.971
2.704
1.165
-3.638
0.750
1.330
-2.238
0.046
-6.613
-0.452
-0.697
3.715
-1.098
-0.289
0.160
-1.067
2.077
-4.432
3.078
0.321
3.474
-6.243
-5.497
-0.351
1.564
-0.982
1.751
2.705
1.948
0.598
0.579
-1.126
0.217
-2.108
-1.533
1.584
-0.761
-1.420
1.428
1.262
-0.167
-0.007
1.348
2.675
0.833
-2.511
-0.181
-0.627
-2.177
1.545
1.730
2.093
-2.028
0.728
0.335
1.088
0.661
0.320
0.031
3.006
-1.718
-0.066
2.945
-1.597
-1.474
2.111
-3.067
1.936
-0.825
1.334
-2.580
3.194
-2.571
2.090
-2.471
4.690
0.179
5.032
-1.615
-0.712
3.256
-3.073
-1.328
1.538
-2.095
1.602
0.759
-3.283
2.673
-2.680
2.201
0.658
-0.742
-2.303
1.140
-1.744
3.249
3.337
4.291
1.024
-0.620
-0.363
-0.538
0.945
1.398
3.306
0.398
-3.018
-0.628
4.084
-3.386
2.124
-0.587
-1.770
1.299
4.096
1.167
-0.280
-2.761
0.113
-2.847
-0.394
0.199
-5.315
3.682
-2.622
-0.096
1.631
3.491
-1.551
-5.672
2.939
-2.649
1.213
1.362
-7.455
-3.526
-0.756
-5.852
-2.861
0.645
0.138
1.076
1.428
-3.686
-2.734
2.177
4.008
-1.972
0.971
2.287
0.920
-0.247
-1.188
5.115
0.581
1.283
1.128
-1.600
0.472
-0.423
-0.466
1.111
-1.848
-2.541
1.557
-0.926
-0.478
-4.279
2.661
1.608
2.049
1.280
-3.288
0.900
-1.112
-1.961
1.550
4.330
3.934
1.843
0.277
-0.167
-1.821
-0.297
2.530
4.726
-1.610
-4.438
-0.924
2.519
5.323
3.494
3.435
-1.689
-1.621
-2.827
-1.247
2.544
4.249
1.179
-0.262
-2.210
0.080
0.838
-3.161
2.562
-0.667
2.417
0.324
1.063
-1.335
-0.477
1.891
0.034
-2.302
0.618
1.276
3.645
3.116
0.195
-0.964
-0.198
-0.907
1.565
2.850
3.326
-0.639
-0.879
-0.659
-4.287
-2.537
0.267
1.260
1.529
-1.523
-0.829
-0.297
-0.565
2.001
-2.790
-2.408
-0.366
-2.927
-4.211
-3.234
-0.233
1.863
1.913
4.161
0.594
0.917
-0.251
-0.134
5.343
0.977
1.186
-2.398
1.335
1.930
3.015
1.862
0.046
-0.057
0.177
0.607
3.392
2.924
2.157
5.220
-6.025
-0.754
0.323
-1.263
-1.881
-3.771
-0.397
2.496
2.207
-1.455
0.879
3.608
-3.298
-0.031
1.038
0.374
2.392
-3.245
-2.064
1.987
-3.735
2.298
1.430
2.131
-0.776
1.574
-2.463
-0.645
0.437
-1.807
0.873
-2.396
0.995
4.530
-2.666
0.296
-3.533
-1.649
2.035
-0.684
2.132
1.204
0.195
-2.121
1.995
1.080
-3.317
-1.965
-6.296
-2.928
-0.402
-2.184
-1.646
3.687
2.819
-1.317
2.254
3.266
1.835
1.067
2.986
2.197
-2.561
-0.103
-0.975
3.116
-1.043
-1.455
2.814
0.973
5.418
-1.719
-0.895
3.043
-2.720
3.517
-2.548
1.815
-4.073
0.458
-2.937
4.973
-2.222
-1.639
1.635
-1.092
2.030
-1.356
-1.541
0.284
-2.571
1.301
2.456
1.677
1.894
-4.270
-0.758
-0.195
3.841
-1.045
-5.174
-2.060
-1.237
-4.826
2.675
-3.417
1.420
-2.272
3.967
-0.313
-0.800
1.618
-2.068
1.731
-0.806
-1.077
0.140
-2.265
-0.108
1.165
-5.191
2.969
2.308
-4.101
-4.475
2.371
2.185
1.845
-3.075
4.739
-1.462
0.925
0.954
4.173
0.650
1.348
0.165
-2.522
-5.215
0.428
-3.040
1.190
0.707
0.649
-2.177
2.838
1.489
-2.486
5.315
-0.156
-2.852
-1.470
-3.271
3.613
2.943
2.125
1.673
3.346
-0.231
1.364
-1.599
-0.018
1.430
-7.045
-1.137
0.746
0.164
-0.736
1.764
-1.349
-2.583
3.191
2.852
-1.088
0.185
2.380
0.456
1.622
1.491
-0.416
1.588
-1.966
1.296
0.172
-0.516
-2.642
0.666
0.442
-1.665
-3.482
-3.597
-0.260
1.086
4.790
0.242
-3.551
-0.147
3.353
-1.289
3.035
0.772
1.903
4.811
-4.059
2.502
0.123
-1.928
0.108
4.408
3.554
-4.452
-1.498
2.613
0.298
0.307
-3.414
-1.439
-2.910
-3.618
-2.669
-1.877
-1.477
-1.671
2.799
-1.827
3.773
-0.812
1.404
1.481
-1.805
-0.437
-0.857
1.244
0.041
-1.446
0.636
1.165
4.790
0.514
0.374
1.378
-1.929
-3.791
-0.399
2.923
3.311
-4.161
1.949
-4.894
1.452
1.308
-3.788
2.750
4.535
0.200
0.688
3.900
-2.353
-2.293
-1.665
0.439
0.433
-0.978
-0.371
-0.945
-0.830
-1.494
-1.475
-4.452
-0.187
-4.343
2.151
-0.994
0.063
-0.546
-0.236
3.382
-2.894
-3.546
0.636
-0.840
1.213
2.070
-2.305
1.798
-2.103
0.529
-2.619
0.667
0.300
-2.297
-2.910
2.152
-0.737
2.779
-0.954
3.475
-1.926
3.885
0.768
1.310
-2.060
2.100
2.183
-0.429
-4.772
-2.322
-2.322
1.428
-0.766
-0.719
-1.009
3.876
0.459
0.825
-1.137
0.279
-1.992
1.175
-2.402
2.136
-1.414
2.626
4.928
0.353
3.498
2.153
-3.089
0.616
1.553
1.785
0.778
0.747
0.362
0.670
-2.587
-0.217
-3.137
-0.844
-1.068
-1.221
-2.175
0.996
-0.413
-0.659
-3.028
-0.365
3.099
3.136
1.246
-0.358
1.692
-1.252
-0.368
-1.432
2.530
2.222
0.267
4.505
1.340
1.205
0.948
-2.679
-1.796
0.219
0.239
1.765
-1.253
0.520
0.563
0.658
0.389
-3.019
-5.077
-1.910
-0.925
-2.478
0.216
2.966
2.092
1.469
2.715
-1.869
-0.746
1.826
-0.789
-0.658
4.820
0.579
4.583
-4.026
-1.164
1.331
0.575
-4.583
-0.201
6.285
0.943
1.801
-1.195
0.934
0.320
3.035
2.959
1.328
0.520
-3.680
-3.763
0.547
2.449
3.546
-1.785
-3.272
2.589
-1.605
-3.435
-0.835
-0.877
3.518
2.428
-1.420
3.705
0.650
2.896
3.535
-0.280
1.721
-0.626
2.582
0.567
2.655
4.009
1.663
0.126
0.166
-6.747
-1.361
2.588
2.678
-1.413
0.745
-0.104
2.005
5.651
2.050
-1.258
0.162
3.715
-3.031
-1.126
2.054
3.456
1.812
-1.106
1.638
1.344
1.192
0.117
0.477
-1.828
6.302
0.727
1.666
-0.173
2.379
-2.766
-3.839
0.277
5.280
3.250
-1.590
1.589
-1.176
1.373
1.561
2.574
-3.408
-2.687
0.169
-2.128
-2.313
1.002
-1.848
5.768
-0.930
-0.299
1.064
-3.269
1.570
1.170
-0.488
1.007
1.378
3.794
6.351
-2.198
-2.764
0.597
-4.639
1.909
0.621
1.231
-0.379
0.962
1.483
0.830
-2.878
0.763
4.800
0.928
0.679
4.094
-1.439
2.485
-0.922
2.958
2.265
-0.639
-0.288
2.697
-4.103
-0.711
1.839
-0.389
0.674
-4.549
-1.701
1.981
-1.452
-2.776
2.898
1.588
-2.262
0.682
-2.184
-0.016
0.772
-1.590
2.132
2.504
0.983
1.344
-3.137
3.619
0.131
-1.895
0.700
2.139
1.580
-2.253
2.168
0.204
1.553
-1.574
2.860
0.789
3.203
-3.334
-3.013
-0.226
3.872
5.061
-1.782
0.477
0.722
2.074
2.474
-2.325
0.505
-4.470
2.296
-0.463
-2.543
1.148
-0.538
3.378
-1.792
5.685
2.401
3.440
-2.119
4.642
-2.560
-0.154
3.481
1.566
-2.624
3.075
1.166
-0.649
-3.351
1.393
-0.042
0.725
-3.454
-0.655
1.503
4.854
-0.143
3.814
2.240
0.911
-2.080
-1.979
1.832
-0.914
-1.127
-0.083
-0.043
2.512
-0.863
2.273
1.405
-3.668
1.057
-6.053
-1.799
1.461
0.324
-3.893
-2.336
-5.911
-2.872
1.740
-0.988
0.758
0.383
0.428
2.806
-0.137
2.536
-5.596
3.017
-2.746
-2.225
-1.341
2.951
-1.784
-1.224
-1.958
0.963
2.135
4.440
6.110
1.910
1.228
-2.572
4.932
0.867
-0.344
1.280
-1.177
-5.260
1.722
3.572
1.687
0.333
0.382
0.763
0.690
0.204
0.411
4.082
1.483
0.602
1.932
1.932
2.620
-1.467
-0.803
-1.603
2.190
2.073
-2.706
1.288
3.643
-0.215
1.104
2.103
-2.819
0.715
3.403
-1.074
2.348
0.415
-1.269
0.118
-0.913
-1.782
-0.260
0.514
-0.049
-0.287
0.892
1.625
-2.396
-0.256
-4.386
-0.039
0.711
1.717
0.720
1.666
0.507
-1.271
-2.328
-0.281
-1.489
0.063
-0.831
1.356
0.467
1.424
1.412
-0.081
0.066
1.554
6.220
-2.024
0.450
-2.520
0.300
-1.268
0.062
0.723
-0.825
-3.931
3.771
2.364
0.037
-1.797
0.554
1.216
2.198
2.419
2.872
-3.828
-0.381
2.733
-1.867
3.276
4.695
3.209
1.938
-0.724
1.026
-2.881
-1.525
-1.356
0.499
-0.591
0.978
2.457
-1.353
0.707
-0.648
0.806
1.997
2.561
1.959
1.344
-3.059
-2.245
-1.628
1.211
-2.748
1.160
0.985
-4.296
-2.260
2.855
2.024
-1.691
-2.134
-5.531
3.881
0.449
4.871
-0.110
1.028
2.489
4.283
1.552
0.356
0.417
-2.160
-0.567
0.473
3.667
-0.682
2.900
0.154
3.335
1.974
1.812
2.699
2.350
2.903
5.466
4.231
1.469
-0.710
1.229
-4.273
2.340
-2.194
3.044
5.103
-3.132
0.229
-2.205
-3.798
0.095
1.874
2.161
0.719
-3.644
0.646
-3.232
-3.075
-2.042
2.870
1.659
1.124
-1.720
-0.581
-2.938
3.624
5.623
1.686
2.106
-0.032
-3.537
-1.676
-0.767
-0.575
-1.127
0.465
-1.690
5.553
-2.927
2.480
-0.278
1.461
1.569
0.727
-2.370
-0.447
0.756
0.605
-2.106
3.449
-5.635
-0.250
-1.861
0.787
2.790
-3.027
5.999
0.834
1.266
-3.105
0.238
2.682
0.854
0.686
0.226
-2.957
-2.971
3.156
2.467
2.823
-1.625
-0.028
3.306
-2.599
3.062
-1.058
-1.703
0.273
-2.331
-4.203
0.532
1.632
3.267
1.807
5.067
3.617
2.121
1.475
3.302
-4.961
-0.802
-4.110
1.941
-1.433
7.597
-0.893
0.605
-0.615
-0.823
-2.642
-2.722
-4.881
1.659
-0.669
4.991
-2.636
3.893
4.123
3.415
0.914
-0.462
3.413
-1.550
1.000
0.245
-1.789
1.017
2.130
-1.884
1.454
-5.000
-2.168
-0.748
1.208
2.436
0.549
1.710
-0.035
1.321
1.195
-0.872
-0.503
1.790
4.699
3.246
-2.360
-2.351
-0.936
0.587
0.466
3.327
3.458
0.364
-0.196
1.590
2.902
1.676
-0.686
-1.119
-2.315
0.814
1.845
2.114
3.114
3.903
-2.950
1.321
1.404
0.173
-1.638
3.817
-1.063
-4.912
0.398
-0.221
4.808
1.525
-0.383
-0.122
-0.150
5.671
1.971
-3.027
-0.237
0.293
-2.308
-3.929
1.779
-1.581
3.347
0.370
-0.788
-5.450
3.284
1.054
-0.726
-1.787
4.188
-2.204
-0.535
1.717
3.832
-0.169
-1.414
0.094
2.521
3.061
-2.950
0.626
-3.092
2.472
1.364
-1.861
4.032
1.154
0.890
-0.080
0.331
-0.566
-1.429
3.300
-0.833
-0.913
0.040
3.769
3.065
-0.598
3.294
0.609
-1.674
-0.793
3.646
5.349
1.118
-1.010
0.050
-1.480
-1.130
-1.366
0.160
0.640
-0.006
-0.181
2.175
-0.200
-0.046
-0.074
4.054
-0.829
1.781
-1.446
1.190
1.661
2.952
-0.572
-2.324
-1.532
2.665
5.346
2.353
-2.679
2.272
-1.915
-0.488
0.799
1.203
0.507
-1.093
2.894
-0.916
3.361
-2.913
0.867
-2.593
-1.652
-0.881
3.999
3.489
2.448
0.430
0.801
3.390
2.033
0.393
3.918
2.305
0.932
-0.752
-0.968
-0.457
1.447
2.356
-3.116
-4.322
-1.934
-0.628
3.220
-0.323
0.961
1.353
-2.107
3.854
-1.246
4.093
0.047
-0.460
-2.316
0.823
5.761
1.343
0.999
-1.250
1.771
0.728
0.199
1.538
-4.008
0.109
-2.523
0.419
-1.388
-1.224
-2.850
3.028
-1.277
-1.148
4.023
1.713
-4.533
3.675
4.305
4.081
1.954
-2.294
0.232
-3.126
-1.728
-2.316
-1.155
0.743
-0.718
-0.821
-0.348
3.949
5.543
-0.732
1.157
-1.669
2.192
-0.793
-1.357
5.154
-2.905
-5.537
2.114
-0.532
-1.200
6.906
2.103
0.210
-1.349
1.420
-3.809
-0.889
0.261
0.862
0.008
-1.314
2.560
-3.614
-0.317
-0.893
2.778
-0.751
1.400
1.149
-4.054
0.192
-3.833
1.193
-1.403
3.198
-0.084
-1.498
3.230
-1.743
2.497
1.472
-0.527
-2.856
3.330
1.551
-1.503
0.937
2.765
0.619
0.922
2.827
4.039
0.063
-2.860
-2.776
-1.308
-1.894
-3.688
4.785
1.617
-0.907
0.272
-3.937
3.128
-4.329
1.574
-4.062
-0.644
3.332
-3.571
-0.007
1.857
1.464
0.518
1.540
-1.116
4.989
-3.515
3.139
0.805
1.831
2.257
1.684
-1.596
-0.337
-3.134
-0.366
1.124
1.807
1.289
-3.862
-0.999
-1.239
-2.794
-1.656
0.353
3.743
-1.937
-2.359
-1.089
1.160
3.287
0.142
-3.120
-2.609
0.802
2.739
4.708
-2.488
0.685
-2.122
-1.807
-2.010
-0.452
-1.767
6.299
-0.753
2.721
-1.233
5.710
1.164
2.359
-1.069
2.693
1.154
-0.560
-2.242
-0.220
-0.426
2.436
-0.207
-4.262
1.901
3.454
-3.649
4.681
3.702
-1.164
-2.331
2.877
-2.937
-1.254
-2.806
0.364
3.866
1.250
2.793
-0.494
0.584
-2.593
0.117
-1.440
-0.035
-0.200
-0.405
5.408
4.592
3.749
4.658
3.756
0.296
0.050
0.915
-0.156
-2.146
1.062
-3.409
0.680
-2.037
0.156
0.809
-0.497
-3.587
-2.501
1.450
-0.988
1.696
0.373
-0.125
1.184
-1.270
1.311
-0.657
6.437
-2.371
-0.507
-0.411
-2.894
2.092
-0.679
-5.361
2.018
-1.177
0.098
1.974
-0.525
-0.545
6.265
-4.819
-2.736
-2.271
4.644
-1.197
0.927
-0.788
1.798
0.319
0.957
3.439
1.407
-1.414
1.099
6.155
1.706
0.715
-2.939
2.089
2.443
1.101
0.624
7.148
2.403
3.326
0.511
0.034
1.867
0.032
0.229
1.462
-0.881
0.879
0.542
2.671
-1.117
-4.450
-0.396
1.303
2.664
-1.313
1.651
3.074
2.153
-1.548
-1.290
1.394
4.251
0.384
-0.047
-2.937
-0.524
-1.367
0.415
-3.281
-0.439
-2.071
2.607
-1.712
-1.024
1.027
-0.739
6.013
2.583
0.391
1.233
-5.303
3.306
1.579
0.174
1.708
2.001
-0.649
1.262
2.867
1.442
-0.256
1.062
3.667
2.232
-2.441
1.758
1.440
3.144
0.429
-0.536
-2.934
-1.317
3.249
0.825
0.111
3.459
2.965
-1.416
3.232
-3.631
1.453
1.169
3.109
1.264
-0.237
-0.047
6.814
0.548
1.783
-4.501
-1.636
1.595
-3.525
1.669
-1.390
-2.131
-1.399
4.016
1.150
-1.835
2.211
2.341
-0.565
2.652
2.766
2.393
-1.267
-2.480
-3.713
-1.223
-0.533
-0.337
0.237
4.509
-0.465
0.233
-4.012
5.697
-2.808
-1.346
2.020
0.941
4.294
2.078
0.155
2.856
3.137
-1.234
2.661
-0.183
0.102
0.693
-0.564
-0.693
2.713
-3.319
-2.198
1.969
0.175
2.730
1.209
-2.851
0.501
1.633
0.912
-0.774
-0.307
-0.994
-2.830
-3.161
1.286
-1.742
1.731
-1.078
-2.802
-0.629
5.376
0.121
1.900
0.755
-3.022
3.828
-0.245
-2.795
-0.879
-0.145
2.149
-1.284
6.639
-1.899
1.819
-4.388
0.053
1.231
-2.337
3.948
1.393
-0.412
1.367
-1.074
3.353
2.787
1.246
1.818
-3.195
3.871
0.112
2.810
2.150
2.773
-2.165
-1.859
5.746
-3.296
-2.284
0.454
0.458
-0.946
1.829
2.515
0.306
-0.294
0.297
-0.844
-3.726
1.072
2.188
-0.019
-5.086
-1.022
2.524
-3.102
2.020
-0.719
0.305
-1.296
-2.375
3.792
2.308
1.897
2.531
1.557
2.616
-1.243
3.656
3.442
1.263
-0.341
-2.586
0.899
4.394
-2.436
2.793
-0.781
-0.577
-2.471
-1.456
1.902
2.201
0.916
-0.852
-2.299
0.498
-0.526
0.857
-0.421
-0.360
0.732
1.195
3.287
-0.459
1.659
4.679
1.723
3.144
-1.140
-1.379
-0.032
0.223
2.920
-1.401
0.137
2.930
0.867
0.324
0.922
-2.356
-2.395
-3.462
0.846
2.555
2.187
3.095
3.840
0.697
0.195
3.892
-1.332
-2.478
-0.463
-0.744
0.466
-1.690
1.237
-1.016
3.298
-2.517
0.015
-0.454
0.904
2.574
0.989
0.041
2.009
2.373
0.996
1.280
1.902
-3.595
-0.492
1.253
-0.350
-0.342
1.250
1.304
1.471
-1.551
-3.053
2.281
-1.432
-1.598
-1.814
3.112
0.859
1.172
2.005
0.248
2.780
-2.522
-2.255
-2.388
1.362
1.565
-0.784
-0.208
3.393
-1.317
1.059
-1.296
2.980
1.858
-3.007
-0.276
-4.640
2.511
5.264
-4.883
-3.075
0.752
0.306
-0.636
-3.820
1.126
2.480
7.183
3.487
-2.767
0.321
1.771
-1.302
2.222
2.038
3.320
2.275
1.034
-1.181
-2.753
0.876
-0.619
-0.387
3.042
3.635
-2.615
-0.155
-0.690
1.106
-5.089
-3.156
0.068
2.237
0.531
1.962
0.824
3.413
3.916
-1.475
2.471
1.569
6.361
-1.565
0.070
-2.127
-1.985
1.275
0.843
1.649
1.597
-0.216
-0.232
-1.980
-1.333
0.214
0.823
2.056
1.811
4.087
-1.984
-0.208
-1.775
3.415
-0.856
3.122
3.837
1.342
1.053
0.443
-0.411
-0.700
-0.004
4.729
-2.150
0.841
2.057
-0.333
1.349
-3.261
3.530
3.065
0.114
-1.762
2.253
-2.405
-2.061
0.221
3.993
1.887
-1.203
-3.687
0.450
0.953
0.175
4.685
0.033
-5.127
-0.627
1.441
1.279
-0.074
-0.471
-4.449
0.556
-0.463
0.948
1.529
3.329
-1.943
-2.756
-1.028
-1.415
-1.631
3.818
0.706
5.084
0.343
-2.463
-1.590
2.809
-2.371
1.689
-0.506
-1.882
3.678
-1.063
-1.636
0.161
-0.870
5.666
2.895
-1.068
-0.791
-4.497
0.680
-1.443
0.561
-4.369
0.286
4.427
0.480
-1.509
0.301
0.196
5.610
-0.449
-2.538
0.401
0.819
1.700
2.164
5.043
-1.080
-1.298
-4.100
1.938
-1.780
2.490
-0.830
4.492
-3.090
2.805
2.519
1.614
-2.331
1.625
0.654
-4.043
4.090
-0.479
3.905
0.188
2.708
-1.713
0.865
0.695
-0.427
-1.736
-7.010
-1.680
2.031
-2.999
-2.502
-3.094
0.851
-1.794
3.279
2.113
0.830
1.079
-1.481
-1.480
2.056
2.542
2.035
-0.779
-0.589
-1.886
2.194
-4.357
-4.940
-4.462
-4.792
3.607
2.238
-2.527
0.096
3.868
1.550
5.425
0.076
-1.222
-2.245
0.407
2.597
0.588
-0.510
3.366
1.619
0.078
-1.490
-0.261
1.485
-1.523
-2.611
-0.802
0.232
3.622
-2.434
0.894
-0.316
-0.197
4.044
0.545
-1.843
2.483
2.307
-2.053
-2.513
1.335
0.271
-0.779
2.885
-1.071
1.362
3.169
-0.464
-4.040
-0.617
0.804
2.757
-0.901
4.485
-2.767
0.744
-0.224
3.583
-3.187
1.372
-0.236
4.020
-1.639
1.347
-1.662
0.801
-0.536
-0.575
-4.420
1.345
-2.247
-2.330
-3.383
-2.185
1.551
1.433
1.943
-2.115
0.865
-1.127
2.641
1.372
-1.226
2.847
1.568
-2.979
-3.662
-2.884
4.308
-2.087
4.853
-2.212
-2.467
2.462
2.571
1.684
1.973
-1.574
2.349
0.926
-0.527
0.577
2.896
1.290
-4.829
2.489
2.305
-0.560
0.630
0.621
-4.401
-0.614
-0.521
-0.031
-0.912
1.941
-1.592
2.534
1.828
3.615
4.511
4.527
-2.495
1.176
-1.373
8.223
1.824
3.749
1.395
-5.975
-1.531
-1.295
-0.586
1.213
1.553
-5.956
-0.219
-0.816
3.664
1.771
-0.089
0.887
-3.699
1.937
-0.599
-1.588
3.504
1.007
-1.247
-1.101
1.228
1.042
0.421
-2.538
-2.183
-1.446
-0.121
0.251
-0.034
0.076
4.865
2.388
3.202
1.464
0.524
1.334
0.892
2.289
-1.990
2.089
0.751
-3.987
0.556
-2.785
-0.934
-0.032
-3.267
0.221
0.514
2.162
-0.739
1.009
0.121
-0.654
-3.659
0.082
2.137
-1.891
-0.173
0.181
2.996
0.422
1.041
0.329
-0.832
-2.373
-0.334
1.294
0.645
3.901
2.620
3.327
-4.527
4.140
0.990
1.331
2.500
0.401
-2.219
3.824
-1.494
-2.016
-0.212
-0.576
0.359
0.114
3.583
1.452
-1.709
-1.379
-0.582
-0.572
-0.885
-2.294
1.047
-0.743
-1.934
1.515
2.385
-0.240
4.626
5.667
1.543
-0.775
0.995
-2.589
-1.742
-3.688
-1.158
-2.608
1.848
-1.448
1.014
2.145
3.161
-0.498
1.096
1.172
3.403
2.231
3.478
-3.645
-1.244
2.826
1.744
0.050
-0.788
2.243
-4.401
2.251
0.568
-0.823
1.556
-0.577
0.420
0.239
2.137
0.732
-4.232
-2.991
-2.252
1.446
1.686
4.359
-2.085
3.492
-4.301
0.393
0.938
0.930
-0.393
0.633
-2.615
2.426
0.949
1.219
-0.320
-0.437
1.609
4.166
-2.995
-3.116
0.989
-0.447
0.648
0.293
1.843
-0.337
-2.550
-1.546
-0.035
-2.662
0.262
0.496
-0.509
0.852
-3.524
-1.938
-2.392
2.462
5.885
-1.764
-0.215
-1.314
0.881
-1.110
1.029
1.946
-2.587
1.002
-3.956
-0.266
-0.427
-0.200
-0.399
-0.838
-0.288
0.922
0.989
0.626
-1.027
2.943
4.011
-2.742
0.744
-0.774
2.571
0.320
0.478
1.538
-0.364
4.376
1.573
2.586
-0.179
0.055
2.298
2.057
-2.647
0.656
1.487
0.037
1.259
0.139
-5.042
-2.796
2.690
-0.237
0.805
0.341
-1.631
-0.771
1.139
1.384
5.602
-0.797
4.360
-1.715
1.523
0.777
0.048
0.336
-1.144
2.519
-1.672
1.112
2.164
3.672
2.682
1.724
-1.181
-1.536
-2.383
-2.612
0.347
-1.396
3.228
-1.040
0.576
-0.285
-3.019
2.965
2.019
2.295
1.778
-1.473
-1.426
1.435
4.053
1.276
2.698
-0.912
2.985
-0.657
0.926
-0.529
2.484
2.517
-3.194
3.531
6.053
-0.503
0.046
3.325
0.510
0.340
4.903
-2.900
-1.544
1.353
-3.537
-0.545
-0.567
2.658
2.013
-3.690
-1.313
-1.306
-0.170
-2.284
1.434
-1.316
1.763
0.343
-1.985
3.682
3.753
1.047
-0.224
-2.185
2.921
2.324
-1.604
-1.298
1.447
-2.471
-1.152
-2.147
-2.070
-1.378
2.524
-3.861
1.390
0.969
2.674
0.967
-0.559
-1.607
2.727
1.543
-0.834
2.531
-0.720
0.348
-1.101
1.631
-2.036
-0.367
-1.221
0.983
1.282
-2.300
1.325
-3.194
5.611
-0.878
2.868
0.833
0.930
-2.449
2.374
0.467
1.478
0.132
0.662
-1.779
-0.017
-0.658
-1.343
0.673
1.222
0.952
0.105
1.337
0.931
0.584
0.749
3.189
-2.542
-0.415
1.162
-3.449
3.668
0.962
2.647
3.037
1.340
-5.008
0.704
0.859
-2.258
-3.945
1.458
-2.648
5.297
0.982
3.594
0.425
2.154
0.478
2.763
-4.542
2.482
1.955
-0.020
-0.632
-0.368
1.029
3.264
-0.932
-3.734
6.313
1.962
-0.589
3.203
2.591
1.531
-0.795
1.952
2.965
-3.778
0.889
1.066
0.989
0.461
3.197
-0.157
0.343
1.108
-0.077
-2.976
0.864
0.891
-0.526
0.032
-7.282
3.250
2.512
-2.861
-1.271
3.826
-2.422
1.498
-0.831
1.334
0.470
-0.330
1.282
-0.833
-3.932
-1.877
-2.165
-3.500
1.237
-0.065
1.199
1.600
2.166
1.327
-2.001
1.741
0.882
5.606
0.369
1.269
0.122
0.467
0.305
-0.693
0.776
1.842
-0.657
2.355
2.064
-1.763
-1.963
1.426
-1.060
-2.160
4.471
-1.969
-3.307
-1.531
0.906
0.527
4.879
-1.494
0.917
3.058
-1.232
2.039
-4.047
4.571
2.737
-1.284
2.342
3.502
-2.743
-1.090
3.581
0.512
1.397
0.518
2.490
1.581
0.605
-4.694
1.886
2.100
-2.625
-2.462
1.592
0.816
-4.390
-1.623
1.103
1.974
-1.052
-0.004
-1.760
3.527
0.769
-1.252
-2.425
-2.691
4.698
-0.066
-0.609
-0.162
-1.163
0.093
0.434
0.386
-2.680
2.492
-0.977
-1.231
-1.339
-2.176
0.993
2.498
-1.385
-4.074
-2.115
-0.726
-2.605
-1.087
-0.974
0.313
-3.142
1.742
4.336
3.780
-1.052
1.955
1.671
0.246
0.775
1.989
2.470
-1.598
2.144
4.350
2.467
4.038
-5.850
1.780
0.984
2.815
-2.352
-0.865
2.511
-2.193
0.932
0.309
-0.120
1.724
-2.327
-1.522
0.016
-2.533
3.304
-1.567
2.237
-1.751
2.040
-3.511
3.731
3.074
-0.976
-1.632
1.449
-3.313
0.433
-1.588
-0.260
-1.195
-1.566
4.442
2.223
-3.202
-1.752
2.408
2.675
-2.974
2.027
0.986
-4.310
-0.618
0.023
0.466
-2.819
-1.481
-1.145
-0.936
-0.896
0.032
1.093
4.608
2.440
3.510
-0.804
-2.059
2.273
0.311
2.103
-1.768
1.907
-0.071
-0.756
-0.530
1.527
2.208
-0.529
1.176
1.168
2.122
2.719
4.697
-0.766
3.854
0.631
-2.278
-1.211
1.468
2.087
-2.089
-1.483
-0.929
-1.722
-4.162
-4.976
-0.566
0.955
1.923
-2.920
-2.879
-0.917
0.358
2.771
2.073
-0.533
1.214
-1.674
0.528
0.200
3.720
1.535
-1.500
-1.475
-0.449
-3.405
-0.202
0.005
1.470
1.819
0.587
-3.562
-2.581
-1.102
1.915
1.834
-0.249
6.013
4.098
3.326
2.032
1.451
1.275
-3.982
-2.173
-0.183
0.657
0.051
1.003
-4.698
1.564
0.499
-0.100
2.576
-2.159
-0.219
1.033
-1.697
-4.458
-2.417
0.195
-0.248
0.306
-1.232
-2.799
0.679
-0.050
1.881
-1.444
-4.500
-5.901
-0.614
0.657
-0.208
-1.006
-3.469
-4.184
1.231
-0.196
-0.522
-3.350
-1.969
0.458
1.033
-0.044
3.660
-1.031
3.438
0.870
0.610
2.588
-1.148
-0.440
-2.586
2.595
1.155
2.985
0.842
2.997
-1.443
2.719
-0.605
0.356
2.098
5.937
2.318
2.544
-0.959
0.727
0.120
3.728
-0.000
3.539
-2.774
3.707
-1.717
2.399
-1.724
1.834
-1.960
2.838
2.379
-1.092
1.737
2.624
-1.866
-2.132
-2.221
-2.561
-2.233
2.569
1.689
-3.720
-0.874
-2.429
2.418
-0.729
-3.357
0.758
1.806
-1.939
-0.286
-1.816
3.336
-0.685
-1.382
0.227
-0.148
2.002
3.269
3.287
-0.567
1.082
3.922
4.015
-1.752
1.771
1.366
2.573
3.335
-2.148
-1.308
2.528
0.705
-4.995
-3.649
1.940
2.364
-2.889
2.988
-0.123
-2.104
-0.995
-2.585
-1.128
-4.135
0.173
1.759
-2.884
0.391
-1.581
1.955
-5.205
2.059
-4.013
-0.154
-1.351
-0.516
-3.321
4.334
-2.738
-2.548
4.658
1.124
-2.660
0.041
-0.216
-3.700
-1.470
0.287
3.389
-0.103
0.077
-1.606
2.980
2.516
2.244
0.618
-3.487
2.958
0.488
-0.391
1.426
0.888
-2.216
-0.420
-4.220
0.556
3.542
-3.959
0.659
1.954
2.309
-1.441
-2.295
-1.059
3.208
-3.753
-2.568
-0.751
-1.992
0.250
3.745
-2.539
-0.001
0.330
-0.453
-3.438
-1.181
-1.174
1.870
1.357
-3.375
-0.579
-0.851
5.041
1.052
-2.236
-1.514
-0.559
1.220
1.514
0.831
-0.153
0.024
0.040
-3.929
0.203
-1.035
-3.617
6.153
1.097
0.381
-0.541
2.103
-2.440
-0.400
-1.935
2.082
-1.634
2.993
0.112
2.209
1.310
2.892
-1.894
2.523
-4.120
0.454
-0.960
-3.021
-1.794
-1.188
-0.122
-0.910
0.542
-1.642
-0.794
-0.344
0.787
2.387
2.399
0.920
1.383
1.098
-0.405
2.511
-1.845
-4.566
-2.150
3.717
-0.359
1.008
-0.307
1.698
0.520
0.185
1.823
-0.768
1.243
-0.069
0.092
-1.615
-0.168
-0.949
3.062
-3.692
2.484
-3.836
1.639
-1.661
1.709
0.059
-3.088
3.611
2.214
1.558
-1.187
2.297
-2.730
-4.996
-3.400
-1.863
-1.462
-0.694
-0.587
-1.210
-4.729
0.811
-0.285
-1.321
3.705
-0.231
0.490
2.260
-3.226
0.296
2.252
0.131
-2.778
-0.808
0.804
-4.707
-2.896
5.086
1.513
3.910
2.429
1.296
-0.392
1.265
3.830
2.331
0.750
-0.064
1.546
-0.927
1.546
-1.325
-0.499
-2.116
-0.705
-1.291
4.411
-1.797
1.274
-1.923
0.463
1.046
-4.093
-3.004
-1.941
-2.778
0.552
0.932
-2.201
0.648
-0.668
0.111
-1.158
1.520
4.274
2.208
3.694
-3.017
-1.272
1.707
3.970
1.911
-2.113
-0.693
1.150
-0.045
-1.567
-0.347
0.315
-2.254
2.713
-0.705
0.176
2.834
0.050
2.703
-2.120
1.389
2.364
-1.642
-0.078
-0.028
0.853
1.490
-1.837
0.206
4.169
2.879
2.255
-0.113
5.459
2.822
0.440
0.879
-0.751
1.294
1.773
2.036
-0.084
-3.187
0.930
2.046
-1.999
0.132
3.570
-2.538
-0.331
3.919
0.729
-0.912
0.333
2.332
-0.138
1.784
0.914
1.111
1.938
-0.358
-1.917
1.489
0.032
-0.725
1.613
3.416
-0.021
0.370
-2.486
-0.184
0.881
0.301
-0.519
2.092
0.489
6.563
0.849
-6.242
-2.319
1.627
-1.194
-1.045
-2.624
-0.794
0.815
1.276
-2.098
2.283
-2.509
1.401
1.159
-1.892
-2.178
1.267
-0.994
-0.107
2.000
1.500
-1.848
0.221
-1.893
2.438
4.038
-1.678
0.275
2.552
0.408
1.698
0.474
-2.186
0.635
3.055
1.104
4.247
-3.902
1.260
-1.205
-1.752
3.553
-0.262
-0.494
1.175
-4.816
3.602
4.921
2.546
1.339
-0.170
-2.231
3.216
2.549
1.430
1.151
1.071
-0.912
6.353
-0.335
-0.674
3.039
0.280
0.304
3.745
1.979
2.101
-3.053
1.311
-2.063
-0.742
0.772
0.263
1.920
2.200
2.380
-2.876
6.020
0.291
3.261
-5.684
-0.287
-3.156
-1.717
0.471
-0.453
3.504
4.596
-1.970
-0.821
-2.125
3.124
0.732
0.428
1.100
-0.397
-1.706
0.473
-0.291
1.183
-3.567
0.797
-1.304
0.713
2.522
-0.985
3.222
-3.828
4.055
3.322
-1.778
-1.758
-3.238
2.561
-0.443
-0.619
-2.345
4.699
-1.985
0.408
0.868
-0.607
-1.092
-0.536
1.707
-0.483
4.251
-1.515
2.160
-3.865
-1.515
-1.609
-2.299
1.030
0.086
-5.119
5.139
0.772
0.353
3.494
2.723
-0.366
-4.336
1.705
-1.961
3.324
-1.513
-0.734
-2.874
-2.680
0.088
-0.135
-0.792
5.277
1.799
0.375
-6.268
2.332
7.537
-0.101
-1.595
0.742
-3.085
1.459
3.951
-1.260
-1.183
0.159
-0.853
-3.280
-0.575
-1.059
3.630
3.123
3.704
2.274
0.844
-1.749
3.533
1.185
-2.645
-1.843
-2.683
-4.575
1.282
-2.621
-1.464
0.443
-0.101
-1.362
3.995
-3.314
-3.210
1.449
-1.153
-1.247
-2.240
1.162
0.892
0.636
-1.049
-1.452
-0.041
2.670
4.114
3.017
1.564
2.707
-2.487
-1.363
1.609
0.066
1.160
2.701
2.328
-2.268
0.378
-1.860
-1.516
-3.756
0.671
-3.933
1.296
3.610
1.623
0.475
4.033
1.136
-1.721
0.650
5.053
-2.272
-2.962
1.826
-0.188
-0.927
-2.672
-4.330
-3.145
4.226
0.329
-4.360
3.192
3.314
3.300
-0.664
-0.295
0.680
3.713
-0.982
-1.461
2.020
3.252
0.223
1.959
0.620
-0.253
-1.640
-2.419
-1.125
-1.993
1.030
3.272
0.840
-1.860
2.403
1.063
1.538
-0.896
3.070
3.058
-0.092
2.074
2.994
-0.767
0.155
0.541
-2.285
1.410
2.804
0.005
1.166
3.707
-0.622
1.215
-1.018
-1.083
1.171
0.929
1.682
0.533
1.466
4.347
2.894
1.162
1.562
-0.367
-0.032
1.532
0.560
2.253
3.391
0.106
-4.472
5.232
-1.216
0.818
2.096
3.732
4.684
-0.523
3.205
0.825
6.934
2.991
-0.076
-1.553
-5.954
1.969
2.770
2.139
-5.298
-2.669
1.504
4.635
0.217
2.970
-2.133
0.847
-0.309
3.200
-0.946
4.375
-0.389
-2.218
-2.137
-1.144
1.239
-1.114
-1.619
2.486
-7.357
-0.682
-2.852
-1.735
0.935
-0.143
-0.359
3.205
0.317
4.685
2.059
-1.970
4.992
1.017
4.842
-0.289
1.003
1.387
-0.053
3.403
4.988
-5.154
2.306
-1.797
-5.873
1.591
1.596
1.982
1.240
2.450
-1.097
0.982
2.026
3.597
0.455
-0.163
0.217
-2.515
2.197
-3.148
1.288
0.553
-3.372
-3.235
-1.699
-0.475
3.903
0.084
1.662
3.390
2.926
0.333
-1.343
1.547
-1.295
4.706
2.433
0.851
1.580
0.778
-0.534
1.547
-0.233
4.998
-1.312
1.571
-1.529
-1.554
-3.937
1.338
-0.928
2.950
1.342
0.706
-3.035
1.754
-1.239
-3.089
1.383
-2.670
-4.669
3.463
-0.996
-3.837
-1.960
-1.381
3.096
-3.641
-2.863
2.703
-0.729
0.897
-0.828
5.199
-2.745
1.027
3.957
-0.550
-1.459
2.191
2.760
-1.570
3.859
0.473
1.571
3.922
2.195
0.349
-1.262
6.850
-1.544
1.114
1.574
1.688
5.457
0.464
0.122
4.075
0.024
2.452
0.817
2.560
2.091
-0.617
-4.076
-3.667
-4.067
0.131
-5.296
-0.034
0.671
2.405
1.561
2.515
1.343
-0.426
0.096
-1.694
0.897
-3.452
2.908
-1.946
0.719
1.122
3.141
-3.685
-0.431
1.670
4.553
0.257
-1.076
5.215
2.276
3.647
-2.553
1.601
-2.250
-2.782
1.747
1.914
-0.807
3.787
-0.536
-0.298
0.264
-0.233
3.415
-2.150
-1.460
-2.509
4.870
-0.429
-1.494
-0.340
2.388
1.943
-1.030
-0.609
-3.143
0.683
3.428
-1.046
1.876
-1.047
-2.280
1.983
5.984
1.654
-0.643
-0.488
4.932
1.087
-1.488
0.201
0.866
1.476
3.979
3.412
0.826
0.250
1.300
-1.110
2.702
-0.138
1.528
4.462
1.677
0.904
-0.892
0.163
-2.377
1.630
-4.772
2.674
2.106
0.586
-0.929
0.311
-3.908
2.327
-0.043
3.987
1.291
0.905
1.312
-1.991
-0.732
0.669
-0.376
-1.034
-0.328
0.456
5.915
-0.431
-1.276
-0.017
3.954
4.125
5.028
0.496
1.890
-2.170
-0.498
-2.326
1.486
0.442
0.893
-1.681
2.392
-5.427
-0.255
0.094
-4.502
1.272
-0.066
1.697
5.150
1.129
2.684
3.664
1.531
-1.728
-3.586
1.249
-0.611
3.431
-0.790
0.316
-2.432
-0.475
-1.913
-1.694
0.223
-1.107
6.660
2.356
2.953
0.084
0.604
-0.681
6.649
0.089
-1.099
-1.460
1.155
3.760
2.959
-1.465
-1.524
3.341
5.393
0.002
3.246
-3.169
-1.674
-2.073
1.339
-0.080
0.921
3.276
-1.218
0.576
-2.861
3.143
2.981
1.219
0.638
-0.872
-2.999
1.083
2.165
5.196
-0.595
0.998
3.025
3.097
-1.144
-0.320
-0.910
-1.814
3.882
0.501
0.172
0.944
0.479
-0.180
-1.478
4.107
-1.019
-1.883
0.157
5.528
-1.622
2.053
-0.241
0.938
2.563
-3.777
-1.801
2.529
0.584
0.858
2.057
-1.785
2.882
2.317
0.922
1.474
3.146
-1.075
1.937
4.536
1.888
-0.184
5.914
0.904
3.707
-0.662
2.913
-0.961
1.126
-1.106
4.913
-0.181
-2.309
0.578
1.639
0.286
-1.602
2.840
3.372
-3.605
-1.755
-0.033
-0.924
1.612
4.765
-0.564
4.134
-3.174
1.444
-1.077
1.496
-3.866
-2.735
1.491
-1.162
-0.425
4.757
0.680
2.514
-1.472
-2.869
0.156
-3.227
-1.327
0.921
0.083
1.153
1.791
-2.520
-1.911
-4.879
-0.539
2.118
3.929
0.807
3.646
1.271
0.608
-1.117
-5.374
3.286
0.222
3.682
-1.929
6.179
-0.247
-1.311
-0.165
0.759
0.182
-0.887
-3.978
-1.580
2.929
-1.761
-3.771
-2.183
0.137
-1.472
-0.322
-1.566
2.773
1.528
5.673
-0.566
-0.334
3.190
1.288
-1.910
1.685
1.302
-3.955
-1.213
0.807
3.821
2.025
-1.004
-1.350
2.265
-5.473
-1.588
3.732
1.062
-1.471
-2.535
2.365
0.537
-0.175
1.248
0.745
0.561
-2.828
-2.113
2.146
1.692
1.267
-1.058
2.186
-0.540
3.474
-1.442
-0.911
-0.013
2.384
0.266
0.440
-0.590
0.993
0.180
-1.532
0.655
0.712
5.990
-1.116
-1.665
1.020
-2.033
-2.225
-3.099
-1.509
-1.450
-2.730
-0.251
-5.328
1.530
-0.986
-0.633
1.759
1.242
-1.162
1.434
4.067
-2.079
2.159
-2.321
3.171
-1.359
-1.450
3.108
2.082
-1.280
0.656
-1.354
-3.473
0.804
-0.505
-1.920
3.481
-1.839
0.696
2.942
-0.265
-1.412
1.065
1.444
2.454
4.841
-0.747
0.820
-2.696
1.949
0.791
-0.079
-1.133
-0.486
0.917
-1.969
-0.387
0.390
-3.345
-2.173
-1.234
4.114
-1.644
0.216
-2.147
-1.513
-3.108
1.959
-2.831
2.527
1.473
0.169
2.606
7.798
1.496
-2.338
3.924
0.797
5.417
-0.865
3.427
0.350
6.726
-0.326
7.554
1.406
2.383
4.431
-1.541
2.676
-0.353
0.713
0.549
1.724
1.622
-1.030
0.650
-5.252
2.726
4.415
0.808
-3.504
2.133
-1.483
0.788
1.995
1.661
2.944
0.701
0.766
2.118
0.179
-1.301
1.435
-2.359
0.156
-2.957
-0.982
-0.882
-2.012
2.991
2.793
3.504
-0.101
-0.691
2.279
0.658
0.646
-5.755
2.166
1.848
0.337
2.308
1.794
-1.322
-0.177
-2.069
3.859
2.695
-1.603
1.835
1.019
-1.296
0.648
2.410
2.606
5.947
0.576
-0.221
1.699
-0.089
-1.054
-1.872
-7.876
2.114
-3.581
-1.762
1.052
-0.422
5.508
-3.272
5.723
3.663
2.532
3.804
1.321
-3.738
1.586
-3.204
-0.918
0.163
-1.837
2.621
-0.163
1.332
0.327
0.653
-1.778
-2.468
-0.019
-1.969
3.695
-2.953
5.959
1.075
0.516
-0.947
1.927
-0.140
1.071
2.370
1.956
3.326
1.641
-1.933
-4.641
0.856
0.891
4.972
0.072
1.249
2.215
1.582
2.375
-1.614
-1.993
-0.323
-4.868
0.255
-1.233
1.123
-0.286
-2.087
3.496
0.548
2.421
0.790
1.464
-2.916
3.417
2.459
0.305
1.041
2.756
-0.543
-3.449
-0.498
0.716
0.272
3.512
-1.954
-1.650
-2.189
1.379
-3.312
2.135
-1.889
-1.505
4.599
3.308
0.636
-2.796
5.185
-0.121
0.944
2.539
-4.361
-1.186
0.187
0.664
-2.779
1.133
0.431
4.352
2.751
-0.296
-0.121
2.785
1.031
-2.941
5.375
-2.026
6.300
1.377
-1.175
-5.331
2.214
-3.371
1.208
4.991
-2.380
2.121
-1.598
3.070
0.508
0.304
3.247
1.851
-1.581
4.639
-3.336
1.012
-1.625
-3.219
-2.372
0.232
1.189
2.891
3.892
1.016
-0.714
2.844
-1.125
-3.479
2.604
3.527
-1.622
5.056
1.749
1.392
-0.890
2.791
-3.309
-0.465
-1.410
-2.791
2.421
1.169
2.281
-0.318
2.714
0.535
-0.783
-1.183
-4.409
3.144
2.872
7.376
-0.453
-1.250
-3.733
2.654
2.102
4.074
-1.850
2.069
-0.903
3.575
1.637
-3.384
0.035
-4.325
-2.442
-2.297
-1.188
-0.280
0.745
0.625
0.293
1.148
-2.650
0.526
3.793
-0.048
1.537
1.314
2.419
1.039
2.379
1.567
1.927
1.411
-2.066
-2.460
-0.498
4.074
-0.062
1.093
-4.372
0.815
0.556
-6.066
1.048
-3.612
-1.391
2.737
0.728
-0.726
-0.932
-0.653
0.736
-2.532
3.049
-2.404
-3.795
2.729
-0.699
0.519
1.921
-1.377
0.679
1.906
4.294
-0.877
-0.761
1.702
0.851
0.021
4.172
-3.688
-3.062
-3.660
3.234
1.585
-2.940
0.055
0.284
-4.952
0.802
-2.476
2.046
-2.403
0.876
3.457
2.689
1.567
0.155
-3.250
-0.704
-0.192
-0.365
-3.330
1.393
-2.484
4.061
0.705
2.700
2.651
5.337
0.787
-0.586
-0.540
3.941
-2.819
-1.757
0.919
-0.017
2.672
-2.863
0.189
-0.099
-2.223
2.459
0.130
0.028
-1.629
-0.538
-2.102
2.423
2.829
4.382
1.392
-0.464
-0.776
1.528
0.832
-0.068
-0.279
3.161
-0.686
3.582
0.787
-0.533
-1.535
-0.021
1.558
-0.555
2.391
-0.675
0.051
-2.738
1.693
-0.291
4.139
2.042
0.553
3.290
1.322
2.770
-1.720
1.457
1.557
-3.357
3.966
-2.435
-2.768
-6.487
1.487
-3.593
-0.891
2.361
0.811
-1.147
-3.468
0.092
2.403
2.032
4.638
-1.218
-2.811
1.094
0.857
0.338
-1.441
-6.018
-2.066
1.687
1.032
2.667
1.178
2.116
2.185
0.399
0.416
-6.631
-1.226
-1.122
0.089
-1.883
2.600
-1.766
2.996
-1.957
-1.099
-1.282
-0.841
3.179
-0.435
-0.374
-1.430
-0.274
0.869
-0.166
-0.011
2.788
1.007
-2.412
0.145
-0.942
1.600
0.597
3.063
-1.426
-0.112
-2.204
0.250
-3.338
1.122
0.217
0.722
2.242
0.890
-2.714
-0.984
0.158
-0.437
-0.144
4.241
0.591
1.267
-4.471
2.140
7.195
3.580
-0.706
5.825
0.416
1.086
-0.292
-0.354
-5.045
2.240
-0.363
-0.101
1.006
-0.645
0.983
3.237
1.322
-0.018
0.054
0.831
-1.647
0.849
1.993
0.560
-0.668
-0.339
1.915
-2.290
-1.609
-3.507
0.432
2.419
3.546
4.067
-1.307
0.950
-0.616
4.304
3.478
0.753
-1.136
-7.925
-3.091
-4.096
-3.121
4.859
-2.758
-2.196
-1.859
6.587
0.200
2.736
0.771
-4.413
4.028
1.313
0.058
4.574
-0.482
0.003
-0.478
2.933
2.303
1.019
-2.174
-0.539
-2.175
3.135
-3.429
4.176
3.440
-1.854
-0.650
-1.360
1.383
3.740
3.195
-0.689
3.362
3.162
-0.103
0.327
4.050
2.890
3.289
6.555
1.663
1.132
3.609
5.121
-1.117
-0.134
-2.095
1.173
2.484
-1.927
3.071
-0.738
-0.933
3.062
-1.150
-3.018
2.135
0.034
3.225
2.349
-3.846
3.507
4.909
2.831
2.927
-0.244
-0.794
0.860
2.558
2.497
-0.701
-0.944
-3.226
1.903
-0.585
-0.373
4.497
1.786
1.125
2.342
3.759
-3.532
-1.008
-0.207
-1.998
-0.287
-3.373
2.563
-0.892
0.832
0.473
1.688
-5.556
1.431
-0.310
1.326
-2.481
1.343
3.466
0.805
-1.371
-1.266
1.733
1.717
1.206
0.260
0.837
0.194
-0.564
2.168
1.094
3.447
3.030
1.016
1.779
-1.947
0.164
1.172
-3.449
1.381
-1.952
-1.689
-0.921
0.277
-2.837
2.406
0.776
4.970
1.070
1.720
-1.699
-2.486
1.836
-2.274
1.890
4.446
2.620
1.719
0.997
-0.572
0.075
-1.007
-2.807
0.435
3.009
-2.743
3.706
3.271
1.303
1.322
-0.097
0.451
-0.763
0.426
0.686
4.865
1.707
-0.153
0.113
-1.362
-0.966
2.536
-0.836
-1.132
-1.072
-1.400
3.055
0.692
-0.328
0.420
0.871
-1.444
-2.985
3.562
2.721
1.257
2.556
4.944
-0.935
-2.338
1.938
-3.170
0.441
-0.366
1.967
-0.807
3.229
-1.443
2.044
-1.249
1.666
-2.085
0.292
3.523
0.626
3.189
0.287
-0.862
0.763
1.834
-4.223
1.603
-1.906
-2.502
1.643
3.562
0.869
-2.903
-1.259
-0.654
0.821
0.177
1.539
2.750
1.177
2.505
-0.297
8.260
1.678
1.992
4.568
0.562
-1.199
3.485
3.626
0.718
4.573
0.150
2.587
3.987
0.586
1.446
2.812
-0.529
-1.604
3.549
1.086
-0.863
0.576
1.570
-3.416
2.068
1.330
4.322
-0.176
3.655
0.243
0.684
1.024
5.374
-2.625
1.538
0.451
0.282
1.749
3.004
1.626
3.314
-0.252
0.233
-2.052
5.109
-0.098
-0.363
1.806
3.007
-1.311
3.198
-0.378
3.783
-0.948
2.115
0.453
-2.353
-3.048
-1.433
2.732
-4.314
1.151
0.943
-3.688
-1.563
-1.567
0.476
3.869
2.930
-0.515
-1.641
-3.390
-0.559
-1.807
0.263
0.354
-0.791
-0.741
-1.315
-0.880
3.796
1.593
1.625
2.779
2.566
3.769
1.762
0.842
-1.068
-1.628
2.467
0.083
-2.914
-4.673
5.504
-2.016
-1.297
3.297
-2.551
1.625
4.723
5.423
-0.724
0.321
-0.601
0.307
3.466
-3.008
1.905
-0.119
3.634
3.507
-0.627
0.084
2.493
2.710
-5.584
2.485
4.302
0.963
2.630
3.419
0.882
2.304
0.380
0.225
-1.238
0.765
4.878
-1.816
1.830
1.120
3.890
4.341
-1.868
-1.028
-0.897
-0.812
-0.606
1.183
-1.693
-1.356
-1.547
1.532
0.197
-0.229
-1.671
-3.500
4.266
-0.343
6.855
2.205
4.740
2.734
0.730
-1.084
-1.994
3.037
0.986
1.830
2.305
1.204
-0.782
2.780
-0.126
0.567
2.072
0.208
-4.013
2.847
3.362
-4.045
-2.154
5.207
0.907
0.359
-0.673
-2.124
-0.117
2.689
0.312
1.815
4.588
-1.043
1.077
2.761
-1.889
0.777
4.844
-0.467
2.914
0.011
4.669
-3.599
0.506
-3.199
-1.332
-1.346
-0.291
-2.502
0.178
1.455
-3.327
-1.174
6.448
1.140
-4.013
-3.011
0.892
0.592
-1.060
5.614
6.635
-0.285
2.445
2.566
2.884
-1.186
5.005
0.185
1.363
0.355
0.015
1.018
-2.496
-4.381
-0.162
-1.763
1.664
1.391
0.382
3.906
0.335
-3.150
-0.187
3.160
-4.172
0.124
1.731
6.715
3.250
0.668
1.600
-4.204
-2.169
1.912
0.737
1.043
0.432
0.338
0.597
-2.184
-0.199
-2.636
-1.137
3.220
-0.084
1.780
0.627
-0.574
-2.071
-0.610
0.790
1.742
0.644
1.909
-3.298
2.430
-2.358
2.710
1.556
-4.138
2.119
2.738
3.369
-1.495
0.781
2.017
2.117
1.333
-0.674
2.721
2.735
-0.020
-1.531
-1.397
3.626
2.632
0.302
-0.128
-3.894
0.147
-2.509
0.732
3.195
-2.003
0.923
2.745
0.879
-0.908
0.375
2.647
0.980
0.342
3.125
1.586
-2.537
1.865
2.629
-2.620
-5.095
-2.151
0.104
2.773
-1.788
1.682
-6.592
0.783
-0.626
5.387
-4.191
0.315
-4.206
-0.969
-3.733
5.872
-0.503
-0.156
0.247
-2.367
2.883
1.886
2.553
-2.573
3.075
2.798
-0.208
2.498
1.004
-3.476
-0.089
-0.806
0.555
2.801
-3.589
-0.715
-1.622
-1.519
-1.625
0.514
1.606
1.186
0.796
1.842
6.063
0.676
2.801
2.664
4.617
1.695
-1.676
1.082
0.953
2.306
-1.746
3.389
0.363
2.365
1.093
0.644
0.911
1.963
5.051
-4.492
1.646
0.456
-0.075
-5.322
1.742
0.050
-1.653
0.452
-0.353
-3.832
0.562
1.742
-0.968
0.978
0.609
2.859
0.101
2.273
-0.402
5.072
-0.698
-1.294
0.109
-1.397
-2.647
2.096
-7.000
-1.372
-2.870
0.691
-4.904
1.665
1.925
-3.568
0.807
1.589
2.607
-3.175
-3.513
3.956
-1.623
-0.916
1.869
-2.456
-0.288
2.490
-3.061
-0.850
-2.354
-1.507
3.196
3.722
0.969
1.627
1.562
-1.264
0.922
-2.759
-1.951
0.142
-2.196
-2.705
-1.359
3.101
4.087
0.272
1.747
-1.002
-4.608
-1.794
-0.390
0.688
0.108
-0.326
-1.029
1.175
-2.923
2.275
-1.057
5.311
-0.407
-0.802
-1.000
-0.778
1.807
0.249
2.719
1.465
0.426
1.245
3.221
1.926
1.023
1.365
-2.416
6.522
1.618
1.857
0.281
-5.164
-0.287
0.532
-1.625
-1.646
-0.464
2.202
3.364
0.760
-1.012
-0.520
0.589
0.873
1.394
-0.704
1.620
1.431
-0.598
-3.777
-1.774
4.112
-3.715
3.512
-3.799
-1.506
-0.549
4.628
0.413
-0.164
-1.895
1.603
-0.881
-0.200
-0.510
2.078
2.178
-1.787
-1.155
-1.392
0.790
2.526
0.822
-4.908
2.173
-2.888
-1.367
0.826
0.149
2.445
-1.116
-1.970
-0.398
2.695
1.861
0.559
3.532
3.098
2.242
-2.477
2.230
-0.136
-0.598
-1.288
-0.062
-1.152
0.757
-0.065
0.879
1.678
-0.356
-1.420
-4.465
2.200
0.539
-0.073
3.163
-2.742
0.485
-1.964
1.924
-4.993
2.280
2.180
-1.865
0.509
-1.814
1.376
2.319
-2.062
-2.762
2.981
5.009
1.537
1.714
-0.447
0.782
1.192
-0.088
3.590
0.774
1.083
-0.039
0.205
3.275
0.700
0.756
0.787
-0.525
-3.029
4.124
2.914
3.348
-2.224
3.818
5.070
2.858
4.305
2.265
-1.682
1.568
-2.099
-1.084
1.109
0.787
1.461
-3.951
-0.020
1.668
2.146
2.303
0.953
-0.560
1.554
-0.369
2.513
1.376
0.202
-1.496
3.037
1.692
5.397
1.613
1.814
-3.167
1.095
-0.410
2.333
1.153
2.715
5.468
-1.566
2.622
1.991
5.100
2.043
1.793
2.393
2.561
3.840
-1.617
-0.592
4.515
-4.351
0.147
0.709
-0.075
4.144
1.492
-0.580
-1.173
1.026
3.148
0.682
0.027
-1.319
1.248
1.115
-1.388
2.813
4.445
0.468
1.075
-2.302
2.119
1.464
-0.433
-1.434
4.784
1.269
-1.852
2.403
0.901
0.491
2.699
-5.921
-3.987
3.660
0.041
-0.674
-2.861
0.815
1.111
3.808
1.244
-0.377
1.324
3.013
2.489
1.841
1.009
-1.045
-2.129
-2.508
1.296
1.546
2.976
1.698
2.872
0.037
2.200
-2.054
0.206
-4.046
0.426
3.289
0.519
2.082
1.006
-1.019
-0.098
3.181
2.070
-1.132
-2.980
0.846
-1.047
-0.076
-3.141
2.848
0.117
0.481
-1.649
-0.316
0.644
-1.122
-0.168
3.677
-3.850
0.793
-1.535
3.558
-0.084
-2.163
-0.167
1.189
7.011
-4.714
-2.528
3.483
-3.272
0.373
-0.810
-1.187
-0.063
-0.448
2.887
3.538
1.373
-0.217
0.970
2.282
2.754
1.238
4.016
-1.130
3.086
2.040
-1.114
0.908
1.073
0.009
-0.017
-3.310
-1.304
-0.222
-1.024
-1.704
2.897
0.101
5.550
0.885
2.846
-0.149
-1.238
0.981
3.459
0.136
1.422
0.968
0.115
0.238
-2.046
0.323
1.918
1.060
0.792
2.090
0.818
0.383
2.114
0.678
-0.218
1.474
0.265
-0.326
0.723
0.751
-2.299
1.150
4.782
-2.001
-0.856
7.022
-1.623
3.437
-0.199
0.494
0.035
1.372
-3.441
0.797
-0.618
-4.121
3.040
-4.708
5.506
1.831
-2.916
3.561
-1.451
-1.342
-3.972
-1.724
-1.441
2.314
3.151
-2.628
0.999
-4.067
1.008
5.539
-3.922
-2.085
2.095
2.378
-1.909
3.887
-1.607
4.366
1.475
3.401
1.240
1.927
2.054
3.097
0.271
-1.810
0.161
-1.252
-1.095
4.321
1.845
1.734
2.924
1.832
4.831
-4.677
-2.044
-1.332
-2.952
0.621
0.734
5.091
2.519
-0.868
1.536
-4.035
0.691
0.563
-1.815
-0.133
-1.312
-1.888
1.969
2.831
1.574
-0.701
-1.240
-0.627
-0.178
-1.743
2.879
-0.135
2.186
-3.010
-1.302
2.413
2.447
-2.536
1.077
1.140
-1.350
1.207
-3.443
-1.875
1.787
0.421
0.545
-0.070
1.639
1.754
2.250
0.652
-0.582
-0.987
-2.186
-0.617
-1.105
4.194
-2.163
2.840
-0.293
-0.146
1.313
-3.054
-1.570
-2.629
-0.563
-1.832
3.511
-1.050
-5.358
-0.453
2.288
4.263
-0.201
-0.891
0.315
1.346
-2.359
-0.237
0.231
0.460
0.003
-1.896
1.163
0.243
0.237
-2.248
1.886
-1.925
4.229
-2.480
2.179
-4.230
-5.070
-0.981
-5.073
2.101
0.298
3.712
-0.051
0.934
-0.294
-1.747
-0.626
-2.539
1.280
-0.389
0.109
7.127
-0.617
1.103
0.220
3.128
0.922
-0.301
5.852
-1.713
-0.115
2.550
-1.614
2.187
-0.801
2.758
2.695
0.134
-2.051
-0.590
0.314
2.482
1.119
1.641
1.188
2.381
-0.131
0.746
0.418
-0.701
2.778
2.728
3.244
-1.483
1.192
2.972
3.957
-3.271
0.343
-0.104
4.168
-4.952
-2.164
3.789
-0.777
-2.774
3.979
-3.086
2.803
-3.395
-3.112
0.830
-1.686
1.004
4.675
-0.022
4.257
1.128
2.644
-5.298
1.877
1.509
-0.514
4.899
-0.834
-3.511
2.227
-3.067
0.534
3.566
1.546
-0.244
-0.493
3.387
-2.578
2.210
5.615
1.654
-0.221
-0.034
-0.803
-1.213
0.633
1.981
4.216
-4.346
-5.504
4.262
0.487
0.613
1.553
-0.098
5.090
1.530
-0.724
-0.510
0.006
-1.515
4.405
0.648
-2.459
1.322
3.804
2.896
-1.474
-2.312
3.776
-3.548
1.240
-1.014
3.503
-2.181
-1.562
1.831
2.259
3.613
1.485
1.189
2.868
-2.939
-1.761
-2.738
-6.096
2.371
3.781
1.684
1.262
0.554
0.482
4.419
4.068
-1.054
3.011
3.301
1.911
1.280
1.198
-3.207
-3.420
2.230
-2.291
-2.984
-4.631
-0.792
1.248
1.442
2.391
-0.590
0.607
2.380
1.464
-1.054
1.069
-4.412
0.350
-1.134
3.995
-1.995
0.630
-0.679
-0.990
1.256
-0.654
4.795
-4.389
1.865
0.146
0.229
1.075
2.745
0.986
2.753
0.461
-2.132
0.136
3.117
-0.636
-2.249
1.837
1.158
-1.500
-0.209
-0.086
0.365
1.902
-0.622
2.026
-0.930
4.349
4.401
-1.705
-2.591
2.698
0.969
1.674
-1.221
0.032
-0.478
1.080
-2.640
0.112
-2.664
-0.887
0.116
1.568
1.767
2.176
-3.209
3.384
-1.198
-1.022
0.995
-0.459
1.218
1.664
-1.482
-0.091
-0.020
2.650
-0.766
-0.871
-2.102
-1.833
-2.891
-1.337
4.175
2.008
3.416
-1.930
-4.325
1.109
4.799
-0.815
0.594
-3.417
0.418
0.050
-4.673
-2.140
-2.330
-3.441
-1.390
1.571
-1.170
3.106
-0.521
1.133
1.544
4.031
-1.369
1.412
-1.922
4.483
-2.145
1.271
4.093
-2.522
1.778
-2.033
5.938
-4.189
-3.292
-2.342
-2.264
1.600
4.669
3.122
0.911
0.373
-1.105
1.289
-0.151
0.805
-1.428
-2.534
0.411
0.358
-1.080
-1.490
1.690
1.442
4.854
3.664
-2.515
-0.108
-2.925
-4.064
5.619
3.903
-1.162
3.334
3.690
-4.259
2.391
-0.830
1.269
7.574
4.155
0.042
3.762
-4.263
1.559
1.616
2.044
-0.870
1.267
2.404
-5.225
-0.409
-1.818
1.939
3.657
-1.118
-2.263
0.631
-2.418
-0.193
-0.447
1.742
1.106
0.737
4.278
0.997
-0.653
-0.358
-1.484
-2.095
-2.984
3.072
-1.374
1.108
-0.370
0.280
3.119
0.774
-1.864
-1.004
2.414
1.510
2.564
-0.222
-3.001
1.566
0.957
1.020
-2.966
-1.187
-1.902
1.308
1.391
0.246
2.672
3.928
1.197
1.961
-0.950
-1.391
2.773
-1.749
2.023
4.477
1.918
0.156
-2.867
0.742
2.772
-0.080
2.802
1.226
1.049
-0.410
-3.145
-0.670
-0.689
1.731
0.313
2.950
1.025
-0.860
-1.606
-1.098
0.736
-0.545
-2.233
2.766
0.716
1.009
-1.624
-2.150
-0.039
-4.518
2.222
-1.340
-0.292
1.375
-0.189
-2.454
3.964
-3.328
-5.018
2.449
-3.153
3.357
1.255
1.029
-1.016
-1.631
-0.553
-1.755
3.248
-1.433
1.565
2.762
-1.765
1.254
-1.795
-0.066
-0.751
-1.319
0.729
-2.564
2.580
-2.246
-2.691
-0.256
-0.544
1.203
0.554
-3.556
2.718
-0.316
0.930
5.635
3.437
0.855
-2.945
-2.905
3.139
-0.614
-0.054
-2.399
1.420
3.089
4.007
-0.726
1.898
0.122
2.463
0.340
-1.628
3.518
0.586
-0.494
0.777
-1.418
1.347
-0.121
-1.558
6.055
-2.068
1.198
0.486
-2.111
-0.460
-2.872
5.310
-0.293
-0.089
5.018
-1.628
3.457
1.772
-4.400
-0.541
1.398
0.435
0.442
-1.107
-1.361
-0.390
5.057
-1.828
-0.807
0.419
-3.162
1.387
-2.741
-2.259
-2.375
-3.587
3.394
1.602
2.564
2.345
-0.053
0.279
2.783
4.282
-2.669
6.398
-2.808
-0.759
0.528
0.748
5.063
2.779
1.341
2.835
1.180
-1.271
1.516
0.512
-1.673
3.381
0.219
-2.339
-1.960
1.634
2.869
1.506
1.517
-1.595
0.573
-0.442
-0.118
0.082
-1.234
2.154
-2.072
-2.767
-1.534
2.470
1.164
-3.930
1.783
0.234
-0.652
-0.231
-2.851
0.766
-2.692
-0.490
-0.487
2.198
0.445
2.044
-2.520
0.091
1.623
3.332
-2.384
-1.668
1.563
4.218
1.036
-2.314
-2.267
0.674
1.208
-0.181
-2.240
2.993
-0.487
1.615
-3.906
3.233
-1.294
3.577
1.821
-3.079
0.939
4.326
-1.085
4.330
1.276
3.567
0.733
0.052
4.759
2.081
-0.215
1.367
-1.006
0.609
3.219
-0.038
-1.749
-1.971
0.527
-1.588
-3.089
-2.527
3.170
0.008
0.489
-1.970
-1.046
-1.123
-0.314
-3.630
2.965
0.311
0.835
2.544
2.361
-1.030
1.801
1.776
1.108
2.897
2.269
2.096
3.627
0.419
0.489
2.316
-0.078
1.506
-0.994
-5.121
1.785
-3.367
-1.328
2.318
2.346
3.171
-4.497
1.060
-0.268
2.722
3.893
-2.791
0.388
2.348
-0.461
4.540
-0.614
-0.370
-2.226
0.719
-6.894
-0.245
3.396
-3.002
-3.534
3.029
3.354
-2.904
4.509
1.388
2.867
-1.550
3.924
-0.293
-0.399
1.508
-0.591
-3.300
0.666
-0.414
-1.493
3.327
6.092
-1.856
0.824
-0.606
5.842
1.530
2.575
3.186
0.662
-0.097
3.995
2.217
-1.680
-1.388
-0.585
3.132
3.886
5.514
-1.351
0.686
-0.610
-0.088
2.582
0.240
3.508
-0.889
2.129
-0.713
-4.059
-2.102
0.648
4.962
-0.753
-0.056
1.525
-1.089
-0.811
0.523
-0.698
-3.929
-1.210
1.826
1.900
3.557
3.363
-1.810
-1.439
-1.333
-0.015
-1.146
-0.069
-1.743
2.233
-1.925
-2.044
1.599
2.084
-0.190
2.436
2.262
4.908
2.109
4.447
0.499
3.709
3.760
0.008
-1.302
-0.880
1.346
-2.409
-0.739
3.223
1.950
-5.296
-2.848
5.531
3.181
-1.049
-3.222
-2.649
1.572
5.095
4.942
-3.432
-0.360
-1.707
0.679
-2.845
-0.960
-1.731
1.607
-0.886
-0.541
1.576
4.292
5.428
1.444
0.137
3.509
3.151
2.466
-3.440
3.250
1.210
-1.795
-1.263
1.747
-5.678
0.049
-1.222
-1.467
-0.747
-3.201
2.876
-4.757
0.756
-1.684
5.111
0.404
-4.746
1.662
-2.272
2.714
1.833
3.884
0.799
2.316
0.453
-1.065
2.908
-2.603
0.263
-1.015
2.371
-1.922
-0.631
0.455
3.921
-0.928
-0.612
-2.886
-2.009
1.341
0.427
0.465
4.529
-3.663
5.913
3.178
-0.432
1.289
-1.289
1.116
5.510
-1.201
-0.207
-1.466
-1.081
-0.616
-2.278
-0.283
0.480
-0.618
-5.168
-0.020
0.237
4.904
0.414
2.595
-0.672
3.466
-1.917
1.562
2.367
2.015
5.544
-1.052
3.743
3.124
0.469
4.764
-0.002
0.404
0.337
-2.706
2.178
1.803
0.099
4.580
-0.699
-3.802
4.915
2.777
1.852
-0.465
1.171
-2.675
-0.190
-1.819
0.979
2.566
-2.164
2.090
0.829
1.991
-0.231
2.040
-1.320
-3.687
-3.139
-0.857
-3.520
4.071
0.151
2.556
2.239
0.365
8.838
7.376
3.691
-1.822
3.789
-3.846
3.702
-5.785
-0.415
3.252
1.274
-3.199
0.759
1.275
0.841
-0.627
2.402
3.098
-0.020
3.997
-0.025
-0.826
3.607
3.519
-1.138
-1.487
4.585
0.104
0.358
-0.255
3.522
5.496
0.518
6.153
-0.981
-0.329
1.965
-1.611
1.935
-0.894
-3.356
-3.832
-0.427
1.352
-2.917
0.779
0.785
-0.052
-1.873
0.927
0.008
2.706
-2.753
0.624
-2.702
-0.219
-2.278
-1.851
0.341
-1.008
3.870
3.180
2.281
2.234
0.663
3.482
-0.356
5.436
-1.911
-2.359
-2.998
-2.580
-3.560
0.864
2.399
0.432
-2.975
-0.777
2.370
-0.471
-1.566
-3.283
-0.665
-1.336
0.143
1.493
-0.328
0.794
1.483
-2.602
4.876
-1.429
1.590
-2.376
0.614
0.702
4.332
-0.208
3.469
1.047
4.795
-3.922
1.507
-6.065
0.211
2.800
3.819
2.123
-0.347
1.658
6.389
0.531
2.656
-0.680
2.919
2.525
-1.115
2.216
2.329
2.126
0.251
3.300
-1.894
0.373
0.617
3.161
-1.970
0.929
-0.832
0.613
1.292
-2.718
3.384
1.377
-1.711
-0.469
3.936
1.348
-1.966
-1.530
1.850
2.138
1.221
-0.350
2.293
-0.399
-1.701
4.158
1.523
-1.533
0.672
0.416
-0.490
0.911
-1.878
2.447
0.335
-3.513
-0.198
-1.128
-6.827
-0.024
2.838
0.091
2.050
0.370
-0.745
-1.406
-2.729
2.572
2.104
-0.318
-4.508
1.483
-1.821
0.695
-3.349
0.571
0.035
-5.433
4.233
-0.432
-0.272
1.633
0.228
1.224
-2.397
0.009
-4.232
-0.220
3.818
-3.264
-0.492
-4.747
0.369
1.469
1.270
-1.094
-4.796
-2.630
3.366
2.460
0.131
0.740
-2.116
3.448
-1.376
1.399
-2.837
-0.078
3.346
-1.923
2.148
-2.244
-1.815
0.328
2.682
-0.366
1.835
3.096
-1.501
-3.310
-0.503
3.405
-1.600
2.786
-0.280
4.565
5.739
2.826
-3.602
-5.418
0.497
2.526
1.552
-1.387
-3.216
2.581
4.811
-1.258
2.331
6.597
-0.105
-0.057
1.693
-0.332
3.564
-0.620
0.275
-3.112
-0.215
-2.068
1.181
-3.644
2.702
-1.741
4.632
3.640
1.636
-3.341
-1.157
-1.801
-1.501
4.134
-0.016
-1.229
-1.445
-0.926
1.628
-3.555
0.586
1.367
-3.815
-3.052
0.236
3.808
3.237
-1.110
3.732
-0.417
-0.438
0.576
2.365
-1.112
-0.605
-2.646
1.192
2.590
2.737
-2.930
-0.569
3.339
0.907
0.432
0.375
1.650
1.036
-1.031
2.465
-2.537
3.523
-1.800
1.665
-0.045
-0.793
3.608
2.133
0.209
4.538
2.701
-1.583
-5.075
0.606
3.670
1.816
4.128
-1.086
0.069
0.127
0.929
2.192
4.268
4.772
4.350
1.956
-0.471
0.892
1.923
0.674
-1.843
-0.760
2.433
-0.242
0.408
0.162
-1.791
-0.061
-0.749
-1.310
-2.190
0.109
1.834
3.039
-2.996
4.205
1.053
-2.355
-0.619
-4.156
-3.542
4.481
-1.328
1.639
0.083
0.393
1.233
-4.652
3.515
0.113
-0.860
1.473
-1.381
0.850
-0.047
2.056
-0.163
-2.122
1.220
-0.299
-4.020
0.824
-0.940
1.180
-1.702
-2.545
3.182
2.374
0.334
1.401
2.295
0.326
-2.550
1.069
2.755
1.774
0.492
1.707
-0.186
2.856
3.583
-2.761
3.028
5.719
1.611
2.711
-1.203
-0.859
-0.153
-0.616
-2.798
-0.064
2.357
-2.766
0.780
0.706
-0.373
1.542
1.316
-0.544
2.896
1.695
4.126
0.191
-0.422
-0.150
3.178
-0.007
0.140
5.056
-2.877
1.206
0.203
-0.251
-1.938
-1.243
-0.629
1.540
2.396
-3.919
-2.534
1.665
1.867
-3.163
2.448
0.316
2.143
-1.694
-2.986
-0.391
-0.284
-0.418
-0.586
4.413
-3.730
-1.678
-0.655
0.408
2.056
2.427
2.934
1.505
-3.802
-3.644
3.103
2.948
1.876
-1.619
-0.424
-0.607
-2.109
0.972
5.523
-0.840
3.462
-1.775
-3.338
2.720
-0.175
3.401
3.880
-0.318
3.573
-1.753
-1.790
2.923
-3.365
0.346
3.349
3.510
-0.688
2.772
-2.345
-1.252
0.903
1.257
-2.165
4.819
-4.156
0.480
0.820
-3.843
3.528
-1.427
0.586
1.137
-3.140
-2.223
4.101
0.192
-6.123
-0.375
0.271
0.876
-4.447
0.280
-1.648
0.880
1.565
1.310
3.720
5.607
-2.371
-0.567
2.133
0.046
-6.185
-0.112
3.312
-2.997
0.879
-4.228
2.438
0.930
-1.013
-0.653
-3.248
2.768
-1.568
1.551
-1.959
5.626
4.093
5.327
5.607
-1.173
-1.772
5.213
0.011
2.350
-1.140
-1.100
2.342
-4.378
2.230
1.609
-0.922
0.408
0.784
0.919
2.006
-1.606
6.825
-0.143
0.036
5.017
-4.040
4.992
0.574
-0.922
-2.337
-2.696
-0.470
1.017
1.844
0.988
-0.874
3.565
6.767
3.937
-0.512
1.555
1.709
4.199
-0.462
-1.966
3.071
1.325
-2.311
2.043
4.762
-1.315
-1.788
0.422
1.983
0.170
3.073
0.976
2.778
-1.380
-2.597
-0.466
-2.881
1.332
-4.490
-0.737
-0.336
-2.162
-0.385
0.360
3.396
-2.148
1.208
1.684
0.299
-0.845
-2.384
4.907
0.524
-0.407
5.442
0.883
6.454
-3.049
-0.219
-2.938
0.057
0.045
-0.749
0.479
-0.632
0.085
-1.464
3.813
-2.311
0.860
-2.512
-1.654
-1.398
0.034
0.771
-2.306
-0.642
-2.029
-2.135
3.071
-2.991
0.529
4.425
3.245
1.371
0.311
2.118
1.237
3.764
0.029
2.753
-0.432
4.894
-0.038
-3.535
0.536
2.185
4.259
-2.041
-3.837
1.542
1.468
-3.037
-0.441
-0.333
2.325
-0.643
-0.695
0.625
-2.957
4.912
2.592
-1.334
-2.332
-2.146
1.758
-2.075
-0.248
-3.708
1.649
1.739
-0.093
0.815
2.260
0.750
2.224
-2.453
1.259
0.814
3.235
0.423
0.116
-0.987
3.929
-5.305
1.577
0.301
-0.091
-0.440
0.216
1.499
-1.558
0.674
1.192
-1.939
1.559
1.211
-1.568
-2.501
-1.599
0.675
0.168
3.695
-0.531
-1.784
1.927
-2.002
-1.548
-1.517
-6.844
1.710
2.606
2.550
4.875
3.967
-0.452
3.012
0.116
-0.672
-1.463
-0.292
1.140
4.145
2.099
-1.501
-2.156
1.715
2.516
3.296
-0.295
1.477
2.404
-2.893
1.017
2.520
1.575
0.156
6.614
4.983
0.373
-0.105
2.031
0.212
3.402
-2.691
-0.228
1.995
2.759
-3.204
-1.940
-3.673
-1.746
-2.715
1.644
0.900
-0.019
0.413
3.216
-2.151
-4.282
2.055
-0.588
-2.094
1.680
-4.372
-1.708
-5.383
0.972
4.127
-1.026
-1.550
4.633
1.856
6.063
0.736
0.894
3.818
-0.007
0.943
-5.461
4.520
1.288
0.092
2.528
-2.486
-0.973
1.678
0.456
1.422
0.948
1.863
-2.820
3.418
-0.811
0.489
-1.092
-0.340
0.900
2.114
2.513
1.388
-1.080
1.237
0.927
0.492
1.632
-2.712
-4.515
3.206
0.035
1.348
-1.732
3.379
1.190
-0.081
1.036
-3.830
1.246
3.918
1.107
0.797
-0.411
2.949
3.304
-0.687
1.211
0.907
1.314
-1.505
3.093
1.707
3.236
-2.327
-2.186
5.293
3.103
-1.606
2.434
-0.768
-3.727
-4.691
0.297
4.096
4.001
3.374
2.342
1.112
3.115
-4.476
2.725
-2.340
-1.841
2.020
2.579
-1.113
1.901
1.701
-0.396
0.719
5.344
-0.326
-0.243
0.710
-0.089
2.247
3.876
-0.242
-1.706
5.090
0.638
-3.741
4.819
3.053
4.193
3.792
6.698
-2.139
-1.560
-0.831
-0.900
0.645
-0.826
-2.505
-1.749
-0.355
3.096
-1.031
2.294
-2.821
-7.327
0.030
-1.114
-1.766
-2.047
-1.348
-2.020
-1.802
-2.911
-4.761
-4.953
6.257
0.198
4.009
-0.076
0.004
1.086
1.886
-2.642
-0.561
1.081
-4.290
3.464
2.901
-4.694
-1.760
0.602
2.370
4.013
-1.180
5.962
0.233
-0.188
1.698
1.096
0.962
5.141
0.944
-2.012
-1.665
3.884
1.991
-3.385
-3.503
0.410
1.830
-1.277
-3.682
-2.350
4.300
1.543
2.750
3.146
-1.152
-0.545
-0.053
1.350
2.965
4.838
2.304
2.322
4.974
-0.142
3.204
1.738
1.826
-0.165
-2.996
1.178
1.188
-1.031
0.118
-1.767
-1.746
-0.804
-2.838
-1.050
2.063
3.845
5.331
-0.610
3.230
1.157
-0.220
1.315
2.995
-0.846
-0.901
-0.633
-1.154
3.227
-1.483
-1.060
1.097
0.903
-0.634
4.391
-1.164
-0.061
-4.274
-0.382
-2.825
-1.849
-4.344
-1.792
0.170
-0.236
-0.645
-0.430
-0.862
0.267
0.085
1.010
-0.132
-0.691
2.218
1.797
0.272
3.218
0.548
-0.037
0.185
0.746
-1.851
-4.147
1.026
2.352
-2.052
2.925
-3.601
-0.991
4.444
1.204
-0.376
0.955
3.221
-3.118
3.513
-0.826
2.050
-1.124
4.391
0.275
-2.839
1.478
3.473
3.202
0.574
2.299
-0.662
1.768
1.221
-6.599
-2.051
0.849
0.746
0.280
0.564
3.248
1.200
-5.248
5.025
-4.226
2.650
-3.404
3.766
-0.317
1.272
-4.417
2.101
1.349
1.832
2.629
0.778
-0.156
-1.596
-0.713
3.246
-1.661
-4.073
-2.020
1.805
-0.377
1.801
-4.451
-6.808
0.984
2.761
-3.756
1.613
3.207
0.339
2.513
0.807
-0.281
2.320
4.941
-0.989
0.139
-2.028
0.723
-0.025
3.130
3.757
2.241
2.862
-1.342
-1.942
1.398
0.398
5.148
-4.262
1.837
1.797
-1.479
-1.972
-0.464
-3.590
3.848
6.832
-0.469
-1.184
-2.796
-2.281
-1.065
3.251
8.013
-1.385
-1.815
-2.453
1.432
1.176
0.592
-0.716
3.612
2.184
2.080
1.239
-0.105
-1.366
1.598
1.366
1.711
-3.405
1.164
-0.391
-1.759
2.098
0.775
6.000
1.513
-0.363
0.090
-2.463
3.304
1.106
1.147
-2.204
2.220
-1.895
-0.979
0.651
-1.044
-1.552
0.230
2.774
2.498
2.048
1.517
-0.791
3.040
-3.816
1.391
2.369
0.133
-1.384
0.261
-1.468
1.584
2.620
1.422
1.279
2.175
2.452
-1.518
-3.341
1.017
2.569
-3.444
0.515
3.058
0.071
4.001
3.551
-0.089
-0.533
-0.488
0.674
-2.466
-2.910
-5.102
0.299
5.243
-4.427
-0.092
-0.164
-0.015
3.366
-1.782
-4.321
-0.932
-1.253
-5.004
0.939
-2.496
0.151
-0.521
-2.228
2.488
-0.326
0.480
1.757
1.042
0.698
-1.628
-2.319
0.729
-1.959
2.257
0.039
1.907
-2.016
-2.389
4.379
-0.009
2.542
-3.039
-0.329
3.476
-3.405
5.811
0.836
-1.615
1.195
3.012
-1.631
-1.287
0.948
1.461
-0.126
1.316
2.399
0.766
-1.310
0.300
4.565
1.149
3.327
-0.884
0.980
2.256
3.945
3.296
-2.336
3.114
4.396
-1.030
-1.797
0.291
0.781
-0.490
-2.498
3.884
-1.714
-0.867
0.612
-3.184
-3.367
-0.686
2.332
0.801
-4.593
3.685
2.264
0.808
0.744
1.966
5.933
2.463
1.061
-2.595
0.745
2.206
0.074
-0.905
1.679
-2.021
2.433
-0.695
-4.744
-0.741
0.213
1.676
1.399
-2.747
0.643
-0.932
-0.515
-2.046
0.228
7.868
4.805
-2.047
0.508
-0.404
0.691
2.549
0.040
-1.359
3.126
-2.612
0.804
-3.217
-2.113
2.137
-1.281
-4.154
-1.384
-1.641
-2.680
1.670
-3.362
-1.061
0.670
-0.473
-0.620
-1.384
-2.575
-1.178
1.928
-0.692
0.751
3.031
1.790
-2.713
1.425
2.864
-1.047
-3.455
-0.708
0.801
1.772
-0.900
-4.535
-2.713
1.214
5.128
0.297
3.501
-2.187
-1.204
-5.267
1.237
-1.795
1.788
-0.856
5.202
4.654
-5.178
1.769
-1.434
1.903
-2.875
3.809
2.824
-3.043
-0.085
0.740
2.076
0.321
2.237
0.180
1.818
-2.933
0.288
3.110
3.737
0.765
0.112
3.633
0.108
3.097
0.094
0.446
-2.301
-2.648
2.698
4.485
0.604
-0.049
2.804
1.160
-5.406
2.735
-2.859
0.322
-0.710
-1.188
0.463
2.495
0.425
3.734
4.032
4.010
0.216
-0.798
0.269
3.051
2.907
-5.878
1.084
-5.333
0.304
-0.920
-1.659
2.388
-1.203
0.327
-1.888
0.527
2.653
-1.757
1.886
0.486
0.464
-0.491
2.206
1.960
0.030
0.836
2.133
1.650
-0.386
3.148
2.424
5.417
-3.417
2.035
3.115
2.762
-0.257
-2.922
4.045
-0.806
-0.359
5.310
-2.705
2.315
-1.459
-1.512
0.752
1.973
2.630
2.946
-1.346
-2.394
-0.472
1.184
-0.144
-8.366
-4.035
-0.227
2.402
-1.821
2.109
-3.241
0.963
0.981
1.475
-2.070
-3.364
2.093
-3.313
-1.500
3.690
0.758
1.235
1.849
1.764
0.299
-1.813
6.792
-0.352
1.145
1.406
-0.929
-0.672
3.922
-1.424
1.340
2.500
-0.164
0.125
2.647
0.020
-4.635
3.959
-1.991
0.867
-2.813
-0.876
-0.698
0.768
-1.755
5.109
0.409
2.465
0.329
2.743
-4.692
-1.341
-0.902
-0.922
1.595
1.759
0.172
0.232
6.207
1.129
-4.990
2.198
1.693
3.132
1.786
-1.821
2.486
0.588
2.861
4.065
0.058
2.452
2.831
0.731
5.049
2.859
-1.055
0.974
2.414
4.958
1.840
1.045
3.383
-0.177
-2.026
2.039
-0.558
6.868
0.957
2.054
-1.158
3.385
0.285
0.051
0.109
-2.749
-0.251
1.661
-3.359
2.802
-0.294
0.937
-5.012
0.890
-2.154
-0.494
-3.412
-1.767
-0.043
-0.302
2.473
-4.133
0.227
0.112
-0.749
-1.842
2.995
5.265
-3.764
-1.868
-2.060
-0.326
3.364
1.616
-0.019
0.389
-0.416
2.123
2.415
1.769
-4.922
0.382
-0.098
2.729
0.924
1.686
-0.839
2.605
3.311
-3.555
-2.761
2.180
-0.064
2.819
0.930
2.013
-1.443
1.166
1.172
-1.303
2.754
-4.199
0.848
-2.756
-2.104
2.716
-2.290
-2.391
1.743
-2.316
2.794
1.897
-1.516
2.703
-4.303
1.484
-2.641
-0.906
-0.751
3.425
-0.853
0.161
-0.702
-2.008
-2.123
1.091
0.287
2.180
-0.231
-0.153
2.188
-0.543
-3.105
2.384
-1.275
0.511
-1.154
-1.984
-4.207
1.164
-7.795
3.466
2.827
-1.833
4.162
5.296
-0.306
1.336
0.677
3.983
-2.992
-0.196
2.557
2.302
0.247
3.692
0.910
0.623
2.023
0.204
0.471
-1.540
7.390
-0.786
2.100
4.931
-2.873
1.817
0.406
4.657
-1.832
-1.455
0.230
-0.834
-0.752
5.218
0.655
-1.533
-0.586
1.322
1.160
-1.035
-3.557
0.229
0.164
-1.201
3.421
1.729
0.674
-0.516
4.509
-2.421
-0.842
-0.736
1.068
1.936
-2.858
-1.293
1.424
-1.246
-0.614
0.764
-2.002
1.016
1.820
0.442
3.771
2.091
0.252
-0.421
4.561
-1.237
-0.303
-0.634
1.305
5.762
0.942
-0.423
0.803
-2.801
-0.101
4.440
1.939
3.304
2.782
-1.351
4.939
-3.913
1.148
-4.593
-3.762
2.595
-1.309
3.338
-4.868
0.138
-2.568
-0.438
4.066
4.650
1.581
-3.477
-2.546
0.734
-1.584
1.929
4.372
-2.008
-1.798
-2.483
-0.260
0.475
0.402
2.504
1.293
0.209
0.448
0.555
0.211
-1.275
-2.537
0.691
-0.848
1.610
0.523
0.386
2.713
-3.021
4.596
-4.894
3.832
0.832
-0.908
-3.182
-1.089
-0.043
0.818
3.819
0.526
1.117
1.190
-0.436
-0.111
0.093
1.853
-1.841
-0.866
1.205
-2.234
0.623
-0.960
1.563
3.647
-0.957
2.168
0.831
-0.571
0.366
3.465
-0.062
3.492
0.062
-3.040
-0.002
-3.227
-0.413
-0.505
4.710
4.212
0.555
3.257
-0.605
-3.075
1.617
1.217
-1.900
-1.794
2.605
-3.690
1.690
-0.405
1.693
2.722
-1.748
-2.386
3.869
0.213
1.137
2.536
-1.957
2.515
1.886
3.878
3.836
0.502
2.157
0.457
0.699
-2.359
-0.189
-3.957
0.020
3.518
2.217
0.619
-0.135
-0.947
-1.854
2.315
-3.334
-3.389
2.520
0.849
0.458
0.847
5.174
0.484
1.054
5.289
0.197
4.493
-4.707
-2.439
-1.253
1.752
4.608
-1.068
2.698
5.719
4.105
-0.619
2.435
1.165
-1.233
1.376
-0.787
0.648
-2.958
-3.881
-0.338
1.114
-2.357
1.613
0.453
1.911
2.620
3.575
1.798
-0.359
0.803
5.940
2.715
0.522
-0.011
-1.086
-2.499
4.449
1.498
-2.695
0.049
3.399
-0.723
-1.605
1.206
1.930
-0.720
-1.089
1.455
-2.350
-0.942
0.061
2.124
-0.676
1.702
3.148
-0.865
8.085
3.757
1.004
-0.086
-0.983
4.337
0.855
-3.103
-3.759
0.620
0.673
-1.851
-3.285
-4.361
-1.472
-0.521
2.010
0.037
2.904
1.802
1.582
2.700
-2.978
-0.937
6.113
-4.225
-0.365
1.493
-4.155
-1.456
5.140
0.759
-1.029
0.855
-1.033
4.460
-2.028
-0.905
-3.231
-0.359
-0.069
3.220
-2.090
1.511
0.558
-4.192
-1.391
-1.486
4.389
1.660
0.697
-9.959
-4.230
2.097
2.227
-1.431
0.416
0.246
0.757
-0.543
2.307
3.005
-1.953
-2.516
-1.561
0.467
1.204
2.242
2.681
1.220
0.901
4.307
0.362
1.766
1.119
-0.066
-0.050
3.523
0.133
-0.496
-1.419
1.364
-0.879
1.146
0.777
-0.676
-2.999
-2.120
-1.742
-2.060
1.443
5.460
-0.876
-0.572
-1.053
2.408
1.373
0.310
-2.561
-1.973
0.771
0.886
0.311
1.946
-2.584
1.079
0.945
-1.949
-1.102
2.014
-2.383
6.263
1.684
0.212
-0.255
2.242
-0.637
-0.539
3.836
-0.782
0.677
-1.475
0.972
1.743
4.389
-1.900
-3.125
-0.290
-1.131
0.313
1.603
5.786
-0.734
-4.955
-0.221
1.191
-1.977
0.911
0.680
0.974
2.249
0.152
1.664
-3.968
-1.960
-0.470
-2.062
0.366
-0.475
-0.742
2.471
0.551
-2.251
-1.098
2.158
0.829
3.220
2.382
-0.584
3.795
3.993
-3.935
0.426
-0.970
-0.275
-1.609
-1.909
2.513
-2.453
0.574
-2.888
3.397
0.422
2.139
0.818
-0.258
0.514
3.968
-1.804
-5.768
-1.538
-2.552
2.673
-0.072
2.336
0.427
0.371
0.743
3.902
0.798
3.012
2.858
-0.042
0.173
-0.557
3.430
-1.909
-1.385
-0.313
-2.406
-1.069
3.077
1.913
-0.660
2.277
5.347
1.101
3.759
2.394
-0.357
0.824
1.613
-1.438
-5.912
-1.652
-4.830
-1.453
-3.748
2.462
-2.488
1.656
2.190
2.034
-4.134
3.044
1.359
2.280
4.742
2.256
-2.488
1.918
-3.259
0.199
-0.858
0.374
-3.273
-2.997
-0.728
-0.184
-0.672
3.831
1.367
1.301
-0.568
-2.990
0.340
4.687
0.889
3.022
3.325
1.693
0.879
-2.021
-0.150
-0.516
1.142
-3.044
-0.939
1.320
-1.335
-1.847
-1.549
-0.304
-5.364
-1.441
2.637
1.127
1.358
-4.036
-0.644
0.072
1.464
3.016
2.641
-1.055
-1.000
3.739
-0.514
-2.248
-0.147
3.588
-1.822
-0.679
-1.722
2.645
1.041
2.572
4.106
-3.279
-1.472
-0.690
0.515
1.564
-0.829
-1.311
2.646
1.661
1.108
-4.800
3.246
0.792
-0.039
-1.616
-1.169
-1.788
-4.444
-1.612
-3.488
0.205
-2.412
2.102
-3.644
3.217
2.358
-2.209
0.124
-1.701
1.739
4.670
3.185
-1.301
0.625
4.003
1.608
2.774
1.913
0.533
0.183
-2.556
-1.488
-1.814
-0.493
0.589
0.091
0.868
1.944
-0.647
2.121
3.082
1.346
-0.957
2.622
1.508
1.835
4.034
2.053
4.128
-0.006
-0.685
3.107
-2.016
4.882
3.475
0.560
3.233
1.940
-2.746
-1.609
1.036
0.733
3.490
1.075
-2.695
-0.959
2.133
-4.024
-3.037
-0.544
2.574
-0.170
1.456
0.362
0.012
-1.219
2.366
-2.660
-0.211
3.101
-1.484
-3.385
-4.730
1.949
2.111
-0.476
-2.700
-0.001
3.177
-2.696
2.890
-3.719
-2.379
0.612
2.624
3.882
2.730
4.075
0.787
-1.142
3.192
3.622
2.584
1.820
3.691
1.171
0.301
2.091
1.496
2.475
0.033
2.532
2.408
0.862
-1.451
3.327
-2.553
-1.948
0.753
-5.669
4.053
0.385
4.045
4.680
-0.022
3.587
-2.194
1.390
-0.786
2.022
2.468
-0.034
1.658
2.617
0.801
6.444
0.021
4.324
3.099
-4.114
3.933
2.927
0.624
1.235
1.533
3.651
-0.641
4.156
-2.252
-3.874
1.774
3.372
-0.081
-5.084
-3.228
1.397
0.326
3.432
0.525
-1.427
1.092
2.787
3.593
0.084
0.512
2.220
-1.447
2.118
-0.207
0.169
0.356
0.661
4.943
-0.776
-0.652
3.822
1.417
2.192
-2.123
0.941
2.295
-1.268
1.858
-0.141
-1.199
2.782
3.081
0.659
1.432
3.529
-0.599
1.187
-0.577
-2.094
-0.597
-2.350
1.371
-1.503
-3.003
2.132
1.976
-0.443
2.038
-1.585
-0.544
1.328
2.831
-0.568
-1.080
2.708
1.820
0.707
3.185
5.023
1.228
-1.066
1.544
-1.618
3.331
-1.334
-0.114
-1.660
0.787
0.872
2.132
0.637
0.461
-1.027
-0.337
-2.993
3.695
0.124
4.288
0.060
-4.215
-0.731
0.344
0.507
1.974
0.767
-0.459
-1.846
-0.625
1.801
2.410
-1.267
2.767
1.716
-1.779
0.942
1.237
-2.205
-2.911
1.487
-0.740
3.979
4.481
1.483
2.634
-2.107
-2.847
0.011
-2.738
1.088
-1.531
0.807
-0.065
1.880
1.133
-0.619
-2.934
0.740
-3.832
3.341
1.619
2.373
-1.977
1.205
-1.250
0.708
-2.046
0.150
-2.958
-0.034
-3.597
4.543
0.735
0.364
1.973
-2.768
-1.524
1.625
0.737
-1.377
1.905
1.077
1.563
1.285
-1.285
0.168
-4.107
-0.876
-0.239
1.854
1.579
-1.455
-1.508
3.487
-0.355
0.624
2.235
0.159
-0.014
-0.407
-0.872
0.693
-4.024
-0.517
1.647
1.367
3.737
2.360
1.330
0.419
-0.746
1.558
1.126
-0.548
-1.731
0.223
3.124
0.614
0.418
1.366
1.505
0.947
0.249
-0.870
2.762
-0.675
4.124
0.720
0.476
2.174
-1.218
1.727
0.627
1.336
-1.291
-1.313
-4.048
-0.747
-0.873
-1.252
0.073
0.504
1.549
1.708
1.911
2.012
1.011
0.483
2.580
2.014
-3.207
-0.065
-3.978
-4.025
-0.871
0.043
-0.668
-3.913
2.210
-1.347
1.525
-1.281
-0.844
1.391
-0.488
0.759
1.016
-3.075
1.497
-1.900
-2.317
-1.394
2.305
-3.491
1.912
1.165
0.528
0.942
-0.346
1.987
-0.674
-3.550
0.165
2.273
1.531
4.705
-0.258
-0.036
-0.210
-1.513
-0.786
-2.143
-5.155
-1.043
0.406
1.864
-1.032
-1.004
2.823
-2.845
-0.042
2.647
-1.350
-3.330
4.446
2.268
2.343
0.136
1.888
-5.627
-0.700
2.624
-3.000
-0.450
1.117
-1.532
0.368
1.276
1.075
-0.612
-1.640
1.301
1.164
1.046
0.625
1.166
2.455
1.094
0.585
-0.914
3.676
-2.345
-0.137
-0.872
-4.035
1.199
-0.138
0.427
-0.079
2.158
2.466
-2.293
4.587
-0.226
1.760
0.783
0.604
1.686
3.514
2.215
-0.234
0.148
-1.002
2.066
1.766
-0.471
3.534
2.927
4.726
-1.546
0.110
-0.122
6.599
0.374
3.386
2.833
0.149
0.483
1.605
3.369
-0.063
-0.871
2.587
-2.402
0.957
2.894
1.383
-1.011
-2.053
3.199
-0.072
-1.813
3.083
2.272
-2.174
6.384
-0.947
2.232
5.118
2.482
0.972
-3.087
5.248
2.426
-3.046
4.057
0.497
-0.316
-1.023
0.761
2.289
-0.837
0.656
8.463
1.492
2.668
-1.950
-2.908
3.865
3.180
4.463
0.159
3.360
-5.780
1.649
2.829
-1.302
2.884
-0.081
0.159
-0.271
4.145
-0.740
-1.034
-1.707
-0.535
0.818
1.883
-1.458
1.245
1.819
-1.889
0.502
0.146
0.527
-0.922
0.025
0.425
4.824
0.457
3.562
3.744
-2.816
-0.349
3.749
0.785
0.071
2.150
2.912
0.280
-0.318
-5.323
0.463
-0.565
-2.066
-0.143
-0.652
0.756
-0.320
1.423
0.767
3.407
-0.932
4.622
2.911
3.918
0.957
-0.325
-0.941
4.556
2.982
-2.069
2.696
-1.631
1.128
2.332
3.849
0.920
0.028
0.456
2.910
2.242
0.311
-4.122
-5.493
0.891
-2.485
-0.919
-0.195
5.334
0.644
2.078
1.561
-5.463
-0.609
-2.578
4.495
-4.016
-0.660
-0.276
-2.016
0.593
0.249
0.741
1.556
0.918
1.263
3.019
-3.609
2.030
-2.160
-1.192
0.641
1.337
1.620
-1.918
4.265
-0.653
-1.377
-2.703
-2.939
-3.010
1.104
1.800
-1.724
-2.391
-0.158
0.583
0.981
-1.964
-0.051
4.111
-2.517
0.280
1.550
-1.973
1.817
-2.864
1.873
0.454
-3.057
2.000
-1.800
-0.018
1.862
-1.965
-0.918
3.053
-4.618
3.755
-3.164
-1.328
1.028
1.798
1.065
0.463
-0.697
4.097
2.205
3.171
-0.661
-5.238
2.798
1.205
0.789
-1.012
-0.485
-1.088
0.458
-2.376
2.180
5.238
-1.084
-3.473
0.105
1.107
1.438
4.196
2.308
-3.998
-2.616
1.324
-0.740
3.986
-1.899
2.656
-1.208
0.979
-1.637
1.691
2.925
0.957
4.932
-1.379
0.585
2.380
-1.929
0.499
1.944
2.580
3.090
-1.736
1.042
-2.806
-1.388
-0.068
3.096
1.617
0.446
1.427
1.601
1.236
-1.030
-1.946
-0.186
-1.555
1.841
4.019
1.703
-3.994
-1.170
0.394
-3.094
0.425
1.476
3.731
4.715
-2.510
0.070
0.100
-1.361
0.587
0.158
1.823
3.606
0.668
-0.826
-2.111
5.252
2.527
1.309
-0.048
4.219
-0.033
-3.759
0.986
-2.597
0.995
3.576
-3.664
-1.809
2.425
-0.849
1.346
1.352
2.485
-1.202
-5.774
1.302
-3.416
2.594
0.249
-0.360
2.007
-3.830
-0.130
1.425
0.957
-0.823
-0.799
4.054
2.540
-1.244
3.586
2.162
1.522
1.614
-2.401
3.963
2.634
0.938
0.935
0.130
-1.015
1.633
-1.559
0.712
0.584
1.274
2.609
1.318
2.015
-4.306
1.455
0.530
1.242
-0.920
3.112
0.951
-1.438
-1.014
2.517
0.145
0.339
-0.125
2.777
1.508
-2.499
-1.992
0.361
-1.193
-4.835
-1.438
-0.318
-0.610
2.080
-5.013
-1.504
2.260
-1.252
-2.557
-1.284
1.421
-0.258
-1.390
1.506
1.250
-2.682
0.577
-2.769
3.158
3.305
-0.340
2.906
-1.465
0.014
-1.053
0.291
0.509
0.344
0.134
0.655
3.363
-4.476
4.960
-0.492
0.163
3.540
1.806
1.634
3.340
-0.045
2.556
-2.675
1.352
1.698
3.101
2.049
0.841
-0.412
-0.439
-0.419
-2.765
4.534
2.747
0.961
2.306
2.157
-2.033
1.878
3.397
-1.277
-3.331
-2.439
0.119
-2.577
-0.063
-1.221
0.348
-0.873
0.264
1.796
-1.949
1.025
-1.695
0.336
0.154
1.203
0.793
3.323
0.287
-1.156
2.581
1.144
2.472
0.062
-2.791
5.735
-1.096
-2.436
2.071
-1.918
-0.592
0.649
0.006
-0.522
4.165
0.082
-1.809
2.695
-1.384
0.088
-1.821
0.857
0.445
0.280
0.710
2.313
2.037
-2.145
-1.269
2.568
-1.529
1.531
2.365
-3.590
-0.625
2.306
-0.003
-0.620
2.345
2.999
-1.278
4.591
-3.932
-3.267
-0.741
-0.453
-0.343
-0.933
-1.391
-0.179
-1.066
1.987
0.423
-0.181
0.177
3.024
-0.810
-2.706
-1.996
-0.209
1.506
2.462
4.307
2.124
-1.769
-0.138
-4.843
-0.398
-1.102
-5.201
5.408
-0.557
-4.707
-0.308
4.312
4.927
0.490
0.581
3.291
-0.011
1.455
2.365
-2.232
4.038
-1.761
-1.171
0.590
2.605
1.976
0.231
1.032
2.926
0.370
-1.599
-1.097
2.532
-1.597
-3.413
-0.380
0.169
2.415
-3.149
1.182
3.113
-1.612
0.546
-4.811
2.446
2.259
0.302
-2.835
1.951
-0.238
-6.323
2.218
3.143
3.564
-2.715
-4.250
-0.635
1.593
-1.913
-3.468
2.089
-0.478
1.844
0.388
-0.049
0.196
-0.510
-0.751
-2.293
1.510
3.344
-0.851
4.829
1.254
0.970
1.922
2.690
-0.741
1.682
2.862
-0.561
0.361
-1.491
-0.833
-0.489
-1.820
0.199
1.144
1.377
-1.590
-1.105
2.392
-1.111
2.328
-1.408
1.255
2.156
-6.009
2.434
3.480
-0.391
1.180
-1.664
1.222
6.257
-4.922
-0.852
2.262
3.378
-2.968
-1.182
-1.043
-1.217
0.071
-3.079
-0.261
-1.897
0.185
-1.342
-0.056
-2.137
2.636
-0.431
0.383
0.000
0.367
0.355
2.282
-0.337
-1.378
0.450
-1.121
0.170
-2.175
2.869
-1.523
3.229
0.203
2.405
-1.492
-4.370
-3.607
6.357
-1.085
2.981
-2.765
0.779
1.186
7.157
-0.413
-1.357
1.192
-1.869
1.333
0.222
-1.459
1.537
0.610
2.175
4.316
-0.854
-0.638
-2.880
1.600
-1.197
1.179
3.147
-1.293
-0.788
2.785
2.048
1.794
-0.589
-3.097
-1.358
-2.073
1.746
1.033
-1.087
-0.677
1.492
-0.416
-1.045
5.099
-0.969
1.955
1.292
-3.306
-1.280
2.316
0.034
-3.166
1.297
-1.048
1.396
6.801
1.268
1.819
-0.260
-2.337
2.807
-1.104
-0.200
4.654
-0.460
3.267
1.280
-0.977
1.169
-1.369
2.521
3.343
0.468
3.572
0.734
2.545
7.433
6.290
-0.088
1.054
-2.179
2.267
1.284
-1.508
3.198
-0.287
-0.900
1.309
-0.766
0.274
4.541
-1.125
1.971
-1.050
-1.986
0.154
6.793
2.226
1.459
-0.909
-0.573
-3.210
4.658
0.995
0.787
0.839
5.366
1.069
-0.112
4.668
0.039
-3.710
-3.315
-0.110
1.050
2.323
-1.854
-0.191
-1.593
3.023
3.428
5.050
1.194
4.827
-1.313
0.868
-2.196
1.726
1.033
-5.539
3.013
2.403
-0.984
1.025
-3.235
-1.499
4.356
-2.420
0.373
-3.001
1.161
1.701
2.088
1.473
3.774
-0.980
-2.190
-1.059
-2.881
0.539
0.015
1.496
-3.529
0.319
3.265
1.723
-4.199
0.322
-1.409
0.381
-0.564
4.524
0.556
1.110
0.244
1.489
-0.171
2.206
-0.591
3.653
1.541
-0.016
2.371
1.533
2.336
0.556
-0.229
0.675
-0.851
2.700
3.876
1.740
3.754
3.054
-0.294
2.356
-2.729
0.797
-2.488
0.087
-3.105
2.976
-0.598
2.525
0.169
-4.076
-0.812
-0.924
0.315
3.969
4.367
-0.205
-2.675
-1.436
1.501
0.090
-3.431
-0.859
3.498
1.051
0.463
-0.583
-0.754
1.656
0.691
2.200
1.662
0.397
1.272
-1.072
0.234
3.568
0.376
-0.171
0.855
-2.447
0.880
4.421
-1.591
0.991
0.294
0.232
0.189
2.064
-2.285
2.003
0.516
-3.881
1.262
0.623
-1.742
0.735
-2.809
-1.293
0.439
-3.695
-2.413
-2.055
0.540
1.409
-1.793
-1.927
0.681
0.617
-1.331
4.739
0.793
-0.058
-0.577
2.771
1.658
-3.820
-1.320
-0.722
0.321
1.855
-2.218
0.159
4.428
0.420
-1.316
-2.852
-0.819
-2.239
-0.597
1.651
0.439
-0.802
-3.948
2.347
-0.496
0.609
-1.838
-0.631
-1.042
-2.851
-1.829
0.315
1.067
-1.291
-2.536
-0.505
2.221
-1.904
0.381
-1.235
3.058
-0.866
1.939
2.786
4.050
-2.898
-3.005
3.147
2.754
-1.131
-7.419
0.544
-3.292
-1.636
0.785
1.108
4.145
-0.545
-1.993
2.552
1.255
-0.522
0.426
-0.557
2.011
4.401
-1.391
1.360
-3.321
-2.224
1.700
0.181
-2.312
0.371
2.459
-3.123
4.542
1.725
1.773
0.347
4.543
2.660
-0.532
2.168
-1.410
-0.323
3.870
1.280
1.938
3.157
1.666
-1.597
4.337
1.589
1.758
0.484
3.016
4.946
-0.551
2.907
0.432
-4.445
-3.020
1.368
2.775
1.812
2.196
6.565
1.618
-0.286
0.046
4.274
-2.696
3.321
0.389
-1.646
-3.130
3.903
-1.708
0.500
-1.989
5.068
0.586
-2.881
-0.679
3.694
-1.994
-0.517
3.199
1.171
-2.577
0.886
-0.017
0.476
2.622
0.927
0.127
0.009
2.934
-1.379
-4.853
-0.191
1.258
-0.649
-0.911
-0.524
0.291
-2.766
1.937
-6.040
1.646
1.102
1.543
-4.278
1.053
-0.952
4.195
1.218
-2.474
-3.707
-1.125
2.298
3.116
0.785
0.542
-0.447
0.299
3.268
-0.482
1.931
-0.918
2.782
1.739
2.683
4.867
-5.847
2.159
1.476
1.424
0.927
0.926
1.157
2.524
2.333
0.290
-0.100
0.398
-0.641
4.623
-2.700
2.149
2.135
-0.923
1.061
3.381
-0.442
3.499
3.034
-1.354
-2.309
0.747
-2.627
-6.621
-0.825
5.568
-0.723
1.261
2.030
0.251
-0.451
3.299
0.446
0.131
2.264
-2.121
-2.681
-3.550
1.713
-0.043
2.333
0.472
-2.940
-0.503
2.502
-0.279
3.198
-0.739
2.076
-3.928
-0.193
-0.579
-3.005
3.019
-1.186
-1.434
3.473
0.737
2.222
-3.736
-1.567
5.357
2.400
-2.226
0.890
-2.040
3.695
-5.097
1.011
0.975
-2.320
-0.306
1.251
-3.918
-2.721
-0.022
-1.649
-0.762
0.302
-1.835
0.286
1.065
2.219
-2.640
-1.158
1.763
-3.207
0.605
0.417
-5.858
-0.836
1.144
-0.158
-0.788
0.725
2.723
1.640
-1.464
-3.152
1.597
-2.477
-0.917
0.832
3.102
3.436
0.496
-0.873
-2.532
5.051
-0.346
1.977
0.822
-0.839
-0.941
-2.969
3.044
0.061
3.781
-0.727
-0.365
-2.370
-0.397
-2.626
1.316
0.609
3.890
-3.149
3.268
-1.998
1.176
-2.399
0.837
-5.675
-1.259
0.605
4.563
-4.757
0.345
-0.895
-4.249
-2.350
-0.781
1.471
0.561
-2.800
-4.052
1.352
-0.119
4.217
-0.496
3.094
1.655
2.322
1.388
1.440
-5.150
-0.219
-1.243
3.400
-2.054
-0.323
2.272
1.072
0.752
3.012
0.974
-0.958
-2.761
1.518
-1.498
-0.229
2.938
-0.181
-0.716
-0.321
-0.256
-2.029
4.376
-0.968
2.233
-2.094
1.669
0.756
0.410
0.770
1.348
-0.195
-0.075
1.736
-2.391
-2.761
0.779
-4.473
-3.689
4.683
4.069
-1.020
2.748
2.831
1.481
0.161
1.853
2.265
1.891
-3.368
5.229
6.118
-4.232
1.576
5.260
2.755
2.781
-3.102
2.249
0.924
2.222
-2.135
-2.222
0.008
-0.560
-0.028
-0.801
-0.132
-1.249
0.234
-3.067
1.584
0.975
-2.678
3.533
-1.634
3.203
1.141
2.751
0.773
1.710
2.725
4.927
2.929
1.426
-2.886
-5.448
0.037
-1.365
-1.277
0.152
1.941
-1.140
2.498
0.430
0.440
4.850
0.777
0.220
1.607
4.663
0.238
1.405
0.090
0.103
-0.826
-0.994
4.421
-0.979
-3.348
0.651
2.793
3.332
-2.517
3.021
5.291
-1.292
-0.068
-2.606
4.799
-3.232
-0.609
2.233
-1.292
-2.024
0.225
6.086
-0.264
-0.147
-2.327
1.274
2.471
-1.105
1.636
-1.086
-4.195
1.448
5.329
-2.520
0.781
3.493
0.105
-3.074
0.458
3.927
-0.866
0.907
-2.178
0.111
1.278
0.652
-0.686
1.413
1.957
2.115
-0.353
-1.140
5.061
0.680
-0.268
-3.195
-1.888
-1.192
1.405
-0.505
0.386
-3.090
3.721
-1.420
0.914
-0.923
-0.414
-1.556
1.061
-2.003
1.104
0.065
1.862
2.099
-0.412
1.228
-0.726
3.509
-0.512
-0.134
-0.775
-1.409
5.231
1.517
0.513
-0.793
3.021
-0.960
0.640
5.637
-1.947
1.645
1.043
1.618
-0.334
-1.071
0.894
-0.744
-5.246
-1.629
-0.410
-2.237
0.712
-1.468
0.246
5.553
3.295
1.770
4.692
0.176
0.200
-2.183
3.418
5.047
2.528
3.766
-6.220
5.965
0.100
6.004
4.506
2.204
-0.473
0.730
-4.234
2.584
-5.782
-0.367
4.054
2.080
-3.322
-2.867
-1.084
0.538
2.454
1.800
-2.191
1.835
2.091
1.522
6.298
2.093
2.673
4.852
2.390
-0.973
3.332
-0.613
-2.008
-1.803
3.305
1.839
2.896
1.850
0.803
1.113
1.769
-1.096
-2.747
-0.814
1.656
-1.205
5.461
1.409
0.637
-1.105
2.548
-2.559
1.108
-0.695
0.640
1.517
-2.400
-3.660
-1.886
2.460
1.246
-0.617
5.074
3.434
2.854
-1.388
2.828
1.168
-1.383
0.100
-2.142
-1.362
-2.396
2.646
0.180
-1.910
1.592
0.354
2.871
0.670
-3.099
-0.842
-2.427
1.701
2.953
-3.356
0.051
3.117
-3.392
-0.694
0.349
2.912
1.657
2.148
1.796
-0.546
4.294
-1.260
-6.318
-3.971
0.069
-0.446
-0.937
0.710
3.231
1.440
1.907
-2.241
-0.897
2.031
0.609
1.495
1.823
0.749
4.147
-0.926
-1.616
-3.886
2.147
-1.018
3.388
0.945
-0.463
-2.181
2.382
0.221
0.993
1.801
0.988
-1.690
1.601
2.318
1.215
1.868
2.091
-0.601
-0.691
5.694
3.532
0.234
1.989
-1.900
-1.087
-2.643
1.036
1.064
2.951
-0.159
2.910
1.917
6.252
4.351
3.931
2.356
-1.796
1.053
5.744
1.567
-1.622
1.156
-2.025
-1.705
1.341
2.125
-1.565
-0.993
-3.073
0.040
-4.320
-0.368
0.541
-3.864
-2.067
0.206
-0.122
-0.011
1.041
-3.662
2.051
-0.415
-1.081
-4.126
-0.292
1.579
0.690
0.760
-0.464
0.205
-2.308
0.339
-0.829
-2.350
2.161
-3.430
1.608
1.759
-0.915
2.823
-0.966
-1.117
-2.531
0.330
-1.951
-1.550
0.193
0.294
3.364
2.584
1.672
-0.002
-0.620
0.286
-0.985
-1.332
0.161
-1.758
-1.611
2.642
-2.961
-2.145
3.406
-0.591
3.652
-2.452
0.527
2.202
-1.824
4.368
-0.587
1.572
-1.277
3.930
1.078
5.383
3.180
2.359
-1.942
0.551
-0.410
0.413
0.705
-1.812
-0.026
0.119
-2.075
2.271
0.884
2.302
1.519
-3.763
-1.650
4.318
2.234
-3.542
1.478
-1.647
-4.682
4.327
0.531
0.871
-2.666
-2.418
-3.470
3.751
-3.594
4.230
-2.018
-2.597
0.217
-1.292
0.584
-1.755
-0.402
-1.470
2.417
1.580
0.945
2.879
0.982
0.779
0.062
-1.369
-1.364
0.703
2.793
1.719
1.705
-2.305
1.605
-0.608
0.772
1.675
-2.425
0.728
0.917
2.747
-0.891
0.203
0.758
-0.890
-0.934
-1.027
0.043
4.543
0.129
1.520
0.426
-0.388
0.292
2.196
0.222
-0.036
-0.213
-2.034
2.846
-0.723
3.877
0.937
3.724
-0.130
-1.410
2.854
-0.996
3.435
1.739
3.865
-1.994
2.646
-1.433
-5.401
2.500
0.335
2.660
0.571
0.402
3.944
0.634
-0.791
0.138
0.728
-6.477
1.529
3.611
0.232
-0.660
1.281
4.535
1.476
0.864
-0.587
-2.217
0.406
0.450
-4.287
-1.394
3.131
-0.269
-5.544
4.193
-1.790
-0.779
2.899
-1.431
-4.378
0.872
2.262
-0.776
0.055
-2.482
-2.039
-0.422
1.907
0.585
2.798
4.319
2.478
-3.466
-0.331
2.455
0.063
-3.536
-0.975
-5.104
-0.316
-1.294
-0.516
3.186
-2.845
-1.374
-2.390
2.921
3.065
1.214
1.090
-2.531
0.828
-2.343
0.449
-0.474
-1.076
0.418
1.975
4.611
1.672
5.817
0.832
4.631
1.395
0.925
-0.054
1.068
1.386
-3.052
2.030
-3.212
2.033
1.787
3.761
-1.719
-2.019
3.007
-2.230
-2.466
0.851
0.238
0.723
1.641
1.654
0.163
0.466
0.189
0.435
-2.980
2.165
2.868
1.880
1.695
-2.027
-3.047
2.344
0.419
0.757
0.865
0.967
1.902
0.121
-4.222
2.002
1.736
-2.757
-2.449
2.469
3.036
-6.043
1.408
-0.180
0.528
0.665
-1.479
1.916
-1.302
2.143
2.676
-1.743
-1.685
0.623
3.959
-1.073
-0.618
1.121
1.926
1.615
0.428
-0.383
1.146
-7.331
4.836
-0.096
0.788
5.389
-1.429
5.947
2.125
1.422
1.895
-1.670
-3.607
-2.483
2.960
-1.895
-3.620
0.160
1.729
0.443
1.805
3.122
1.721
-0.020
-0.956
2.200
1.011
-1.716
3.475
0.979
1.917
-0.591
3.064
-3.455
4.371
-4.303
-2.954
0.954
-0.924
-0.438
-0.925
-1.529
1.111
0.233
2.474
0.542
-0.650
2.209
-4.047
-5.846
-3.461
-0.474
1.290
-6.061
0.322
-0.501
0.679
-4.228
6.627
0.428
-2.571
0.661
3.938
-2.738
-3.238
0.067
0.272
2.053
3.891
2.222
-2.980
-2.221
-1.566
2.216
1.806
3.378
1.689
-1.156
-0.122
-3.157
1.858
-1.153
3.288
1.791
5.001
1.358
1.313
-0.088
-0.573
-0.271
2.748
-2.887
0.502
-3.649
1.245
-0.750
1.559
-1.432
-0.267
1.868
0.652
4.053
-0.806
-1.013
3.318
-0.531
-0.642
1.269
-0.043
-0.398
-1.313
3.620
-0.012
-0.999
-0.363
1.202
3.857
-0.056
-1.721
4.955
0.675
0.096
0.522
-2.639
0.241
2.173
3.278
-0.510
0.801
3.321
0.440
2.077
1.368
-1.244
-1.849
2.892
-6.069
-1.255
-2.999
2.896
3.625
-1.388
6.986
3.655
0.823
3.950
-1.190
-0.314
1.462
-1.311
-2.732
-1.901
-0.122
1.476
-0.461
-3.586
1.479
3.406
-1.234
4.341
2.435
-2.180
-1.205
-0.401
-0.095
-5.502
-1.458
-0.979
4.887
0.895
-1.565
-0.702
1.370
-0.557
-1.055
-0.978
1.501
-2.966
-2.259
-1.876
-2.300
-1.627
2.502
2.837
1.002
0.866
-1.258
-4.645
0.695
1.065
-1.267
-2.233
-2.706
0.752
0.547
3.217
-1.583
-0.341
0.391
-0.970
2.364
3.322
-2.303
-0.749
3.529
1.126
0.631
1.169
1.924
1.284
0.863
0.373
3.586
-0.289
0.353
4.075
1.132
0.190
1.864
0.895
-1.424
0.938
-1.591
4.734
0.923
-1.902
-0.592
2.173
-2.269
6.879
-3.143
2.572
-0.818
-1.591
1.641
-0.739
4.170
-3.013
1.699
-0.311
1.061
1.584
-3.806
0.912
2.964
1.469
-0.535
-3.043
1.569
4.853
1.938
3.129
2.589
-0.593
0.567
2.434
-3.441
1.914
3.371
0.227
2.304
-0.980
0.442
-0.305
1.454
0.099
-3.673
-1.374
5.012
1.712
-4.685
3.249
-2.417
2.494
3.451
0.594
-2.043
-1.366
1.860
-2.375
-1.047
1.581
-1.213
3.760
-2.141
-7.542
-1.518
1.094
2.422
-0.630
-0.315
0.276
4.531
1.259
-0.833
5.274
0.377
-4.631
-2.978
1.690
-3.915
1.545
-1.522
3.177
0.752
-3.579
2.544
3.623
-2.714
-1.577
1.556
1.986
5.998
2.488
6.112
0.397
1.271
-1.014
-0.904
0.703
-1.048
-5.804
-1.250
2.934
0.525
0.538
-1.482
1.149
4.331
3.712
1.228
-1.699
4.591
2.892
-3.204
-3.866
-3.071
-0.835
2.514
2.457
1.168
0.013
6.041
0.432
0.141
-0.868
5.659
2.080
-2.133
-2.417
-3.682
0.118
-3.246
-2.452
2.914
2.488
3.929
-3.179
-2.056
-1.159
4.286
0.501
4.723
1.856
0.080
1.727
-3.801
-4.580
0.972
0.385
4.991
-2.959
1.244
2.019
1.173
2.987
-1.168
2.347
1.698
3.148
-0.877
-2.497
-1.159
-2.201
-1.006
-0.452
-1.837
0.369
-2.480
0.174
-0.839
0.059
1.294
-0.654
-1.517
-1.221
2.805
3.413
-0.886
-0.021
-3.741
-0.087
-3.134
-0.822
2.936
-3.255
-1.815
-1.803
-3.655
2.420
1.015
4.691
-2.039
-3.903
2.609
-0.516
-0.770
3.897
0.757
2.520
-1.144
-1.390
-0.527
1.959
0.472
1.473
-5.898
-4.167
-4.819
-0.560
-3.004
4.405
0.299
0.870
-2.266
-2.340
4.073
4.628
1.348
-4.526
-0.671
1.102
-0.197
-4.738
4.789
-1.655
-2.869
0.276
3.192
1.581
-2.808
-3.203
-4.910
-0.350
-0.785
1.583
-1.295
2.687
1.921
-1.399
1.289
3.540
-1.956
-0.162
-0.209
-0.509
2.275
2.465
1.326
1.211
-0.999
1.143
-2.734
6.299
3.591
2.646
1.330
1.332
-3.706
-2.671
-2.372
0.490
-0.326
2.297
-1.967
2.814
-1.619
-0.653
2.499
1.561
-2.653
2.904
0.564
-4.791
-1.672
-0.633
-2.456
3.573
-0.549
1.454
0.846
2.044
4.365
1.972
4.532
2.035
0.666
1.121
-5.951
-0.742
0.005
1.401
0.289
1.151
-2.826
-3.445
-2.490
4.121
-2.693
-1.543
0.602
-3.470
-1.744
1.974
-0.701
4.390
-3.727
-0.479
-0.701
0.329
-2.594
-1.043
2.244
-0.297
-2.217
5.342
0.468
1.822
2.184
0.180
-1.545
0.828
-1.330
1.242
-0.044
2.821
-2.390
2.074
1.823
-0.224
2.102
1.355
1.951
1.798
0.470
-1.081
-1.109
-0.165
2.374
1.867
2.764
3.005
-0.171
5.060
0.100
-0.835
1.150
1.511
-1.430
-0.031
-0.723
0.690
2.260
-0.288
1.725
-2.983
2.485
-0.738
-0.781
1.311
1.437
0.080
-1.783
-0.801
0.579
1.526
-1.625
-1.186
0.981
0.150
0.702
-5.925
-0.358
2.398
-1.128
1.518
-2.551
-3.401
1.353
0.219
-0.456
2.382
-0.398
-1.168
-1.428
-1.936
1.470
-0.399
3.092
-6.736
2.565
1.213
0.132
-2.749
-3.634
2.153
0.931
0.886
0.104
2.390
-1.056
-0.457
-0.074
-0.163
3.558
-2.661
-4.341
-3.140
1.991
0.108
-3.487
0.589
-0.428
1.693
2.256
6.394
-2.487
-4.121
1.764
2.718
-2.712
-2.709
1.176
4.465
-1.754
0.559
-4.208
-0.127
0.077
3.872
-1.346
1.997
-1.502
0.567
5.336
4.653
5.055
1.304
-0.155
1.034
1.469
1.284
-1.357
-1.454
-1.081
2.919
3.180
7.990
1.372
-1.542
-0.799
-0.028
3.965
2.109
-2.882
0.214
-3.182
1.772
-1.346
-1.117
-4.159
2.166
3.251
-1.313
-0.039
-0.800
-0.174
-1.617
-2.291
3.635
-5.985
1.560
1.030
4.319
-0.217
-0.541
-1.590
1.203
-1.350
-2.359
-1.419
-1.922
-2.064
0.555
-0.117
1.669
0.703
-2.537
-4.744
-2.185
2.183
2.129
2.713
2.361
2.959
1.325
4.677
1.055
5.148
-1.153
-1.215
-0.112
0.260
-0.421
1.645
0.104
-1.107
-0.600
3.272
1.111
-3.673
3.975
1.390
1.884
2.580
2.704
-1.856
-2.219
6.101
-1.325
1.259
4.266
-0.714
-0.514
2.574
0.861
1.538
0.157
-0.913
-0.449
3.216
-0.359
1.379
-1.975
5.247
1.115
1.165
2.573
-0.804
3.215
-3.289
-1.125
-1.573
-4.163
-0.919
0.225
-2.266
-2.612
0.449
0.158
-0.288
-2.689
-0.597
-1.249
0.556
-0.991
0.257
-2.796
-3.002
1.688
2.187
-0.593
0.416
-0.729
2.983
-0.137
-0.847
2.669
-1.508
0.726
-2.166
1.945
2.307
-2.743
-3.117
1.043
5.008
2.472
-0.160
-1.700
-2.569
2.071
2.565
-1.165
-0.242
0.463
4.701
0.506
-2.004
-2.426
-1.837
3.384
1.582
-0.479
-6.671
-1.696
1.176
1.195
1.174
-2.884
0.775
-1.992
0.355
-1.493
2.919
1.160
0.006
3.663
-0.544
-3.046
2.884
0.955
-0.415
-1.195
1.576
2.303
-1.490
1.707
0.951
-1.641
0.359
-0.962
3.327
-1.207
3.971
0.665
-3.839
-4.865
-0.151
3.551
3.303
0.749
-1.419
-0.652
0.848
2.960
1.716
2.674
1.895
2.603
-5.077
-1.792
-2.302
-2.530
0.363
-3.123
-1.915
0.113
-3.499
-0.817
1.883
-2.591
2.261
-1.585
1.002
-2.305
1.438
-0.379
1.469
-0.958
1.685
2.383
0.637
-0.801
-0.211
-2.684
0.837
1.845
4.109
3.490
-1.996
0.859
0.031
3.273
-1.352
2.457
-2.019
0.096
-1.773
-4.366
-1.821
-0.268
3.773
-2.260
-1.104
-3.107
3.123
-0.755
-0.462
-0.485
-4.331
-3.170
-1.934
1.828
-5.648
1.649
1.173
-4.006
-0.411
3.143
-2.219
-0.975
6.977
1.132
-0.269
-0.795
1.245
1.994
-4.824
-5.011
-2.045
-0.019
0.531
-3.738
-0.141
0.178
-1.690
-0.933
-1.394
1.464
0.366
-2.391
2.642
-2.932
-3.761
-0.238
-0.251
0.525
-2.485
2.493
4.465
0.298
1.108
-4.726
-0.694
-1.320
-1.709
-1.228
-0.989
-3.142
-0.819
-2.150
2.242
1.143
1.146
2.694
-1.633
0.997
2.919
-1.801
-4.520
-1.308
2.646
-1.937
-0.766
-1.521
-0.107
-2.166
-3.209
-0.708
-0.299
3.030
0.509
-2.462
-1.406
2.062
-0.667
-2.273
0.548
-1.546
1.498
1.221
-2.404
4.634
0.055
-6.043
1.263
-5.886
2.846
0.487
-0.001
0.147
1.554
-1.006
0.122
0.430
-6.768
1.572
1.977
1.232
1.062
3.977
0.040
0.123
-1.419
-4.447
1.245
-1.160
-4.473
-0.034
-0.102
-0.406
0.472
-3.600
2.527
1.186
3.129
-1.185
1.178
-4.339
-1.854
-3.147
0.770
-2.505
-0.904
0.137
-0.832
-3.013
4.097
0.423
4.118
-2.330
-0.756
0.355
3.824
4.101
-0.896
-1.605
0.133
3.027
0.472
0.910
3.005
2.618
2.710
1.843
3.595
-2.566
5.748
2.895
-0.035
3.013
-0.484
1.490
1.771
2.419
-0.753
2.470
-0.711
2.104
0.307
-4.028
-1.418
2.385
-0.379
3.263
-2.562
2.021
0.236
-0.242
-2.478
0.854
-2.071
-1.177
0.012
-0.528
2.817
-5.866
-0.078
-0.521
0.330
-0.956
2.807
-0.269
0.669
2.491
0.475
-2.696
-0.674
0.052
-3.602
-1.358
0.186
5.179
1.241
0.729
4.408
1.761
2.099
-0.627
-2.687
0.978
4.723
3.981
1.929
-1.298
-3.372
-1.623
0.873
-0.780
2.755
-3.224
0.041
-1.490
2.729
1.652
-1.644
2.400
-3.545
-3.938
-1.774
-4.409
0.080
0.156
-0.623
1.643
-1.386
-2.764
-1.563
-2.579
-1.118
1.780
-3.865
-0.465
2.648
2.922
-1.287
5.662
-2.174
-0.198
-2.459
1.389
7.073
4.775
2.381
-1.108
-0.053
3.029
2.149
0.549
0.691
2.884
3.478
-3.252
0.895
1.738
-0.927
3.420
-0.342
3.486
-0.534
0.972
0.919
4.340
2.128
-0.748
-0.303
-0.313
0.394
-1.917
0.155
3.633
3.527
-3.406
-3.786
-1.074
-3.920
-2.682
1.193
0.259
-3.780
3.158
-0.663
-0.894
2.790
1.336
0.248
-0.837
1.717
-0.689
-0.198
-2.474
3.092
4.076
0.859
-0.817
2.595
1.763
-0.715
3.113
-0.669
-2.737
0.192
2.952
0.597
-2.464
-0.617
3.221
1.007
0.305
0.037
2.942
2.785
-3.013
2.606
1.589
4.173
0.184
3.075
1.475
-2.323
2.799
2.293
-1.210
1.045
5.409
-0.809
2.093
-2.278
-1.019
2.295
0.966
-0.133
4.436
-1.862
-0.000
1.530
-1.742
1.572
2.929
0.075
-1.295
-0.400
-6.078
2.765
0.985
-0.073
-3.650
3.012
-0.700
1.707
0.323
-3.526
3.395
2.939
2.184
1.106
-2.524
2.436
5.642
0.629
0.676
-2.294
-4.619
-0.512
3.906
3.575
0.193
1.382
-2.574
0.617
-0.909
0.481
-0.309
-0.352
2.741
5.063
-0.057
3.755
-2.630
0.129
-2.761
-0.400
2.068
3.035
-1.518
1.449
3.302
2.961
0.971
-1.064
-1.303
-1.672
0.274
-1.626
1.977
0.898
0.789
-4.067
0.417
-0.752
5.549
-2.722
-0.143
1.269
-1.985
4.978
5.027
-1.710
-1.070
5.502
3.699
-0.536
1.385
-2.978
5.622
0.525
1.755
-1.894
-2.377
1.433
4.949
-0.947
-2.000
1.082
4.279
-1.183
-0.250
2.359
2.617
-0.333
2.982
1.619
0.389
2.516
2.185
-2.163
3.910
1.179
3.651
0.474
0.944
1.307
1.662
4.018
1.469
0.283
2.773
1.383
7.443
1.049
3.320
2.467
-4.570
-1.418
-0.705
-3.249
-0.599
-2.941
-2.312
0.930
4.957
-2.919
-2.567
-0.929
-0.003
-3.351
-1.328
-1.549
1.114
1.372
-0.017
-0.557
-1.353
0.474
-1.993
4.063
-3.245
-1.225
2.434
-0.607
1.963
4.471
2.349
-2.535
-2.420
-0.100
1.413
3.245
-1.534
-0.814
-0.252
-0.300
3.940
0.100
0.717
2.538
4.169
0.266
3.372
4.737
0.085
-1.003
5.599
3.041
0.380
1.910
-2.158
3.013
-3.970
2.920
-1.382
-3.619
-4.453
-0.793
2.057
-2.986
-2.615
-0.836
2.288
2.588
0.686
2.710
2.000
-0.651
2.533
-2.732
1.518
-2.448
0.693
3.275
0.862
0.320
0.892
1.942
5.472
1.916
-0.856
-0.151
-1.813
-2.624
-5.488
-0.758
-3.021
0.583
-0.873
-2.255
-4.698
-0.488
-3.856
2.045
0.962
-0.194
3.832
0.374
1.277
2.000
-0.891
-0.877
0.449
-2.882
4.635
0.736
-0.132
5.355
-2.294
4.037
2.302
3.031
-0.071
0.484
-0.474
2.741
1.290
-0.990
-0.880
0.314
-0.447
3.810
2.290
2.285
0.911
-1.634
2.021
-4.686
0.768
-1.599
-1.784
-0.762
0.149
0.294
2.247
-0.067
0.106
-2.999
-2.687
1.039
1.864
-0.275
2.589
-3.029
1.306
-1.694
-1.884
-1.486
0.156
1.403
1.221
-0.347
1.867
4.398
0.063
0.578
-1.118
-0.591
3.346
3.371
-0.133
1.527
2.559
-0.722
-2.784
2.004
2.501
2.148
-0.548
4.005
1.032
-2.404
-3.481
-0.363
0.890
-0.341
5.135
1.320
-1.986
-5.099
0.914
2.723
4.823
-0.136
4.483
-2.911
-0.475
-2.085
2.251
-2.773
1.314
-2.630
4.569
-0.548
1.257
-3.943
-3.238
-1.506
2.391
1.932
2.955
-3.273
1.566
-0.994
-1.589
-0.939
0.070
1.937
3.045
1.601
1.870
4.725
2.023
-0.163
1.745
4.448
-1.739
-0.684
3.830
-0.347
2.184
3.444
-2.664
-0.630
3.241
0.047
-4.495
-0.874
2.257
3.414
0.472
1.511
-0.536
2.518
3.770
2.194
0.066
1.392
2.636
0.416
2.271
1.239
3.756
2.030
-0.847
3.721
1.454
0.015
-2.900
0.905
4.754
-6.201
-6.105
2.192
0.917
1.964
-0.913
-4.790
-1.647
4.094
-0.734
-0.713
-5.961
-3.981
3.014
-0.273
2.729
-1.459
-3.173
-0.276
-1.025
-1.649
-1.587
0.026
-0.830
-1.887
4.681
1.449
0.730
0.190
1.947
1.626
-2.132
-3.327
-5.108
4.651
-0.719
1.771
0.835
2.540
0.195
-2.837
-2.139
-0.492
-3.455
-1.700
-2.527
-0.439
-0.840
0.637
2.401
-0.232
-3.256
-4.566
0.740
-1.247
-0.028
1.141
3.814
-3.844
-2.080
0.145
-2.386
-3.224
3.493
-2.165
-2.792
-2.406
2.956
-1.319
-2.975
-1.666
0.234
2.490
2.289
-1.517
-0.925
5.397
2.740
-0.254
-5.158
-0.751
-2.834
-1.720
-1.967
-0.205
0.517
-1.406
-2.716
-0.079
-0.846
-4.204
1.808
-1.399
-0.297
-0.178
0.313
0.701
-2.781
1.100
-0.476
2.953
2.306
3.525
-1.902
3.438
0.576
2.006
1.969
1.452
-2.262
2.642
1.194
-3.185
-0.811
-2.561
-3.073
2.398
-3.200
-2.821
5.098
-0.725
1.928
3.050
2.208
0.709
0.261
1.640
-0.189
2.018
-0.272
0.001
4.866
-0.803
0.396
1.383
1.538
1.053
-2.651
0.739
0.933
3.086
2.124
3.244
-2.058
-2.040
1.137
3.069
-0.131
-1.427
-3.494
1.221
0.079
-0.691
2.522
0.142
0.352
2.510
5.608
-0.717
-1.753
-2.024
1.494
-2.267
-0.546
-0.335
4.085
3.213
-3.338
4.154
-2.569
0.735
-1.653
-0.582
-2.003
4.371
0.014
0.891
-2.223
-3.046
-0.716
1.602
0.059
2.689
0.648
0.366
1.634
0.591
2.616
1.683
2.536
2.069
3.615
2.339
4.544
-0.949
2.353
-2.964
2.623
0.485
2.598
4.381
2.273
-0.641
-2.261
1.636
-0.336
1.943
-0.866
-1.881
-0.230
1.552
0.643
-1.601
4.671
0.017
-5.078
2.588
0.323
-0.059
-0.107
-0.093
4.356
1.465
0.975
-0.281
4.498
2.373
2.724
1.018
2.750
1.294
-0.541
1.237
5.383
0.839
3.398
3.209
1.701
4.326
-4.865
-4.057
4.497
-1.204
0.618
4.551
0.829
4.405
-0.582
1.828
0.490
3.928
-0.278
-1.964
-0.772
-0.666
-1.203
-1.303
3.042
3.729
1.291
-1.204
-1.052
-4.625
1.261
-1.289
3.881
-2.957
-1.072
0.121
1.467
4.677
-2.939
-0.375
-3.078
2.246
-1.203
0.102
-0.063
0.629
-0.025
-1.982
0.554
-1.557
2.305
0.488
-2.145
6.127
4.331
6.214
-0.473
-1.654
2.286
3.009
0.822
-4.699
-2.005
1.364
-1.234
-2.926
-0.268
-7.442
-1.098
-0.672
1.095
1.664
1.257
2.503
-0.053
-3.143
0.456
-1.751
-2.907
1.740
-3.041
1.983
-2.751
-0.347
-1.004
3.079
1.776
-1.628
-0.028
3.541
3.933
-2.935
3.509
3.325
0.779
0.132
-0.971
-2.658
1.163
-0.058
1.394
1.451
6.393
3.222
1.663
-4.779
1.292
4.147
-0.675
5.608
1.655
1.057
-2.028
3.959
-1.644
-1.004
-4.165
2.501
1.760
0.374
2.127
1.900
-0.527
-1.534
-3.767
-0.076
-2.790
0.740
-0.035
-0.615
2.862
-2.017
-4.085
-0.191
-1.426
0.642
-1.843
1.359
-1.985
-2.011
1.829
0.239
-2.499
-1.934
-0.545
-2.393
-0.341
-0.257
-1.851
1.910
-2.099
3.340
-0.174
-1.233
1.644
0.433
2.174
-4.453
1.590
-0.896
0.440
0.138
3.582
-4.115
4.224
2.045
0.715
-3.090
-3.663
-0.996
1.874
0.336
1.738
-3.162
0.457
2.979
3.835
-2.660
-0.495
-0.468
-1.153
2.529
7.242
-2.323
1.369
1.059
1.111
3.549
1.246
-4.777
-3.098
-2.211
-1.447
0.015
-0.165
-4.026
-3.511
-4.736
-3.380
2.729
-0.299
-1.936
-4.252
-2.081
1.807
1.492
-0.256
-0.291
-3.901
-1.513
1.683
-1.270
4.246
3.243
-0.739
-0.287
5.685
2.383
0.519
0.796
0.707
0.309
-2.220
-0.616
-3.096
2.090
0.032
2.211
-2.709
3.763
3.465
-3.429
-0.864
-0.604
-3.101
-0.274
1.689
-0.777
-3.761
2.204
-1.550
-1.297
4.385
1.302
-1.592
-2.504
2.668
2.503
-0.866
-2.672
1.275
1.775
-0.545
-2.298
0.409
1.458
-0.819
0.979
1.216
3.099
-0.660
-2.384
0.188
4.400
-3.881
-5.201
0.091
-0.560
-0.150
-0.239
2.763
0.248
2.317
-5.596
-0.920
-1.607
-5.133
0.598
0.109
-0.771
0.048
0.598
2.781
1.892
1.139
5.887
-1.349
-2.914
3.168
4.830
-1.174
3.657
-0.930
1.753
1.887
-1.165
4.782
5.058
-2.101
0.833
2.545
-4.168
0.413
-3.618
1.952
0.556
-0.547
-3.411
-1.087
1.596
0.252
3.212
3.057
2.955
-0.941
1.058
-1.967
-2.674
3.186
-2.498
-2.755
0.602
-0.300
-0.092
5.884
-2.037
1.538
0.558
2.772
-1.536
-0.189
0.624
-3.091
-3.983
0.300
3.560
-0.495
-0.166
3.112
-0.007
2.215
6.750
-1.035
-0.075
1.301
3.930
0.074
2.100
1.185
0.177
-0.659
-1.112
7.707
-3.349
-3.121
0.937
0.838
1.373
-1.749
-2.114
-0.335
2.528
-2.093
0.713
-0.879
-3.309
-2.725
2.535
-1.099
3.335
0.261
-2.933
1.495
-1.573
-0.554
3.069
-2.745
-0.729
-2.250
-2.507
-0.786
-1.708
-0.307
1.883
-1.452
-3.174
1.890
-1.468
4.737
-0.632
0.024
-5.180
-2.438
-5.120
1.056
0.154
1.862
2.288
2.658
-0.190
0.555
1.739
-1.557
-1.901
4.046
-3.985
1.550
1.169
-2.346
-1.253
-0.506
0.870
1.194
0.276
0.802
1.933
1.822
4.032
2.854
0.393
1.888
1.367
0.745
-1.735
0.739
-4.607
2.924
1.191
-0.032
-0.660
1.921
4.760
1.250
4.915
2.232
-1.583
1.521
1.286
-1.584
-0.629
-0.676
0.591
-0.322
0.995
1.384
3.392
1.668
-1.335
5.417
-1.319
-0.580
1.784
7.299
1.314
-1.190
-3.584
-3.744
0.376
1.657
-3.058
0.883
-2.803
-1.869
1.866
-1.444
3.494
-1.053
3.013
5.787
-1.440
6.268
0.382
-1.168
-0.360
-0.618
3.714
3.513
3.484
-2.769
0.804
-3.369
2.777
-0.811
1.557
-0.854
-3.864
2.474
2.660
0.684
-4.717
2.151
-1.420
1.590
-0.827
-0.581
1.544
-1.620
-0.050
1.573
5.549
0.171
2.365
-2.462
4.417
-1.589
0.033
1.577
-1.522
2.944
-1.238
2.343
2.912
1.738
2.050
6.424
1.350
0.614
1.157
3.401
5.940
-0.050
-1.840
3.140
-2.921
0.969
1.081
0.092
0.234
-3.616
-1.734
2.599
-4.549
0.144
-0.400
-4.432
4.412
-2.123
1.667
-0.775
-1.678
-0.216
-0.505
-0.098
-1.539
-2.084
2.761
0.367
0.205
-1.790
4.129
0.140
-4.200
1.012
-1.484
2.536
2.842
2.565
-0.757
0.079
0.947
2.492
-2.141
0.574
4.833
-0.935
0.287
6.622
-0.229
-3.343
0.212
4.365
2.886
-2.001
1.347
-0.072
2.299
-1.127
1.537
4.935
-5.920
1.773
3.516
-3.385
-1.379
-0.595
-1.404
-1.584
-0.549
2.394
3.920
3.476
2.735
4.747
5.225
0.749
3.784
1.367
-0.169
0.231
2.780
3.867
1.743
-0.600
-0.825
-4.098
1.216
1.053
-2.157
1.485
1.445
-3.211
-0.422
3.732
-1.170
0.392
0.735
0.287
2.003
2.595
3.385
-0.402
1.607
2.366
0.066
-1.376
0.695
-1.104
-1.340
0.878
-0.102
0.771
-3.373
-0.071
-5.075
-2.159
0.137
3.261
1.638
0.567
-0.554
-0.251
3.484
-2.305
-1.391
2.910
-0.475
5.004
2.008
3.122
-3.552
2.893
-1.689
2.068
-0.523
0.885
-2.305
-3.779
0.711
-0.355
-1.795
-3.687
-6.070
1.607
-0.262
-1.099
0.861
2.785
0.997
-0.714
5.468
-1.176
-3.033
0.590
-0.263
2.623
-0.913
-0.046
-1.728
2.288
0.695
-0.310
-0.010
0.299
-3.100
3.141
3.000
0.448
0.191
-2.042
4.496
3.915
1.297
2.318
3.303
2.816
-1.705
-0.397
1.474
0.838
2.157
1.895
0.943
-5.899
3.165
2.364
5.316
-0.796
-4.073
-0.083
1.446
-0.711
3.642
-1.234
0.108
-0.240
7.008
-1.825
1.751
-2.533
1.173
-1.941
2.990
2.530
1.002
-2.989
0.222
-0.380
2.343
-1.816
3.122
2.672
-2.949
-0.177
0.227
2.764
-1.298
0.848
2.988
0.953
-4.108
-0.837
2.520
2.221
-5.049
0.832
2.620
1.643
1.919
5.300
0.246
1.081
-1.905
-1.173
-0.447
2.389
-1.444
3.313
-2.274
1.885
1.675
0.968
2.713
-1.432
-0.769
-1.962
0.372
0.062
2.405
1.278
2.005
-0.123
1.324
4.701
-2.879
-4.064
1.879
-1.687
-2.966
1.631
-2.061
4.044
0.726
-0.136
-1.622
0.866
-3.468
-5.574
-3.380
3.079
-1.868
-3.093
0.137
5.689
2.971
-1.571
-1.614
-1.560
-1.835
1.655
-0.456
-2.322
-2.857
5.872
2.123
-1.705
3.260
-2.416
0.021
-0.242
0.788
-1.911
0.658
-3.846
-0.554
3.555
2.811
-1.320
-3.312
-4.890
1.832
1.018
1.276
4.407
0.717
0.897
-3.004
4.247
-0.043
-1.611
0.849
5.151
5.474
-1.979
3.171
1.156
2.720
1.014
1.826
3.521
-3.848
1.215
-2.457
-0.763
0.352
-2.069
-1.045
-3.012
-1.074
1.578
2.427
-1.497
3.537
1.736
3.790
-3.900
1.097
1.817
-3.774
6.144
-1.178
1.655
2.574
0.593
3.676
5.139
-2.313
0.629
2.548
-3.569
2.904
4.446
3.431
1.402
4.045
1.208
-2.817
-0.903
-0.263
0.197
0.124
-0.462
0.875
3.960
0.864
1.859
-4.915
0.652
2.958
3.342
3.098
1.078
1.343
-1.265
2.378
-1.252
1.984
0.450
0.386
2.753
1.697
1.028
-0.845
4.196
1.149
2.144
0.544
-1.315
1.202
-1.080
1.401
-7.487
-0.612
0.316
-1.941
1.223
-0.663
0.336
-0.974
2.683
1.660
1.065
0.499
6.424
-0.028
-1.323
-2.465
2.523
4.265
-1.685
-0.334
-0.513
0.052
-3.893
2.286
3.207
-4.221
4.569
4.232
-7.018
-4.866
0.031
3.508
1.045
0.401
1.727
-1.589
3.416
0.101
-3.569
-1.559
1.236
-0.345
-0.594
0.837
1.211
-2.603
3.286
0.035
1.357
0.584
-0.634
2.538
0.545
0.526
-5.623
2.318
-0.059
2.162
4.298
2.326
0.480
-0.337
6.412
1.510
0.853
-0.089
-1.802
-4.332
4.001
-1.521
-0.107
0.095
3.789
-1.489
0.968
1.579
-2.973
-3.198
-1.366
0.935
0.630
0.064
1.916
-1.706
-0.059
0.077
-1.641
5.874
-4.835
3.328
2.270
2.290
0.580
3.551
-0.726
1.292
0.526
-0.208
0.642
-1.927
-1.244
4.143
7.266
1.598
2.351
0.955
1.442
1.655
2.835
4.039
-1.773
7.137
0.682
0.683
-0.641
-0.632
1.829
1.879
1.707
-0.742
-6.133
-3.959
0.382
1.156
-0.657
-1.313
1.062
0.092
-0.794
-3.527
-1.675
2.588
-1.960
1.943
3.677
-1.549
-0.717
2.720
3.309
-1.198
-3.541
3.362
1.751
1.312
2.547
-2.494
1.289
-0.335
1.797
2.268
2.694
1.787
0.952
1.032
1.230
-1.148
-0.539
1.316
1.911
-1.212
-2.234
-3.671
-2.677
-0.945
-0.722
-0.329
-2.542
-4.000
0.654
0.655
1.841
2.306
1.292
0.625
2.452
3.768
-1.274
2.199
-1.148
0.876
2.917
-0.307
-1.935
-0.752
-1.937
-2.228
3.246
1.628
-1.377
-2.013
-1.847
-1.377
3.116
0.086
5.466
0.255
-1.032
2.577
-3.658
0.802
-2.559
-4.887
0.068
2.353
0.863
0.575
-5.887
-0.022
0.002
1.841
-2.190
2.341
-0.873
-0.368
1.617
-2.505
2.328
-2.901
1.922
-0.215
-0.019
-7.006
-1.068
-0.155
4.067
0.264
-1.217
2.351
-0.862
2.827
0.977
-1.809
2.601
1.792
2.500
-0.087
1.793
4.959
0.761
-0.607
4.056
1.951
-0.731
4.514
-2.538
1.620
3.102
2.922
-1.810
-2.627
0.901
2.041
-2.237
1.074
-3.148
2.896
-1.021
-0.044
2.424
2.201
1.487
2.821
1.332
3.824
-3.756
0.207
0.105
-0.176
1.544
0.864
2.330
-2.491
5.851
-0.588
1.038
-0.145
0.545
-0.934
0.844
1.742
-5.414
-0.439
-0.530
5.921
2.414
3.950
1.689
0.548
1.224
3.045
4.550
1.075
-1.145
2.569
-1.698
1.287
1.985
0.091
-1.822
-0.741
-0.409
-2.179
-0.577
-3.135
1.769
1.150
0.988
-0.576
-0.255
-1.639
1.562
-2.909
0.551
-1.171
4.568
1.614
0.349
-2.304
-2.922
1.540
4.667
1.331
0.771
0.805
0.597
0.838
-1.294
-1.987
0.612
3.934
2.215
-2.610
-0.262
2.100
3.990
4.649
-0.156
2.328
0.948
0.063
0.500
0.529
3.170
-3.021
1.474
4.045
3.786
1.716
-1.467
2.214
3.530
-0.886
1.208
-0.143
-1.124
-0.406
0.658
-1.854
-2.247
-1.785
1.137
-3.168
-4.971
3.644
-2.082
-0.116
2.563
-3.102
-3.105
-1.168
2.657
0.298
0.331
-0.359
1.699
3.786
7.512
-0.005
4.012
2.748
0.991
-4.954
-0.557
-0.462
1.211
-0.124
-1.002
5.222
3.490
-4.505
-0.325
1.864
3.544
-0.658
-0.167
0.577
1.938
-3.335
-4.487
3.361
-2.026
5.444
-1.723
-0.094
1.235
-4.767
7.225
-0.598
-1.662
-2.449
1.218
1.048
-2.368
-2.943
2.883
-1.224
-3.780
-0.005
-0.614
5.030
-0.903
-0.390
0.877
-1.020
1.408
-2.090
-0.224
1.326
3.080
-1.057
-1.086
4.049
-0.974
0.214
4.461
0.512
-0.245
-0.066
-1.427
1.432
-1.868
2.218
0.387
0.915
4.501
-3.128
0.409
1.881
-1.129
2.633
-0.957
1.050
0.054
0.738
0.527
0.273
-0.786
-1.245
1.108
0.476
-1.311
1.174
-0.760
4.083
6.324
3.684
3.550
2.304
-0.154
-4.208
-2.110
-1.274
3.249
0.965
-1.233
-4.078
5.914
1.630
2.530
-0.936
0.017
-0.475
0.504
4.780
-2.540
0.251
1.216
0.070
2.739
-3.816
4.871
-2.939
-2.362
-0.729
-1.204
1.369
1.091
0.623
-3.053
0.015
0.397
3.307
0.829
1.268
5.060
-2.434
-0.581
-2.376
4.206
4.370
4.018
1.664
1.263
-0.749
2.197
-2.725
-2.733
-0.658
4.879
-0.882
-0.558
1.041
2.507
3.355
-2.339
0.118
0.889
1.129
2.428
2.318
0.411
3.116
2.675
2.482
-0.919
2.061
3.239
-0.883
0.666
4.105
1.302
0.139
3.858
-0.779
-3.721
-1.520
3.076
1.600
0.513
2.897
0.750
-0.184
2.354
-0.567
1.527
-1.557
-2.181
-1.728
0.287
-1.205
-1.138
-0.018
0.177
-3.373
-5.704
1.310
0.684
-2.939
1.397
1.393
-0.375
5.052
3.396
-0.608
-0.563
-3.149
3.289
0.942
2.325
-4.771
2.216
-0.873
1.752
1.601
0.300
-1.324
1.307
-1.656
2.871
-1.382
0.405
-1.440
0.731
-2.126
-1.592
5.857
2.376
1.237
1.584
1.084
0.137
2.166
-1.635
4.179
0.639
2.274
4.126
1.529
-1.595
3.277
4.421
-4.322
0.106
1.049
-0.284
-2.640
-1.769
-4.088
2.642
3.647
3.613
0.279
1.003
2.918
-0.209
-1.928
-1.020
0.771
-1.363
1.486
-2.902
-0.232
1.323
0.668
-1.414
2.114
0.980
-4.664
1.443
-0.663
-0.910
-1.642
-2.057
0.846
1.660
0.718
2.629
1.745
-4.467
-1.850
3.202
-2.697
-6.214
4.745
1.062
-1.289
-1.686
1.861
1.497
1.135
-0.103
-2.723
0.264
2.906
-0.951
1.793
-0.621
2.273
-2.002
0.383
1.446
-1.271
1.220
0.279
0.244
-1.277
2.744
-1.918
1.021
-1.688
0.191
1.893
-0.343
-7.033
-2.877
-4.829
0.513
0.338
-0.491
-1.153
0.881
-3.124
2.645
0.530
-1.918
-0.654
0.035
-2.964
1.960
2.667
0.632
2.607
6.710
-4.158
0.475
-2.873
4.096
0.941
-1.325
-0.275
3.557
1.435
1.739
3.921
2.640
3.048
0.047
-5.059
0.599
-1.245
2.243
-3.899
2.338
0.802
1.199
1.835
0.282
-0.449
3.074
1.774
2.003
0.152
0.613
0.318
-3.836
-2.965
0.054
-4.156
0.086
-1.796
0.168
0.758
-4.110
1.130
-0.729
-5.225
-0.756
1.261
-0.624
-0.770
0.719
-0.800
-0.291
-2.834
-0.894
4.872
0.778
0.996
-1.192
-0.597
-0.198
2.448
3.227
-0.740
0.294
-0.214
2.180
1.475
0.134
2.773
1.593
-1.501
0.370
-0.074
-2.021
-0.191
3.084
2.978
2.542
2.220
0.849
-1.093
1.703
-3.601
-1.263
3.001
-0.831
1.886
-0.521
1.670
-3.346
3.402
-2.328
-2.918
3.273
0.343
-0.385
4.112
2.105
-0.729
0.027
2.927
-1.963
3.814
-0.714
-1.742
2.959
2.113
-3.914
0.094
-2.302
2.266
4.477
1.641
-1.473
2.486
0.229
0.173
-0.815
0.601
0.180
-5.420
0.412
0.020
1.182
-4.466
1.579
0.419
1.538
-3.560
-2.613
-4.150
0.701
-0.478
0.004
-2.992
-2.554
-5.641
-2.879
-1.210
-1.086
0.188
2.178
-1.304
1.523
2.218
3.110
1.525
0.526
-2.242
1.004
-0.553
3.654
0.569
-0.034
3.748
-0.808
0.342
5.173
0.989
3.050
3.959
-0.974
2.531
-0.449
5.246
3.815
2.134
2.857
-1.319
4.472
-1.821
1.327
-1.364
2.415
4.538
1.434
1.106
0.077
0.591
-0.456
4.270
2.256
-0.484
0.495
7.348
1.003
3.837
-1.034
1.487
-1.149
-0.935
2.255
-1.799
-2.511
1.995
-0.822
-0.322
-3.973
-2.696
0.880
-0.211
2.532
-1.809
-0.049
0.462
-0.140
1.784
-2.256
1.580
3.084
-1.626
1.312
1.208
1.763
0.354
3.754
5.415
1.850
1.103
0.383
-2.802
-3.076
-2.420
0.988
-0.113
4.015
-5.662
0.448
1.390
2.504
0.694
1.226
0.772
1.405
0.304
5.429
1.737
0.824
-1.421
-0.472
3.974
-5.614
0.486
0.290
1.550
0.987
3.988
0.586
0.196
2.634
4.029
1.998
2.778
-0.172
0.651
3.916
1.614
-0.231
0.428
2.839
3.053
-1.671
1.220
0.331
0.193
3.543
-0.220
-1.031
-1.606
-0.069
-1.415
-1.725
-1.786
-1.643
-1.476
1.308
-4.354
-1.334
0.110
3.107
-0.240
-0.018
0.139
-4.027
1.932
1.832
2.305
6.364
-2.766
-3.221
2.044
-0.460
-2.016
-0.328
-1.134
4.489
5.778
-3.575
-3.194
-1.472
-1.305
-1.511
-0.116
-0.722
-2.899
-2.114
4.061
-0.508
-0.631
-3.299
-0.762
2.656
1.779
2.297
-2.539
-2.577
3.070
2.333
-0.270
2.397
-2.537
-2.637
-3.532
1.218
0.870
-0.904
-1.523
6.145
-0.272
3.681
-0.001
-0.852
3.750
2.246
0.292
3.071
6.399
-1.408
1.482
-0.632
-1.893
-1.959
4.172
-4.029
1.569
-1.631
4.604
-0.305
-0.524
4.117
2.454
1.680
2.284
-2.250
2.130
-0.128
1.216
1.513
-2.315
1.775
-0.097
-2.626
-0.002
0.398
1.775
-5.382
1.282
-0.878
2.294
0.346
-0.450
-0.076
1.150
2.529
-1.789
-0.475
3.876
-0.517
1.231
-2.612
-3.765
-2.146
-1.306
2.846
3.109
-4.271
-0.949
2.025
0.097
3.961
1.966
-0.292
-0.079
0.214
-1.680
2.604
2.132
1.440
0.932
-2.094
1.560
0.660
5.155
-2.754
-1.386
-3.458
-0.173
-3.828
3.195
2.971
-0.033
-2.083
-3.308
-1.339
1.851
-1.539
4.931
3.928
0.352
-0.758
-1.016
4.186
-1.226
2.592
0.402
2.063
-1.619
-0.449
0.292
-1.165
3.348
-1.484
-1.035
3.611
3.146
4.161
-4.230
0.832
0.567
-0.998
1.129
-0.421
0.739
8.515
1.111
1.212
2.321
0.784
-2.285
-3.602
0.280
-0.296
-4.363
4.261
0.607
3.805
-5.006
3.850
-0.814
3.372
0.866
1.438
1.441
-0.670
-1.202
-0.517
-3.183
-0.804
-1.322
-3.240
1.451
0.369
0.941
2.024
-0.221
-1.903
1.079
-6.663
0.091
2.186
2.863
-0.921
-5.029
-5.970
1.881
-0.500
5.192
-3.037
1.172
4.340
0.846
-3.471
7.004
4.143
-0.195
2.315
2.341
1.890
-2.966
1.128
3.856
1.561
1.303
-0.938
-1.820
-3.424
2.168
-0.180
-2.869
2.693
-1.059
-1.709
-0.841
-0.113
1.449
-1.751
2.775
1.512
-0.885
-0.033
-0.664
0.508
3.998
-0.689
0.805
-1.327
1.627
1.013
3.541
-1.640
2.007
3.384
-0.700
0.045
0.808
-0.218
0.776
1.966
0.076
0.058
0.990
-0.608
-0.489
-1.807
0.249
1.425
-0.296
-1.506
0.119
1.303
0.657
5.701
-1.225
-0.011
2.220
-1.317
4.978
0.361
1.697
0.396
2.795
-2.201
4.122
0.906
1.930
-1.422
1.159
-1.973
3.172
-2.746
0.720
-0.582
-3.400
-1.895
1.429
-1.802
-1.256
1.246
2.546
1.936
0.238
0.872
0.635
-2.137
1.021
-2.159
1.824
0.674
-4.844
2.700
-0.903
-1.102
2.644
-0.042
1.784
-1.218
2.279
0.823
1.322
-0.078
4.261
4.839
-4.939
2.573
-2.241
1.573
-3.916
1.318
-1.657
-0.751
-0.687
-1.413
-1.348
-0.605
-0.019
1.126
4.816
-1.923
0.654
2.204
-1.351
-5.067
-4.232
-4.979
4.046
1.824
2.164
2.705
-1.031
5.877
1.155
0.175
3.014
1.952
3.554
3.695
-0.498
0.799
-1.832
-3.558
2.358
2.647
-4.407
-1.371
0.485
0.713
5.258
-1.155
-0.061
1.910
-0.490
-0.862
-1.059
0.909
-0.072
1.988
1.208
-6.647
-3.854
-0.852
2.702
-1.214
1.249
1.786
1.647
-0.964
-2.405
-2.799
7.480
1.443
4.767
-1.649
3.346
-0.794
0.281
-0.337
-1.761
-1.724
0.256
-1.059
0.654
-1.661
2.048
-0.754
4.279
0.229
0.105
4.198
-0.839
-0.627
-1.332
0.841
-1.414
2.214
0.238
2.363
2.093
-0.880
-1.419
-0.438
0.371
1.152
1.418
0.273
-1.285
-1.058
1.594
-1.210
1.695
1.773
4.031
-0.804
-0.430
-5.200
-1.913
-1.945
1.564
4.688
1.744
2.728
-1.357
-2.525
-0.231
-1.147
-1.717
0.874
-2.496
2.334
-0.609
0.241
0.589
-0.770
3.387
-3.504
3.430
-0.483
2.560
0.833
2.391
0.066
0.922
2.985
0.580
3.542
1.195
-1.409
-0.502
2.481
-2.625
2.253
-0.528
-2.745
0.847
-1.330
-1.022
-1.152
0.626
-0.586
1.288
2.780
1.650
4.683
5.273
-0.347
-2.416
-0.344
0.634
5.692
-0.550
1.017
-1.285
-0.482
-2.565
-3.161
3.616
2.909
-0.537
2.902
-2.787
-0.066
0.768
3.389
0.824
1.657
-0.778
0.983
3.384
-3.530
3.077
-0.154
-3.024
-0.291
3.446
-0.808
1.068
-3.522
-4.032
-2.234
2.781
0.228
2.989
3.129
-1.470
4.111
-0.957
2.751
2.653
0.506
0.510
1.119
0.627
-0.586
-0.792
-0.567
3.274
-3.462
-0.842
-0.432
-0.197
1.062
-2.886
2.811
2.479
1.968
-0.148
-1.422
-0.430
0.496
1.949
0.155
1.215
-0.691
1.037
-0.248
0.993
-3.891
1.519
1.646
1.620
-2.020
-1.354
-1.735
1.142
1.930
-1.322
3.507
3.476
0.681
1.240
-3.681
-0.920
-2.656
-1.834
1.585
2.165
2.265
0.930
1.606
-3.464
-2.745
-0.152
1.784
-0.723
-2.916
-1.310
-1.890
-3.789
5.689
3.309
-4.392
-4.263
-1.584
-3.224
6.068
-1.576
1.218
-0.864
-2.451
2.864
1.922
0.207
6.067
0.914
-0.746
4.947
1.319
4.257
0.256
-6.885
-3.391
2.949
-1.064
0.958
3.071
0.781
-1.713
0.323
0.607
-0.630
-2.974
-0.503
0.127
-3.114
-1.853
-1.370
-4.115
0.658
0.919
-0.956
-2.935
1.327
1.661
0.587
0.450
1.775
0.121
-1.853
0.181
-0.591
0.181
2.472
-2.535
0.776
-2.656
-1.854
4.127
1.448
0.736
-3.630
-0.216
-4.625
0.439
-2.643
1.689
0.737
-2.569
1.266
5.374
-0.137
2.463
-4.697
1.472
-1.016
-0.296
1.778
-0.234
-3.532
4.015
-3.130
-1.665
0.657
0.680
1.377
0.670
3.106
1.527
-2.496
-5.885
0.713
3.869
-2.656
-2.170
1.202
1.509
3.043
4.289
0.917
-1.874
-1.801
-0.955
2.825
-0.850
2.658
-3.310
1.039
-1.453
1.603
-0.265
2.264
-0.694
0.288
2.289
0.105
0.490
2.175
0.166
-3.454
-1.020
-4.266
-0.250
1.481
0.649
3.697
3.428
0.966
-5.391
1.961
-1.502
2.465
1.100
1.925
1.554
6.086
1.601
-2.722
2.921
-0.683
3.578
4.053
1.842
-2.716
-0.755
3.568
5.148
0.499
-0.310
-2.482
-2.451
0.909
2.032
-3.220
2.340
3.643
1.863
4.317
1.203
1.227
1.181
3.613
1.640
-0.921
1.366
1.390
-0.160
2.804
0.570
2.043
1.573
-1.392
-2.001
-1.367
0.155
4.170
0.236
1.247
2.445
-0.511
-0.645
2.874
1.714
-1.004
-0.640
0.555
1.141
3.336
1.627
-2.010
-1.537
1.093
0.693
-1.676
2.877
-5.045
1.155
-3.363
2.464
-0.286
2.145
-0.588
3.532
-4.128
2.461
-1.109
1.250
1.351
-2.992
2.744
1.295
0.631
1.274
0.651
2.353
-0.781
2.357
1.724
-0.063
4.781
1.434
0.818
1.728
0.099
3.233
0.299
2.317
-2.214
-3.960
1.316
-0.571
-0.112
-5.269
4.432
0.601
3.553
-2.992
0.587
1.328
0.672
0.910
-2.986
1.111
-1.672
-1.133
0.390
-0.495
-0.357
3.048
-0.025
-0.603
0.055
-2.318
0.740
2.082
1.104
0.438
1.794
-0.980
0.444
3.706
-0.356
1.809
1.869
-1.468
2.001
-1.106
1.380
-1.145
1.025
0.660
0.619
1.003
-0.924
-2.449
0.546
2.997
1.750
1.423
-0.876
0.798
-1.643
-0.667
1.207
-4.010
4.501
-2.852
4.883
-1.663
-1.687
-0.604
-0.705
-1.102
-0.539
0.570
-1.804
2.368
3.739
-4.317
4.803
2.204
0.968
-1.028
0.750
2.504
6.614
5.611
-3.319
-0.149
0.536
3.575
0.149
-1.463
0.479
-0.575
2.718
6.080
2.535
2.632
3.315
1.441
-0.607
-0.371
2.980
1.043
-2.007
3.492
-1.508
-2.356
-1.755
1.085
2.685
0.961
-0.986
-1.589
2.201
0.127
1.168
0.013
1.069
1.287
6.171
1.316
-0.580
0.771
-1.929
-1.950
3.349
1.080
3.036
-3.550
-1.991
1.066
-1.628
-3.068
-2.239
-0.421
1.341
4.466
-2.176
-2.052
-3.132
1.725
0.650
-1.966
-1.644
0.053
0.188
-2.145
0.775
-2.953
0.468
-0.076
1.313
3.257
-0.540
0.351
-4.404
5.082
-4.115
0.151
-5.767
-1.632
4.515
3.097
2.714
-0.113
4.312
0.968
2.006
6.703
2.967
0.193
1.575
3.720
1.844
2.229
3.441
6.422
-1.894
2.035
1.453
-0.576
-1.204
4.315
-2.103
-3.032
-1.001
-3.927
-1.680
-2.176
0.557
3.819
-1.064
2.426
2.153
-4.979
-0.975
-0.552
1.265
1.718
1.144
-1.798
-1.170
-3.258
0.509
-0.531
1.628
2.023
-0.451
1.027
-0.168
-2.322
-1.570
-5.095
-0.600
-1.075
-2.278
2.316
1.613
1.679
2.010
0.346
0.321
2.342
1.951
2.816
0.245
-2.017
0.919
-1.038
1.918
1.041
0.473
-0.591
2.752
2.567
-0.995
-2.598
0.781
3.196
-2.678
1.479
-1.620
-2.091
2.585
1.911
-0.015
2.245
1.990
-3.217
0.552
3.741
1.487
-5.928
-2.220
2.740
-0.987
3.041
5.261
-0.221
-1.133
-2.065
2.170
-1.096
-0.615
-2.311
-0.688
-1.346
-4.407
-1.663
2.141
3.588
0.094
0.431
1.036
5.060
-2.074
-2.679
0.226
1.296
0.270
-2.925
2.474
0.018
1.681
4.077
-3.162
-3.774
1.707
-4.533
-0.610
-1.021
1.214
-1.249
1.531
-2.211
-2.631
0.396
0.603
1.058
3.901
3.423
1.434
2.293
0.979
3.181
1.223
-0.975
-1.456
3.112
-0.089
4.950
-2.301
3.353
-0.674
1.327
-2.774
-4.062
3.902
-0.703
2.715
-1.225
2.718
-0.679
-2.555
1.902
2.617
1.887
0.003
-3.847
-2.215
-1.335
-0.270
3.064
0.068
-4.706
-5.868
-1.317
-0.882
1.204
-3.136
-2.968
1.439
3.552
-4.362
-1.495
3.017
2.589
-1.872
3.134
0.458
1.934
-1.340
1.052
-2.448
-0.964
-0.363
0.686
6.126
6.494
-0.581
3.901
-2.312
1.308
-1.296
-0.732
6.736
-0.579
-1.210
-2.051
-1.496
-3.062
0.885
0.842
1.161
0.323
-1.012
-1.226
0.732
0.226
-1.176
-0.338
4.045
5.078
-0.179
-1.411
0.247
3.076
0.245
1.202
-1.228
-2.450
2.178
0.818
1.924
-3.756
4.748
0.955
-3.987
2.719
-0.546
0.423
-0.797
0.115
0.236
-3.658
2.428
0.621
1.421
2.308
0.640
1.145
-3.179
-1.643
0.554
0.796
1.312
3.725
0.124
1.221
0.492
-0.249
-0.156
-1.532
0.069
-0.175
-0.014
-3.831
0.113
-1.755
0.202
-2.277
0.470
-0.363
-1.153
1.044
1.251
0.232
1.715
-0.642
1.310
0.249
-2.048
-1.573
3.147
4.133
2.062
-1.050
3.777
1.820
1.156
4.772
-1.714
2.205
-1.605
-1.106
6.595
1.556
4.788
1.655
1.316
-1.153
2.697
0.411
0.543
-0.277
0.108
0.410
0.645
0.228
-3.386
1.651
0.055
-7.612
-3.461
-0.786
3.419
1.809
-1.299
-0.108
3.001
-1.129
-2.256
2.463
3.029
-1.102
1.520
0.253
-1.068
3.155
-1.244
2.164
0.513
-0.064
-0.983
-2.018
-0.250
-0.880
0.572
-2.524
-0.014
1.324
-1.266
2.128
2.389
-2.547
-1.470
-2.867
1.365
0.657
-3.493
-1.215
1.090
0.621
3.254
-2.415
0.329
-2.054
0.614
-0.085
1.002
-0.632
2.180
-1.365
-2.087
0.891
4.799
-3.301
-2.397
0.906
3.055
1.085
-1.109
1.359
1.589
-1.282
2.330
0.267
-3.849
0.026
-1.016
3.482
-2.839
-0.809
0.967
6.156
5.042
0.241
1.188
1.795
-2.080
0.374
3.605
0.690
5.030
-0.720
0.137
0.156
-2.773
3.004
-0.451
0.969
-1.086
4.490
3.308
0.490
-2.588
2.135
2.949
-1.876
0.006
0.534
2.959
-0.013
2.659
-1.505
-2.183
4.746
-2.800
-1.453
2.234
-0.924
-0.988
-0.124
-4.824
3.039
0.772
-1.597
-3.769
-2.927
-3.476
0.895
0.919
1.819
2.108
1.858
4.041
3.219
2.650
0.918
2.080
-0.635
-0.180
4.481
-0.987
-1.164
-0.519
-0.968
-0.765
0.932
1.010
2.537
5.601
-0.534
0.193
-4.061
-2.752
-0.001
1.463
1.529
1.831
3.368
4.444
-0.234
-1.575
1.922
2.591
0.676
-0.080
-0.860
0.249
2.006
-1.254
-1.572
1.789
-1.685
0.713
0.586
0.351
-1.192
4.511
1.306
-0.885
1.144
4.747
0.565
4.030
-2.405
-1.693
-4.787
5.092
-3.734
0.768
4.520
2.681
1.253
3.429
-1.254
1.592
0.080
0.030
0.807
3.171
4.110
-0.291
-2.263
-1.617
5.025
3.904
-2.269
4.336
-1.358
1.945
-1.360
5.541
-1.018
-2.170
-0.746
6.655
0.975
-2.118
-1.542
-3.844
1.646
-2.651
3.004
2.246
0.110
3.317
2.571
0.727
-1.494
1.342
1.328
1.529
0.540
1.135
1.075
3.619
-2.708
-2.054
0.530
-1.474
0.856
-2.322
-1.943
5.295
-0.200
-2.461
0.074
2.837
3.243
-3.157
-1.491
0.884
0.268
-3.490
-3.101
-2.212
-3.900
-0.750
3.217
-1.248
2.947
0.421
-0.090
-3.648
3.158
0.629
-3.490
1.266
-1.061
0.497
0.926
3.268
-2.355
1.723
3.538
6.399
2.869
1.217
1.010
4.075
-0.337
2.260
5.616
0.088
-4.483
-1.716
1.054
-1.659
-0.483
-0.358
1.696
-1.920
-1.051
3.727
-0.807
2.092
0.383
0.295
2.122
-4.120
1.414
1.677
2.386
-0.551
0.351
-5.536
-1.258
0.771
3.880
4.780
-0.472
2.448
-0.003
-3.528
1.802
4.745
-0.565
-1.827
0.512
0.055
6.614
2.764
0.661
-6.599
0.006
4.795
0.542
2.322
1.291
-0.818
4.409
0.803
-1.346
0.402
3.776
-3.201
0.999
0.527
-3.346
2.190
0.965
2.458
3.081
0.217
-0.983
-3.069
-1.196
0.376
-1.963
1.750
-1.818
-3.881
-1.037
0.792
-2.673
-1.782
-1.162
-0.847
1.065
1.881
-0.789
-2.143
0.678
1.593
4.223
3.101
-2.671
0.012
1.445
-1.690
-0.492
1.968
0.950
0.354
-1.219
-3.119
-0.400
0.131
-3.174
0.465
1.291
-1.311
1.318
1.012
-0.381
-0.648
-0.447
-1.705
1.177
-1.679
-1.525
1.543
-0.231
0.498
-3.758
-0.906
4.384
-3.924
4.549
0.977
-0.929
-0.141
3.303
-5.116
3.747
0.988
2.779
-3.846
-0.196
-5.238
3.224
-2.009
-2.044
-4.293
1.416
0.523
-1.445
0.981
-1.522
-3.872
-0.523
4.297
2.682
1.443
0.936
-0.522
2.116
1.707
0.151
0.828
-3.504
-0.803
-2.513
-2.559
1.479
-2.685
2.193
2.827
0.202
-1.103
2.824
1.676
3.218
-2.246
-0.275
-0.175
0.853
1.850
0.681
3.555
-0.549
-2.168
-1.248
-1.546
-0.744
-0.296
-0.194
0.907
-0.757
2.867
-4.302
-4.994
2.753
2.565
3.324
1.878
0.356
-0.270
-3.495
0.704
-3.098
6.269
-2.127
0.169
3.965
-0.528
-0.512
-5.858
-2.793
1.698
4.365
-1.789
0.822
6.850
1.710
2.693
-1.489
4.076
-1.312
-1.733
3.901
-1.179
0.341
4.253
-1.844
-0.218
-1.115
-0.439
0.444
3.566
4.291
0.724
-1.394
1.977
0.363
0.441
-2.126
-3.531
0.305
-2.217
-0.923
3.908
0.182
3.007
1.061
1.751
-0.970
3.117
1.096
-0.285
1.095
-1.367
-0.355
0.217
-0.912
4.091
-0.646
5.348
0.511
-0.212
-0.861
1.364
2.496
-5.741
0.362
-4.421
2.706
2.749
0.448
0.850
-3.081
-0.963
-1.119
-0.728
2.443
3.426
1.815
-0.426
-1.441
0.567
1.062
-0.180
-1.232
1.827
2.062
-2.799
-0.571
2.217
2.723
0.505
1.227
0.956
2.640
-2.312
0.992
-1.783
2.961
-2.190
1.330
-1.770
2.156
1.404
0.925
5.056
-1.336
2.573
3.163
2.573
-1.276
-0.213
-1.104
-0.364
-1.669
-0.522
3.872
-0.416
0.604
-1.391
0.314
2.334
1.525
3.754
-2.554
-1.465
-0.641
4.010
1.067
-3.051
2.971
0.613
2.487
4.151
-1.996
4.150
0.172
-0.643
0.721
-2.512
0.302
-0.232
-1.902
-1.201
3.081
-0.076
-2.004
1.426
2.190
0.345
-2.612
-5.762
-1.812
2.880
2.661
-1.561
-0.216
2.025
0.018
2.597
0.117
1.506
-0.425
-1.531
3.148
-3.255
-1.089
0.124
2.411
-1.759
0.654
-2.978
1.407
4.727
-4.353
-1.396
2.359
7.415
1.761
-1.401
-0.007
-2.594
2.282
2.861
3.725
-0.442
-1.588
3.938
3.664
-2.021
-0.551
2.245
-0.255
0.426
-3.176
-2.344
0.131
-1.327
-2.405
-0.404
-1.756
0.417
2.732
-0.373
-0.673
2.927
2.110
2.265
-5.700
-0.726
-1.022
-1.631
2.879
-0.954
-2.987
0.941
0.332
-1.864
2.793
1.624
1.616
1.512
2.965
-0.023
-2.630
-0.147
-3.623
-2.199
4.236
-2.291
-2.467
1.957
2.422
-3.649
0.947
-0.966
1.143
-0.376
-2.927
-0.805
1.852
5.015
1.286
-0.588
-2.481
-0.030
-0.558
1.084
0.207
1.501
-0.513
4.452
1.751
-1.346
2.753
-2.424
-1.701
-1.572
3.538
-0.079
-1.159
0.744
1.651
4.164
-3.243
3.382
-4.612
2.525
3.142
3.266
1.715
-2.206
2.143
-2.212
-1.903
-0.745
-0.529
0.928
-1.319
1.141
-2.944
0.443
-0.304
2.783
3.025
-0.058
-4.353
-3.188
3.047
0.006
4.548
2.502
0.962
0.659
-2.407
-1.165
1.349
-0.478
1.474
2.820
-0.081
-0.686
-1.801
2.354
2.158
5.599
0.774
0.118
1.472
-0.341
-1.775
0.563
1.449
1.608
1.416
2.903
1.599
0.999
-2.687
0.940
-0.060
-2.342
1.552
1.594
1.371
1.683
0.647
-0.242
4.598
0.706
-5.752
-5.477
3.242
-4.052
-0.956
-2.568
-0.376
1.277
-1.245
-1.607
2.100
6.667
1.647
-1.844
2.441
4.536
2.902
-3.355
1.618
-0.752
0.476
-0.548
2.133
-0.497
3.753
0.343
-0.186
1.722
1.207
1.791
0.030
3.553
2.727
0.321
2.324
-0.281
1.719
2.331
0.949
-1.618
-2.514
1.054
-1.387
2.880
-3.271
3.511
0.472
-1.700
-0.733
-0.139
1.509
-2.591
-1.952
-0.428
0.276
2.070
0.996
-0.585
0.917
0.747
-0.254
0.629
-4.814
2.590
1.665
3.945
-1.596
1.722
-4.222
-3.888
-0.219
-1.039
2.864
3.178
3.431
1.785
1.888
-2.726
3.709
3.355
-2.962
1.473
-0.962
4.789
-1.990
0.572
0.796
0.222
5.506
4.409
-3.580
1.519
0.323
2.352
0.861
-1.600
-2.140
-0.615
0.061
0.815
-1.019
4.444
1.635
2.447
0.017
-2.140
2.470
-2.034
-4.505
1.707
-1.463
-0.452
2.016
-1.883
-3.495
3.277
0.210
3.368
1.853
1.924
0.742
0.740
3.073
2.305
-1.064
1.533
-1.136
-0.400
1.714
-1.173
0.704
1.262
-0.464
2.077
-0.705
2.612
0.664
0.765
-1.807
-0.213
0.818
2.809
-0.422
2.800
-1.463
1.152
-0.866
4.056
3.623
1.036
-0.934
-3.291
1.258
0.848
2.410
-3.169
0.690
1.380
-1.815
0.630
-1.395
-1.631
-0.923
-0.289
3.323
-0.422
-1.680
2.301
2.816
2.317
3.636
0.811
0.723
-1.339
3.708
0.129
-0.379
-0.593
1.878
0.551
0.805
-0.429
-0.126
-0.005
3.762
-3.973
1.426
2.962
-4.062
0.178
2.707
-1.457
0.994
-1.887
0.429
3.416
4.419
0.963
-2.720
-0.395
-4.002
-0.356
2.665
-2.921
-0.147
-1.609
4.655
1.307
2.391
1.052
2.176
2.944
0.442
-0.925
-1.895
4.571
2.320
-4.986
-0.237
1.349
4.363
-2.296
1.373
-0.609
-2.523
3.579
-1.964
2.680
-3.477
-0.826
1.723
2.070
1.399
2.715
-0.343
3.692
1.206
2.114
1.223
1.529
-2.053
-1.910
-0.949
1.584
-1.063
-0.361
0.176
3.753
1.797
-3.157
0.733
-0.378
-0.198
0.352
3.052
-1.602
0.839
1.048
-0.181
-1.182
-1.463
-0.660
2.120
-0.510
0.112
-2.427
-0.788
0.900
-3.651
2.858
-1.073
4.581
1.358
-4.054
1.016
-0.413
1.046
4.230
2.042
-0.192
-3.003
2.445
1.573
3.129
0.007
1.058
-0.241
0.558
-3.285
1.114
1.268
-0.859
1.806
2.444
3.710
-2.098
1.957
3.561
-0.492
3.698
-1.392
0.517
-3.795
-4.131
-3.378
3.755
-1.511
-1.505
1.330
-1.435
3.242
4.823
-4.982
1.599
-4.595
-2.914
1.496
-1.915
0.976
0.425
-3.605
1.928
1.068
0.443
-1.205
1.285
-2.755
-2.069
1.120
2.822
-0.795
1.447
0.842
1.344
-1.310
-0.008
0.258
3.946
-2.301
-3.019
7.549
1.092
1.666
1.891
2.203
2.508
2.213
3.055
0.752
2.923
4.891
0.820
1.504
-1.042
-0.046
1.197
-0.584
0.572
1.169
3.999
-1.723
1.358
-1.100
2.188
2.379
4.376
-0.672
0.699
2.280
1.931
-5.621
-1.300
1.718
-0.154
2.297
2.851
-0.162
1.792
3.845
2.794
-1.500
-0.094
0.416
-1.895
2.918
-1.198
0.107
2.922
-0.732
-0.458
1.161
-0.631
4.028
-1.847
-5.158
2.373
-0.508
-1.588
1.271
1.357
-1.479
3.199
2.419
5.089
-0.751
0.725
0.910
-0.435
1.318
1.498
1.499
-0.434
-0.152
-1.011
-1.452
0.197
3.990
5.244
3.503
-0.763
1.328
-4.563
-0.022
-0.583
4.848
0.975
0.472
0.186
-0.348
1.626
-1.240
1.670
3.786
0.620
-0.404
0.169
3.232
0.684
-1.112
2.291
-1.356
-0.210
0.900
-1.587
-3.937
1.429
-4.910
-1.874
2.218
1.356
-0.029
-1.799
-0.684
1.734
0.032
-2.614
-1.762
-0.693
1.231
0.601
-2.641
3.583
-1.433
1.409
-1.924
6.307
3.530
-1.509
0.562
-2.120
-0.504
1.365
2.378
-2.622
-1.447
2.610
3.527
-1.506
2.646
-2.615
-0.364
-2.397
-0.624
4.932
0.218
-0.327
-1.005
-0.370
-1.590
0.678
0.272
-0.748
-0.959
0.789
-1.400
-0.226
-0.733
-4.945
2.414
-4.048
-3.894
2.499
-2.310
-4.634
3.560
-1.181
3.265
-1.847
-3.594
-0.422
-2.549
1.320
1.973
2.581
-0.398
3.663
-1.876
0.672
0.018
5.084
3.249
0.427
0.826
4.035
-1.454
-4.529
-1.972
-0.645
3.616
2.836
0.245
1.470
-1.351
5.362
3.261
0.479
0.173
2.034
0.213
-4.021
4.030
3.155
1.243
-0.657
0.374
-5.995
-2.308
4.591
1.591
-4.327
-1.637
-4.271
-1.523
-0.046
4.194
2.234
-0.375
-0.257
-1.571
2.967
3.253
-2.862
-3.780
-0.414
-0.120
0.971
-3.669
-1.367
0.152
-1.519
2.409
4.834
-0.943
2.484
-0.507
-1.882
-1.359
2.195
-1.190
-0.721
-2.395
1.871
1.450
3.842
1.781
1.341
1.750
-0.264
0.614
2.585
-1.619
4.434
1.881
5.201
-2.471
-2.471
1.243
0.647
-0.747
-2.696
-0.293
0.871
-2.790
-0.635
1.268
2.240
-0.337
-1.573
0.627
-0.146
-3.166
-0.731
-1.065
0.405
-1.411
-0.966
-0.087
1.882
0.573
6.746
-2.686
2.538
0.163
-2.996
-0.558
-3.282
0.548
-0.382
-1.294
-2.194
2.790
-0.033
0.853
0.774
0.609
-0.434
3.992
5.717
3.825
0.401
0.236
2.973
-1.468
4.455
2.249
-0.321
1.027
1.855
-0.676
2.832
3.405
-0.280
-0.792
0.097
-2.426
-3.652
-0.690
-1.954
4.600
-0.745
1.444
-1.158
4.627
-0.115
-2.635
1.959
0.973
3.237
-0.020
0.609
-3.268
2.355
0.501
0.052
-0.200
-0.327
2.388
-1.871
2.134
-3.503
-4.250
3.736
-2.105
0.604
-0.293
1.176
0.473
2.853
-3.080
1.960
0.227
-3.327
-0.922
-3.499
-3.666
-0.698
3.197
1.100
3.469
0.532
4.069
3.822
-1.930
0.520
-1.384
0.002
4.330
-1.190
-2.497
-2.338
-0.599
9.339
3.885
-6.545
0.264
-1.160
2.717
-2.480
-2.137
-1.022
-1.310
1.914
-0.453
2.758
-1.595
2.428
-2.427
1.825
-0.850
2.490
-5.508
-1.530
3.154
-0.134
-3.733
-1.347
1.271
-1.596
3.137
2.954
1.953
2.824
-0.886
3.919
2.932
0.041
-3.553
-5.330
2.725
-3.517
-1.861
1.495
-2.769
6.192
0.920
3.897
2.852
-5.741
2.137
0.311
0.200
0.289
2.881
4.299
-2.511
0.536
3.715
-0.148
0.837
0.871
5.425
2.146
5.319
4.535
-0.195
1.072
5.275
-2.390
2.177
2.201
-0.313
-0.563
-0.234
2.036
3.885
2.124
-2.669
3.964
3.213
-0.239
-1.221
-1.830
2.928
-4.161
2.987
-0.733
1.034
-7.861
-3.906
-1.280
-1.840
2.170
1.078
4.992
1.582
-1.210
3.286
-0.761
-0.899
0.355
4.236
2.873
2.798
5.055
2.741
-2.598
1.642
4.246
-3.294
0.313
-2.213
0.658
3.075
3.573
-0.092
1.937
-3.260
-3.846
3.037
-6.914
-1.300
1.975
0.879
-6.457
1.612
-1.717
0.640
-1.148
-1.311
-3.969
-0.512
3.317
-0.664
-0.555
-1.341
-2.737
-2.045
0.882
6.252
2.691
1.838
5.130
1.473
2.929
0.863
1.435
-3.030
-0.394
-0.999
-1.126
-1.267
3.784
-0.534
0.003
5.785
2.211
0.369
2.890
-1.256
-0.669
-0.518
0.949
1.470
-1.928
1.327
1.801
-0.772
-0.047
-2.379
-3.271
-2.403
2.080
1.605
4.976
0.442
0.474
1.159
-2.211
2.518
1.267
-1.924
1.242
2.170
-2.845
2.888
-0.731
-7.019
2.683
3.573
-2.347
-3.660
3.537
-1.132
3.578
-3.951
3.722
2.926
1.647
-4.460
-0.520
2.768
-3.699
-0.904
1.301
-2.432
3.471
2.996
0.931
1.392
-0.947
1.765
-1.085
-0.122
-0.832
3.795
3.247
-2.058
3.560
-1.565
4.797
4.120
5.613
1.053
-0.323
-0.377
1.250
-2.084
-5.433
-0.609
0.448
1.683
1.303
0.688
3.157
-1.744
-1.263
5.412
-7.291
3.036
1.702
0.347
2.501
2.074
-3.152
-1.987
-0.804
-4.741
0.329
1.880
3.148
0.537
-1.449
0.888
0.161
2.234
0.241
2.485
-0.277
3.447
0.776
-1.085
-0.450
2.095
-2.700
0.039
2.916
1.591
-2.412
1.097
-2.871
0.798
3.662
0.526
-2.367
-0.108
0.817
2.971
2.950
-2.264
-0.428
1.295
-1.101
1.546
-2.885
0.977
2.816
0.479
0.772
2.376
-0.716
1.843
0.277
-1.829
2.516
3.712
3.130
2.515
1.576
1.221
0.125
-1.240
-4.608
-3.412
0.385
-2.713
1.344
4.544
-7.391
-1.984
5.596
2.352
0.082
-0.927
1.756
2.700
-2.697
3.930
1.306
2.602
2.808
1.099
1.419
1.593
-0.507
1.906
-0.273
0.352
4.103
0.264
1.342
-0.069
-0.528
4.979
-3.165
0.475
-2.534
3.361
0.202
-0.775
-4.054
4.133
-2.837
1.518
2.586
5.567
-0.973
-1.703
-0.675
-1.062
-4.171
4.275
-0.653
-0.033
1.856
3.677
-2.435
1.208
-2.568
1.151
1.051
-0.785
0.910
0.954
0.154
-0.141
-2.924
-2.268
-1.124
-2.071
-1.026
0.167
0.562
1.698
0.727
0.636
1.637
-1.851
-1.650
-0.546
-1.323
-3.857
1.732
-2.046
4.698
0.747
-3.254
1.951
0.430
1.048
-0.844
-1.885
-3.157
-2.727
-2.933
-0.508
0.226
-3.363
2.516
0.690
6.175
-0.622
5.709
2.140
-4.352
-2.508
1.113
-3.844
-1.801
-3.472
5.483
2.987
-0.464
3.980
3.369
3.495
-0.992
-0.391
-2.282
0.077
-1.600
-2.228
3.066
1.962
-1.768
2.619
1.091
-0.407
4.168
1.083
4.616
1.708
1.914
-2.232
-0.987
3.848
3.139
-0.510
-2.897
4.333
2.910
-2.397
-2.397
4.751
-0.868
-0.826
-1.283
1.203
-3.011
0.920
-3.026
-3.009
-2.928
-2.835
2.084
2.084
-0.040
-1.166
3.666
2.018
-2.479
1.191
1.068
2.074
6.948
-1.614
1.681
3.940
4.474
0.783
-2.788
-3.958
2.334
1.172
0.658
1.028
2.698
1.661
1.278
-1.075
2.845
-1.036
2.673
-0.592
1.765
4.583
1.935
3.749
-0.541
0.581
-0.501
-3.633
2.915
1.715
1.545
3.306
-2.375
-2.951
3.329
0.181
0.866
-3.171
3.883
1.961
-1.031
5.356
-2.922
-0.441
2.719
3.118
-3.234
-0.330
2.140
3.885
3.683
2.031
0.565
-0.081
1.545
3.792
-0.164
-0.306
3.099
2.898
-0.850
-2.815
-3.762
0.662
-2.301
2.501
-3.770
4.223
-0.458
-1.567
-0.949
-1.725
3.985
1.962
0.582
-2.537
0.218
-1.499
-5.964
-1.315
1.803
-0.673
0.002
2.848
2.419
5.056
-4.915
-1.671
2.530
1.385
0.589
-1.101
0.893
0.755
-4.095
0.863
-0.891
2.369
1.177
5.044
0.350
-2.269
-5.623
-1.902
1.256
1.869
-1.102
-0.682
0.518
1.262
2.798
-1.060
-1.432
5.210
4.630
-0.921
3.092
5.641
3.511
-1.481
0.602
-3.854
-1.966
0.313
0.877
-1.313
-6.254
0.815
2.098
2.189
-0.144
0.026
0.942
1.331
0.126
-5.225
3.703
-0.764
-2.587
-0.592
0.618
-1.112
-0.946
-0.429
1.218
-1.568
1.160
-2.963
5.164
2.924
-0.309
1.153
-2.454
1.698
2.379
0.989
2.515
0.333
0.107
-1.234
1.684
-1.658
1.344
1.078
3.576
1.750
-3.866
-1.242
-1.305
-1.407
2.670
-4.938
3.769
2.746
0.796
1.188
0.530
0.731
3.053
-0.187
1.791
-1.741
1.628
-0.305
1.377
-1.725
1.428
0.238
4.106
0.971
1.534
-0.710
1.099
1.488
-0.500
-0.687
-1.586
0.167
-1.218
1.051
-1.547
0.056
-1.920
3.097
0.410
0.388
1.779
4.611
0.545
-3.228
3.187
-2.908
-0.841
3.212
-0.455
-1.023
1.025
0.373
-1.314
2.456
3.297
3.681
1.674
-1.333
-2.663
-5.211
2.829
0.817
-0.655
-4.290
-2.489
-3.887
3.811
1.876
-2.784
4.274
-1.383
1.188
1.194
0.125
-0.377
0.432
-0.322
0.948
1.043
-0.908
2.993
-1.659
1.286
-0.465
-1.736
-0.316
-1.236
1.931
0.123
3.636
-1.933
-4.922
1.297
4.484
1.523
-1.912
-2.105
5.212
-0.561
-2.086
3.207
-0.003
-4.516
5.349
1.753
-3.278
3.700
-2.165
-2.309
-1.790
5.005
5.259
-0.965
4.443
-5.139
2.544
3.624
3.965
0.535
1.709
-1.371
0.410
-0.044
-0.182
3.073
0.866
4.414
0.945
5.609
3.295
0.142
0.769
-1.666
0.734
-2.008
3.543
-0.475
1.204
-5.125
-0.291
-0.542
2.560
1.604
2.794
1.412
3.303
1.356
-2.953
0.133
0.257
-7.486
-2.090
5.250
-0.309
0.097
-4.878
-2.883
1.512
-0.765
-2.311
3.464
-1.333
-2.772
0.447
-1.606
-1.609
0.203
-1.195
-3.651
1.691
2.428
-0.251
1.838
-0.535
-4.234
2.501
0.112
0.712
0.095
-0.086
0.691
0.737
3.382
1.402
3.174
3.967
-3.517
3.414
1.917
1.522
2.725
-0.286
1.796
-2.189
-3.039
1.626
0.183
0.343
-1.564
1.289
-0.673
0.238
-0.818
-1.575
-0.147
3.195
-0.785
0.046
-0.286
-1.179
3.300
-2.918
0.145
-1.674
1.711
0.671
3.187
2.113
0.546
2.136
2.356
-1.840
2.206
1.063
1.525
-0.628
-1.700
-2.132
-7.830
-1.352
6.204
2.324
1.114
2.656
-0.274
-0.591
-0.347
-1.416
-1.219
0.312
0.505
3.533
2.809
-3.215
-0.357
-2.303
-5.910
0.559
1.735
0.521
1.399
-0.453
-2.117
-0.531
3.635
1.249
-3.300
0.662
3.407
2.177
3.438
-3.222
0.652
-0.486
1.778
-1.688
-1.730
0.343
-1.862
0.973
-4.544
3.172
-6.334
2.521
-1.044
-3.129
0.758
2.475
3.130
3.052
-1.710
0.842
-3.917
0.540
1.161
-0.550
-4.056
-1.075
4.928
1.288
-0.813
-0.032
1.273
-3.368
-3.243
-1.417
-0.877
4.656
0.520
-0.891
0.486
-4.510
-1.820
-1.446
-2.099
3.313
1.934
-2.555
-2.690
-2.673
-0.098
0.830
1.349
-2.085
-0.078
0.216
3.223
2.208
-3.095
-4.171
0.084
-1.179
-1.956
-1.465
1.741
-3.259
4.786
-1.372
1.868
-1.256
-3.294
-0.000
-2.660
0.703
0.290
-1.317
0.713
2.843
0.086
-1.399
1.310
1.410
-0.334
3.646
-0.369
3.921
-1.221
2.391
-0.178
0.995
-4.513
5.555
1.111
2.790
-2.956
0.762
-0.081
-2.188
3.435
0.701
0.220
1.849
-1.701
0.737
0.566
0.672
2.816
-0.669
-0.922
-1.124
-1.224
2.996
0.180
2.805
1.000
-1.748
-3.267
-3.135
-1.788
2.797
3.472
0.573
2.575
-0.982
-1.157
2.200
0.749
2.110
0.473
-0.551
-0.168
1.087
0.926
-1.887
0.058
-3.299
-0.488
-1.860
-6.960
5.654
-1.504
-1.909
4.245
-2.463
-3.133
-0.143
-0.838
-1.184
-1.852
-0.103
4.278
-3.516
2.367
4.031
-1.153
1.253
0.057
-3.776
3.276
0.435
-0.900
-3.302
1.600
0.715
1.804
1.683
-1.602
-7.858
0.086
-0.075
0.743
3.993
0.233
2.012
1.255
-2.974
-2.746
3.119
-1.761
1.236
-2.107
2.141
0.944
-0.365
1.950
0.973
-1.383
0.379
1.956
3.008
0.041
4.637
-1.437
-3.386
-3.037
0.326
0.379
0.651
-1.253
5.692
3.976
-2.396
0.105
0.468
1.996
-3.308
-3.764
-2.575
3.960
-1.221
2.290
1.763
-0.081
2.336
-2.596
-0.781
-4.970
0.584
-1.552
5.606
0.491
2.316
1.917
0.164
2.731
0.429
1.491
6.009
0.811
-0.917
-1.349
0.151
0.631
0.492
-3.447
-5.083
-1.975
0.491
0.502
1.441
1.221
-0.849
-2.100
1.601
0.893
-2.274
1.849
2.647
2.245
2.665
-1.451
2.394
-0.029
5.258
2.496
1.381
4.469
-0.865
1.672
5.715
2.302
0.713
-0.298
-1.974
-0.345
-1.615
-0.203
0.086
2.723
-0.631
-1.082
2.479
2.022
-0.234
1.792
-0.279
-0.162
4.079
0.019
-0.624
0.393
-4.367
-0.053
0.961
5.105
0.572
1.401
1.181
5.795
2.756
-3.132
3.300
-1.918
-1.219
-2.769
4.724
3.197
3.304
2.836
2.008
-0.417
0.845
-0.889
-1.693
-1.187
6.000
-0.568
2.752
5.335
2.224
-1.541
-1.418
0.635
5.766
3.767
1.638
-0.140
1.261
0.804
0.789
-1.751
-1.796
1.139
-2.433
-1.150
0.421
1.144
3.028
-2.657
-2.650
3.485
4.374
-2.156
-1.679
1.659
0.467
0.486
-1.524
2.077
-0.219
-0.298
-2.365
2.249
-0.517
0.242
3.206
-2.162
0.142
-3.390
-0.907
3.442
-3.349
0.916
4.199
1.667
-1.051
-2.318
-4.281
4.100
-0.660
-3.975
-2.101
-2.237
-0.838
6.082
2.565
1.512
3.224
4.751
1.618
3.809
-1.188
-1.721
-2.126
1.055
-5.962
3.529
-0.835
2.333
-2.990
3.017
3.669
0.597
1.617
-2.113
0.459
2.683
-0.377
4.013
-3.930
-0.439
-4.261
1.109
-0.161
-0.072
2.126
-0.331
7.086
2.290
0.422
-1.269
-1.836
1.399
-0.914
2.728
0.153
0.161
0.625
-0.015
1.015
5.317
1.648
1.366
2.239
0.090
-1.963
-6.896
-4.572
2.145
1.235
-0.005
6.019
0.268
-5.318
2.151
3.136
2.078
3.172
-3.876
0.577
-1.642
1.605
3.999
-0.534
1.914
-1.754
0.308
-0.884
4.672
-2.242
0.562
3.636
-4.318
1.385
0.617
-1.285
3.269
4.468
1.929
-0.362
-3.123
0.782
-0.019
0.127
-0.843
-1.054
0.420
-2.605
2.837
-1.482
0.619
-0.428
1.910
1.779
1.567
-2.455
-0.112
4.195
-0.471
2.868
0.326
-0.393
0.798
-1.647
2.510
-1.699
1.679
2.939
1.372
-1.016
0.796
-1.412
-0.157
-0.906
-1.477
1.863
2.711
2.878
0.931
3.876
-1.275
3.434
2.533
0.446
0.885
2.837
1.938
0.978
-0.731
-1.868
0.610
-2.396
2.107
-3.908
1.087
-0.314
-0.705
-0.314
-6.567
-0.711
-1.732
-1.702
7.840
-2.983
1.301
-1.559
-1.839
-2.882
3.058
3.241
-1.139
2.539
-2.136
-0.613
1.980
-2.053
-1.424
0.409
0.440
-2.238
5.709
-1.675
2.637
1.780
-1.583
1.462
-1.667
0.520
2.328
-0.990
1.338
-1.032
0.772
0.605
-0.530
-4.045
2.224
5.127
0.685
-1.121
0.849
3.100
3.421
2.538
1.418
1.971
0.634
-1.944
-0.559
-0.425
1.052
-3.884
1.576
-4.481
1.337
3.158
2.498
-1.800
1.847
2.040
4.444
1.228
2.813
-0.699
-1.695
2.424
2.458
-1.175
-2.558
0.646
0.455
0.911
2.476
2.819
0.369
-2.039
-1.392
-1.082
0.062
-0.885
-0.237
0.527
-1.193
1.123
4.736
-0.050
-1.286
1.086
-1.558
-0.004
-1.278
-2.218
-1.759
-1.236
-2.150
3.419
1.385
2.610
-2.910
-0.355
1.356
4.317
-1.457
-2.737
0.808
-1.267
4.444
1.651
-0.336
-0.329
0.046
-4.029
0.451
-0.819
1.869
-1.804
1.988
1.653
0.733
3.359
-4.173
1.415
0.243
0.172
-2.006
-3.057
2.492
2.241
4.667
5.061
-3.366
-0.021
0.952
2.659
3.774
-2.120
-0.948
3.640
-3.665
-2.234
1.401
5.280
-3.675
0.493
1.681
3.878
1.422
-4.070
-2.736
3.643
1.407
-2.352
1.534
1.087
-5.637
-4.689
1.096
5.235
0.983
-5.529
-3.520
1.852
2.113
-0.116
-0.811
2.255
3.002
2.016
-1.939
2.508
-0.497
-1.094
-1.188
0.401
1.719
-4.500
-1.404
-0.756
2.837
-1.730
-0.444
2.293
0.445
4.029
-0.010
4.869
5.300
1.449
1.354
1.692
2.310
0.647
3.155
1.551
3.677
-3.137
0.869
2.787
-2.390
1.383
1.811
4.497
-0.465
0.857
-0.984
0.012
4.237
0.280
-1.352
-0.089
-0.895
-0.709
-0.943
-0.850
-2.498
0.516
-1.999
3.089
-0.399
1.331
1.336
-4.057
-0.290
4.474
-1.512
5.802
1.656
1.591
0.924
2.861
2.993
0.305
-0.683
-3.070
2.303
0.508
-1.675
-1.043
0.186
-2.005
0.467
-3.538
-0.928
-2.439
0.831
-1.997
-0.992
5.773
2.426
1.792
3.464
1.580
-3.020
-2.810
-6.154
0.835
-2.194
-1.019
-0.418
-1.110
0.267
-0.329
-0.568
-3.365
0.930
5.572
1.013
5.796
-1.014
-0.257
0.302
-0.058
3.146
-4.908
-0.741
4.342
-0.842
2.579
1.800
0.176
1.110
0.145
-4.753
1.454
-1.129
-2.954
1.279
1.120
2.705
-0.277
2.411
0.401
1.179
1.377
-2.844
1.255
0.599
-0.301
0.624
6.469
-4.257
0.034
2.298
-2.641
1.241
1.076
-3.464
-1.052
4.630
-3.468
-0.703
-0.046
0.360
-0.641
0.548
0.265
2.055
2.377
1.405
0.918
-3.402
0.628
3.024
-3.516
-2.811
3.931
-3.245
0.103
-0.974
3.786
1.077
2.249
0.484
5.139
-1.436
1.175
3.367
3.911
-0.293
-4.510
-0.572
4.535
-1.482
1.049
-0.387
0.177
3.499
0.961
5.251
2.693
0.665
0.124
1.146
-2.610
-2.188
2.167
2.557
-2.825
2.413
-0.072
-1.645
-0.405
2.482
1.811
1.064
1.258
-2.388
1.662
-0.747
5.201
-0.562
5.693
-0.037
0.122
-0.356
-2.669
3.533
0.583
1.855
4.226
0.035
0.127
0.698
-2.729
-4.039
-3.259
3.329
-0.432
2.233
-0.270
-3.436
2.429
-1.784
1.742
2.566
0.244
1.488
-3.065
7.370
1.406
2.225
2.592
0.016
0.537
2.954
-0.533
1.289
1.473
-1.413
1.415
-3.716
2.553
4.118
2.524
3.944
-1.479
-0.190
0.651
0.659
-0.700
-1.842
4.495
-1.649
4.325
1.538
0.837
1.653
4.006
-5.949
1.212
0.708
0.796
2.607
-1.115
-2.412
-2.972
-1.828
2.000
1.562
2.470
-0.754
-0.647
4.319
2.797
2.155
-4.029
5.048
0.129
0.765
1.424
0.745
-0.063
0.698
1.878
2.387
3.277
-2.284
-0.960
2.397
-3.418
0.738
-1.536
1.673
-1.678
-0.513
-0.347
0.941
2.650
2.827
0.842
-2.313
6.541
0.146
1.007
0.931
1.199
-1.683
1.403
4.722
-4.472
0.428
-2.342
2.723
3.089
0.044
0.496
-1.764
-5.309
-0.298
-0.163
0.453
-7.519
-3.791
-3.209
0.549
1.755
-2.440
-0.312
-1.039
5.227
-0.574
-0.675
-1.608
-4.212
1.902
-0.289
-0.582
0.788
-3.437
4.599
-4.019
4.613
0.314
-0.577
1.961
-0.481
2.586
1.089
2.061
2.846
-0.068
2.665
1.593
3.552
-0.531
3.628
-1.505
-4.467
-2.926
-0.447
0.980
0.388
2.238
-2.531
4.489
3.579
2.594
3.386
-3.377
2.027
2.127
2.672
2.383
1.417
1.321
3.212
-1.146
1.231
-0.977
-0.015
-6.064
-1.739
-0.697
-0.666
-0.450
-2.494
-0.448
2.955
-0.367
3.466
3.308
-1.059
1.717
-2.801
-2.179
0.618
1.571
4.222
-0.041
0.771
0.585
4.655
3.572
1.273
2.255
1.189
2.929
2.418
-0.375
0.589
0.738
0.714
-0.869
1.159
-0.872
-1.055
0.065
0.997
3.292
2.054
3.014
4.604
-1.055
2.057
2.153
0.964
2.493
0.560
1.960
-3.049
0.355
2.050
2.818
-1.716
0.154
-2.202
-0.581
1.108
2.835
2.519
0.885
-1.212
0.016
6.439
-3.007
-2.549
0.770
2.046
2.423
1.042
-3.297
-0.177
-3.888
1.298
1.444
0.047
-2.489
-1.615
-3.546
0.227
7.954
0.105
-0.658
0.871
-2.411
-2.328
-1.135
2.474
1.151
-0.032
2.147
4.451
2.117
-2.093
-4.170
-3.836
2.436
-1.469
2.314
-0.741
1.281
2.033
-1.529
2.325
-1.233
-1.335
2.321
1.867
1.454
-2.297
-0.572
2.004
5.831
4.697
-0.773
-1.232
4.502
1.792
-0.773
0.654
-2.648
2.772
3.710
4.046
3.052
-0.419
2.496
3.856
2.618
2.398
0.809
-1.824
4.803
0.262
3.264
6.297
2.530
3.170
-1.895
-1.396
3.386
-0.969
-2.869
-3.636
-0.170
-0.200
2.745
-2.024
3.656
-2.560
-2.496
0.682
0.478
1.741
-2.472
1.197
-3.678
-4.918
4.737
2.862
0.341
-4.504
-0.749
1.427
-0.755
4.097
1.860
-1.866
-3.480
2.449
2.368
2.165
4.395
1.448
0.575
2.185
3.313
2.000
0.425
2.674
0.581
-0.821
0.642
-0.416
0.144
-1.681
2.748
0.863
2.055
1.507
-1.815
3.526
-0.190
-0.517
0.865
0.912
6.592
1.782
-0.815
4.905
-3.562
-0.807
-0.984
0.340
1.181
1.396
1.351
1.862
0.205
3.445
-3.519
-5.776
2.128
-0.445
4.472
2.852
1.763
-0.818
1.972
-0.601
0.493
-0.433
0.972
-0.252
2.752
1.436
-0.872
-0.724
-2.698
-4.335
2.589
-0.505
-2.572
1.417
-1.381
0.184
-2.751
1.908
0.561
1.549
-0.676
0.943
-3.143
5.809
1.345
4.448
-0.289
-2.170
-0.830
0.245
0.070
4.818
-1.704
-1.101
2.061
-3.458
0.253
0.690
1.390
1.187
5.121
-1.773
-1.196
1.813
0.893
1.193
-3.022
5.585
1.434
-3.447
1.817
-2.298
2.580
-2.807
2.765
-2.580
-1.988
0.680
-1.118
-0.981
-3.322
-0.441
2.471
4.858
2.336
1.994
-3.702
0.281
-1.214
-3.276
-2.703
1.953
-0.988
-3.190
-1.177
1.045
-1.268
-2.554
-1.858
2.473
-4.637
-0.293
0.074
-1.464
-1.950
2.710
2.702
0.603
-0.954
0.620
1.321
0.082
1.385
-0.499
-7.213
-0.114
1.994
0.424
1.175
-0.301
-0.113
0.760
5.015
2.371
2.054
0.842
-2.846
3.292
2.527
1.228
0.245
1.660
-0.205
2.097
-1.661
-4.234
-2.533
0.688
-0.374
-0.005
-2.761
1.075
-2.138
1.542
-3.045
-1.663
-1.986
1.727
-0.759
1.369
3.087
4.622
0.905
-2.295
3.353
3.977
0.206
3.515
1.150
-3.632
-1.164
-0.862
-0.523
-1.890
-1.965
3.580
-3.818
-1.388
1.841
-0.988
1.311
-0.613
1.400
-2.141
-4.110
-0.613
-3.942
0.190
-2.378
-2.349
3.883
1.007
-3.337
0.234
0.007
-4.614
1.184
2.637
-0.665
-0.351
-0.987
1.275
-0.249
-0.153
-1.593
5.249
-0.273
2.031
0.987
-5.793
-0.540
-2.417
2.694
-2.689
1.538
2.742
1.023
0.359
-0.600
0.054
-2.866
0.777
2.874
-1.744
0.394
0.102
1.100
-0.937
-3.271
-2.339
-5.214
2.213
1.304
0.315
-1.323
-0.039
0.282
-0.901
-0.810
3.493
-2.652
2.733
-3.526
4.209
-5.385
1.467
-1.231
-0.051
0.025
1.803
-4.358
0.276
0.795
-1.237
0.083
-1.244
1.681
1.223
0.871
1.940
3.343
-2.030
5.683
1.293
-0.853
5.869
-0.646
-2.557
-0.874
-0.989
2.954
0.079
0.590
0.503
3.149
-0.424
-0.142
-1.303
-0.660
1.610
2.099
4.430
0.100
-0.283
1.303
-0.775
-1.188
1.127
-0.590
-0.345
1.804
1.094
5.151
2.562
-1.492
-0.609
-2.945
-1.985
3.379
-0.317
-2.977
-4.323
-3.182
-1.576
0.359
-0.602
2.026
-1.896
3.293
0.023
1.450
-0.898
2.791
-2.835
-2.611
-1.977
3.172
-0.219
-1.926
-0.121
0.763
-2.235
0.733
0.023
-0.864
-2.689
2.483
-0.775
-6.693
1.204
1.264
2.589
1.342
0.682
-0.818
-0.812
1.972
-0.026
-3.099
-0.476
0.220
-4.428
2.142
0.352
-2.921
-0.364
0.105
2.620
2.551
2.937
1.252
-1.218
-1.827
-1.332
0.192
0.290
2.820
-0.260
-4.507
-2.512
-1.992
-1.994
-6.384
4.117
-4.888
-1.027
1.930
1.765
-3.177
3.246
2.897
-0.085
0.415
-1.843
0.956
0.893
-0.818
1.899
1.146
8.062
-1.814
3.549
-1.696
1.616
-5.889
-0.880
1.483
0.926
-4.462
-0.639
3.894
2.819
2.655
5.995
-3.838
-0.597
0.425
-1.405
0.650
3.472
0.615
-4.940
1.975
0.314
-4.880
-1.127
-3.816
-0.341
-0.859
-3.310
0.952
-2.248
3.528
0.754
-0.276
3.360
0.975
1.182
0.194
-0.403
1.320
4.008
-7.857
4.834
-2.069
0.812
-3.771
3.929
-2.969
3.044
-0.229
-0.041
-2.672
3.276
-0.004
2.072
-4.609
-1.789
0.952
-3.437
1.217
-1.238
-1.516
1.581
0.760
-2.348
3.046
1.563
-4.485
-0.378
1.246
0.083
-7.626
0.502
2.168
0.155
0.483
2.798
-3.452
2.117
1.165
-3.547
2.025
4.685
1.151
1.681
-2.207
-1.135
-2.093
1.300
-0.893
-1.041
2.039
4.357
0.140
-3.430
0.446
0.810
2.345
-0.426
2.464
2.096
-0.365
2.319
2.582
-2.269
2.655
0.062
-0.244
0.091
3.329
3.322
1.493
0.997
0.100
6.826
-1.293
-0.723
1.076
-1.826
2.867
-3.181
-1.363
-0.614
-2.061
2.848
-2.806
-1.962
-1.275
2.373
3.836
1.604
-2.803
-1.138
4.123
0.419
-3.120
5.616
-1.017
0.178
-1.293
-1.943
3.460
0.821
1.107
-2.721
-0.368
-1.143
-1.632
1.472
-0.461
2.012
2.080
-0.694
1.439
-0.759
-1.541
-2.195
0.556
-1.431
3.658
4.252
1.490
0.934
0.395
6.047
5.060
-0.141
-0.127
1.135
-2.481
-3.970
-2.861
-0.374
-1.918
3.842
-3.176
-2.855
-4.053
-1.199
-0.606
0.159
0.266
-1.142
-2.176
1.355
-1.809
2.225
-3.208
-1.446
5.251
5.579
-2.917
3.248
4.223
2.901
0.190
-4.282
0.553
1.338
0.922
1.495
-1.599
-0.811
-5.396
2.487
-1.804
-0.248
0.958
-0.995
-2.224
0.964
-3.930
2.190
1.935
-0.969
-0.836
-2.021
-0.567
-0.132
-0.414
3.827
-3.848
-1.829
2.105
5.282
-1.724
2.779
-2.410
-0.584
0.374
-1.307
-0.656
-2.923
1.968
-1.805
-1.243
-1.527
-1.399
0.697
0.501
6.395
-0.238
0.109
3.559
0.890
0.113
0.029
0.816
2.689
3.579
2.826
1.471
0.856
5.242
-0.789
2.026
3.168
2.856
-1.480
7.106
4.359
2.894
-2.065
2.701
-5.197
-0.207
0.606
-0.728
4.150
0.599
-1.957
2.158
1.306
-3.858
3.561
0.593
2.715
1.335
-0.458
1.368
0.108
1.048
1.793
0.703
1.466
-0.543
-1.021
2.210
3.830
-0.892
1.106
-3.032
4.681
3.100
-1.051
-0.497
3.252
0.772
1.869
-2.017
1.735
-0.007
1.067
-0.604
-0.156
0.599
-1.054
5.794
-2.181
1.550
1.077
2.176
-5.651
-3.699
-0.966
2.559
-0.284
-0.382
0.388
-1.668
1.478
0.811
1.556
3.989
-0.202
0.614
-2.015
-2.656
0.332
0.597
2.005
1.731
0.960
4.394
-0.399
-0.105
1.030
-2.491
2.001
0.521
0.567
1.653
1.252
1.336
-0.585
4.117
-3.159
-1.295
-0.976
-1.380
-3.842
4.296
1.892
-1.165
2.023
-0.035
-0.348
-1.954
0.391
-1.168
-1.983
2.643
-1.623
3.721
-1.365
-3.257
1.610
-0.722
-3.444
0.961
-2.784
-4.424
1.975
3.924
-0.597
3.258
2.275
1.951
-0.057
-1.081
1.176
1.905
-2.676
-0.428
-0.104
-0.327
-1.270
-2.848
-0.380
-0.317
-0.785
1.908
-2.935
1.023
-3.955
0.191
-5.063
-1.786
0.297
-3.070
-3.054
2.707
-3.479
0.065
3.892
0.692
0.419
-1.363
-1.354
-0.053
-4.442
2.781
0.848
-3.845
2.812
1.980
1.404
5.717
0.581
4.022
0.411
1.436
-0.978
-4.175
-4.034
0.147
-0.219
-2.482
-0.315
1.430
3.448
-1.311
1.293
4.524
2.150
-1.497
0.593
0.793
1.880
0.444
1.511
2.797
-2.174
-2.819
1.811
-0.018
2.421
2.960
-4.091
-1.659
0.050
-2.107
-0.785
-2.719
-0.703
-1.968
1.177
2.516
1.331
6.585
2.603
2.513
0.153
-0.386
3.405
-0.257
0.434
-0.063
1.646
2.490
2.904
-0.379
0.787
1.145
3.864
-3.937
0.377
-1.193
-0.928
-1.691
1.644
-5.532
0.018
-4.022
-1.312
-0.163
-0.624
1.985
3.349
5.050
0.332
3.137
3.863
-0.793
3.309
-4.872
1.064
4.203
0.588
-0.107
-0.119
3.874
-3.470
-0.588
2.372
1.113
3.198
1.987
-0.783
1.746
-2.817
-4.491
-1.118
0.542
-1.598
0.769
0.490
-4.114
-0.945
2.608
1.518
-1.321
1.835
4.562
-0.669
2.129
1.751
-0.796
-2.369
4.312
2.963
-0.317
3.262
1.682
3.245
-3.952
-0.630
4.126
6.715
-0.585
-0.627
1.989
1.176
1.630
-4.839
-0.223
2.283
-5.301
-3.532
-3.907
1.912
-1.881
-2.532
0.482
-2.627
1.434
6.143
-0.535
-4.313
-0.737
1.526
1.286
2.362
-1.075
-0.322
-5.535
1.824
-2.794
0.830
-1.741
0.142
2.650
-0.699
-1.425
0.356
-1.192
-1.910
4.830
-4.102
1.919
0.025
-1.632
1.184
0.433
3.519
-2.373
-0.889
2.778
-0.142
1.662
3.266
1.699
-1.117
-0.492
3.286
0.723
-0.139
1.271
-2.732
-0.218
0.162
0.122
-0.596
-0.391
0.076
3.855
-4.937
2.028
0.142
0.202
-0.625
1.554
2.630
-4.201
5.375
0.696
0.613
-2.996
-1.020
3.612
0.515
1.348
-0.757
5.080
-0.018
3.063
-0.013
1.184
1.195
2.569
2.123
-0.788
3.132
-2.026
-2.491
-0.349
1.294
-2.103
0.163
-2.973
-0.297
2.682
-1.675
-2.582
1.259
-1.540
6.165
0.811
2.809
-2.805
1.448
-2.065
-0.080
-1.455
2.845
1.121
0.632
3.617
0.388
2.823
4.671
0.686
0.973
2.641
3.798
0.658
-1.180
2.430
1.722
2.407
2.027
0.846
0.985
2.035
-3.129
3.541
1.430
-1.681
0.794
3.515
1.047
-1.407
-2.709
6.266
-3.823
1.159
-1.058
2.852
-2.569
4.210
0.050
-0.178
-0.402
-1.072
-0.535
2.074
-3.782
-1.448
3.938
0.133
-1.024
-2.709
-2.459
2.707
-1.624
2.281
-2.003
0.048
0.184
-1.459
0.535
-4.728
0.138
1.418
-1.654
0.861
0.718
0.815
-2.878
0.578
-3.783
-1.161
0.341
0.850
-2.552
-0.332
2.257
-2.001
-4.819
1.621
-1.911
-1.184
0.663
0.535
2.802
-0.230
0.514
-3.713
1.858
-1.309
8.105
-0.163
1.369
1.880
0.137
1.398
5.763
-1.459
-5.034
-2.777
2.743
-0.800
5.947
2.095
-1.217
-1.518
-0.721
-4.605
1.017
2.014
-1.972
-3.374
-1.835
2.743
2.278
0.867
4.290
-3.704
-0.150
1.695
2.245
2.279
2.087
3.517
2.177
-2.421
-0.742
-3.719
2.741
3.217
-2.579
-0.562
-3.863
0.060
-1.635
-2.453
0.291
4.866
2.258
-0.254
0.233
4.858
3.371
-0.396
1.553
-2.047
0.409
2.184
2.799
-1.186
2.754
0.706
-0.342
4.932
-0.515
-2.309
-1.264
2.092
-2.018
2.340
-1.698
0.170
5.654
-1.768
-4.498
3.632
-3.011
-1.600
2.099
2.003
-5.348
-0.473
2.395
5.218
-2.623
2.914
-1.239
2.850
-2.147
-0.202
1.280
2.640
1.719
-0.680
-0.855
4.620
1.015
-0.791
1.641
1.845
-2.898
1.517
-3.265
-1.198
-2.017
0.040
-0.699
-0.130
-4.198
0.167
-2.293
5.830
-0.609
-0.269
2.018
3.524
-2.476
1.725
2.669
0.793
0.745
-0.879
-0.423
0.091
-0.672
2.481
-1.742
2.403
3.537
1.238
-3.945
1.819
-1.195
-0.916
1.219
3.003
-3.637
0.488
5.130
-2.288
-0.131
-1.128
2.038
-2.651
-3.419
2.347
0.923
-2.497
0.186
-2.726
2.563
1.018
-1.365
-1.042
-0.752
-2.230
3.566
3.142
-0.613
-0.405
-2.345
-0.035
1.524
3.185
-1.801
-3.693
-2.067
1.685
0.246
2.732
0.450
4.228
-3.456
-5.627
3.598
-1.560
0.680
0.673
1.134
-0.787
-1.934
-2.126
1.799
2.202
-0.250
-1.082
1.715
-3.206
5.029
1.436
-0.033
2.342
1.864
0.914
-4.187
1.336
3.844
-0.983
2.651
2.388
1.056
0.758
1.694
1.348
4.888
2.670
2.047
2.887
2.049
-4.644
0.070
-1.137
1.137
-0.986
1.769
-0.661
4.424
4.310
-3.122
1.125
-0.759
0.955
1.758
-2.719
-1.987
-1.688
-0.973
-0.903
2.262
0.884
-1.741
-0.417
-5.337
5.197
0.393
2.732
2.254
0.263
-5.367
-0.989
1.199
0.495
2.847
0.345
4.771
-2.193
1.592
-2.119
2.544
-1.457
-3.866
-3.217
-0.783
4.091
2.129
1.423
0.194
-2.353
-1.889
-0.974
-1.192
-1.226
-1.933
0.365
-1.453
3.066
3.042
1.792
1.515
-3.375
5.848
-0.326
2.255
2.349
-2.149
-1.157
1.305
-3.361
0.135
-5.398
0.374
3.650
0.344
-3.162
-0.977
1.826
0.750
1.435
-0.063
-1.488
0.651
0.513
2.815
-0.778
0.467
0.001
5.808
-1.457
-0.573
-1.948
3.479
3.657
-0.171
3.195
1.137
2.035
-2.038
0.737
4.844
3.896
2.283
2.633
6.189
2.236
-1.238
3.261
0.172
1.523
0.634
-1.351
1.090
2.670
2.123
1.502
-0.132
-3.632
0.236
1.680
-4.831
0.189
0.122
-1.845
2.175
2.616
4.704
0.282
3.450
-1.616
-0.541
1.981
-1.224
-0.039
2.365
0.335
-1.857
-1.065
-0.306
1.760
-0.430
-5.528
2.237
1.899
-2.207
-2.370
3.593
-0.227
2.159
-1.316
1.923
-1.865
1.363
1.207
-4.605
0.648
-1.375
2.973
0.914
-0.244
3.995
-4.218
4.976
4.851
-0.585
2.482
1.515
-5.614
0.082
-2.686
-2.905
-0.338
-0.254
3.268
-1.456
-0.598
3.632
-0.091
-0.882
2.406
1.624
0.590
2.568
-2.644
-1.047
5.146
-6.933
-1.265
-2.490
0.520
1.802
3.007
-0.635
-1.865
-3.133
0.465
5.456
-1.060
0.178
0.677
-0.665
3.766
3.252
2.314
2.655
-1.295
-2.405
-1.276
1.023
-0.429
1.716
0.610
-2.864
3.328
-0.877
2.237
-1.684
-1.765
-1.880
-3.086
-3.029
1.263
-1.876
1.180
0.594
2.462
-2.094
2.896
-1.824
-6.232
0.807
-1.750
3.950
1.072
0.146
0.834
-0.844
4.392
-0.965
1.462
-1.616
0.354
-2.619
0.899
0.506
1.667
1.474
0.420
5.245
0.306
0.444
0.145
0.836
-0.337
-0.534
2.155
0.234
2.880
-4.195
4.005
2.499
0.227
0.164
1.888
-2.113
0.442
0.722
-4.556
1.185
-2.895
2.949
3.561
3.975
-0.424
-0.457
-4.393
1.982
-3.271
-3.128
-0.379
-2.304
-1.958
0.463
2.466
1.645
0.805
3.103
0.656
-0.914
-1.498
1.676
-2.293
1.187
-0.678
-1.661
-1.703
2.667
-1.708
-0.320
-0.775
2.892
4.042
2.531
-0.552
1.171
-1.833
0.855
-3.867
0.915
0.218
1.408
0.320
2.354
-1.482
2.166
1.484
2.965
3.126
-1.935
1.591
-2.448
3.133
-1.697
-0.562
0.872
2.122
1.241
2.188
0.380
0.936
-3.890
2.813
-0.349
-0.683
4.998
-6.151
0.579
-5.026
1.165
-1.328
-6.692
2.964
-2.745
2.627
-1.989
-0.764
-5.131
1.369
-1.027
-0.530
0.122
-3.605
2.009
-1.002
5.858
-0.801
-0.585
-2.906
-3.523
2.456
2.897
-1.007
0.641
3.330
1.045
1.514
0.559
-1.216
1.275
4.825
-0.899
2.432
0.785
-1.065
2.499
2.220
1.743
4.547
4.755
0.480
0.095
-3.076
4.030
0.175
-1.111
-1.890
-1.907
4.571
2.506
-3.221
-3.124
0.642
-2.090
-0.255
4.077
2.917
-3.757
-2.077
0.940
3.061
-1.622
1.234
-0.742
4.555
1.844
-0.114
-3.237
-2.197
-5.711
1.003
1.948
2.069
-1.124
3.422
4.151
-1.247
3.186
0.686
-0.914
3.305
-2.546
-3.214
-0.601
-0.198
-3.594
1.528
-1.523
-2.792
1.909
-0.681
2.888
1.452
-0.125
2.985
1.359
0.303
1.578
1.656
-2.277
6.010
0.512
0.560
-3.867
0.658
0.762
-2.410
-2.145
-1.808
-0.358
0.862
-0.185
1.077
1.971
1.653
1.224
1.036
1.044
-0.002
-1.234
0.126
1.918
1.904
1.569
-0.790
-0.170
-0.160
-1.107
2.495
-4.067
5.203
5.327
0.470
1.322
2.388
-1.469
1.712
3.516
-3.977
-3.108
2.150
-0.298
-0.578
-0.435
-2.355
-0.634
-2.819
3.491
0.670
0.606
1.950
7.047
-2.176
-4.071
0.276
-4.034
-0.463
2.449
4.017
-3.408
-1.914
1.222
2.160
2.296
3.890
2.099
0.062
2.899
0.518
1.009
-0.836
0.726
-3.561
2.833
-2.072
-1.781
-5.234
-1.624
-1.950
0.871
-2.757
-0.716
-1.282
-3.874
0.921
-0.176
0.446
2.342
0.368
-0.449
2.564
-0.432
-0.861
1.957
-1.522
3.151
0.735
4.116
0.206
2.626
-3.584
3.427
2.004
-1.199
2.426
-2.691
-0.844
-1.693
2.558
3.346
-0.727
-2.701
-1.994
0.571
0.420
-0.466
-1.641
4.258
-1.138
-1.649
3.104
-0.328
1.579
-1.750
1.565
2.114
-2.329
-0.932
-1.822
-0.917
4.193
0.967
5.025
3.909
3.064
3.841
3.134
4.441
1.657
1.997
1.929
-0.705
2.381
3.369
-1.091
-1.707
-0.972
3.606
-0.219
-2.300
-2.142
-1.819
-1.361
-3.007
1.803
-0.104
1.633
-5.164
2.924
0.153
1.550
4.001
1.233
5.418
-4.161
-0.412
-3.978
1.105
0.534
-2.271
5.566
-0.513
-4.945
1.982
2.020
-0.801
2.242
-1.931
-0.651
1.295
2.568
-0.188
-0.808
0.251
-4.561
-0.321
-4.403
-1.670
-3.064
1.618
-1.404
3.321
-4.083
-0.234
0.553
1.526
5.519
-4.370
-1.468
5.143
-1.861
1.410
-1.905
-2.996
-1.607
5.096
-2.450
-0.366
-0.261
2.549
3.059
0.609
-7.305
-1.784
-2.525
3.131
-1.861
4.390
1.330
3.074
5.764
-1.915
-3.538
0.799
2.640
-1.246
0.437
3.271
3.033
-1.046
1.001
-1.896
-3.130
3.610
-4.770
0.808
-0.539
1.667
-1.294
3.090
-0.183
3.833
0.875
-2.170
1.652
1.352
0.093
-1.446
2.416
-1.967
-1.714
1.616
-0.156
-4.365
-1.959
1.324
-0.297
0.107
0.979
1.445
0.629
-7.637
0.217
-0.889
0.424
2.912
-2.224
0.519
1.495
-0.393
-2.792
-2.539
0.267
-1.139
-4.277
-1.565
-2.771
2.146
-3.212
3.759
5.533
-1.427
-1.123
2.615
2.952
-0.832
-0.705
-0.686
-1.694
2.538
0.723
-1.391
0.505
-0.558
6.358
-0.247
2.126
1.393
-0.012
1.407
0.855
6.318
0.117
-5.906
5.604
-0.873
0.558
-0.955
-1.087
-2.335
-4.456
-1.372
1.584
-3.601
1.563
5.917
1.038
-2.985
1.316
2.648
3.480
0.800
1.801
2.391
1.795
1.114
-1.183
2.641
-0.936
6.596
-1.186
2.276
-2.716
-0.794
-1.064
-2.931
-1.029
1.215
-0.244
3.213
-1.885
2.024
-1.072
3.060
2.230
2.781
-0.037
3.540
-3.634
1.421
0.682
2.352
0.168
-2.012
-2.270
0.322
-0.274
2.407
2.639
0.465
0.412
2.905
-0.238
-0.140
-2.825
2.459
0.134
3.078
-2.547
-0.829
2.621
1.133
-2.490
2.564
-2.782
2.337
-2.001
3.258
0.621
1.176
0.155
0.560
0.549
2.044
0.199
3.860
-1.417
2.416
1.704
3.310
0.640
1.141
1.113
-2.568
1.295
8.198
4.212
-1.522
-3.971
0.475
2.950
0.257
4.884
-1.523
0.890
0.089
2.105
2.270
3.203
0.053
3.369
1.178
3.613
3.949
0.394
-1.267
0.839
2.728
-3.262
-0.838
1.988
-5.861
-2.132
-1.121
0.150
-0.422
-0.377
-2.845
4.597
-1.109
-4.217
3.075
-1.510
-2.559
1.977
-0.895
0.754
-1.171
-0.761
-2.032
-2.564
8.682
-1.637
-3.161
3.063
0.990
0.392
-0.821
-0.626
-0.364
3.078
-0.246
3.096
0.221
-0.142
-2.101
5.497
0.386
0.347
4.811
1.350
1.615
0.493
-1.508
3.270
-3.049
-1.994
-1.515
0.953
0.312
-4.120
5.912
2.174
-0.828
1.390
1.423
-0.442
1.295
1.323
2.969
0.516
1.122
-0.151
-0.690
-1.497
-1.580
-0.766
-0.216
2.764
-0.560
-0.448
-0.352
0.235
4.426
-0.560
1.697
1.189
0.499
-1.949
1.607
-4.272
-2.099
-0.950
-0.189
0.552
3.689
1.862
0.755
-0.456
-0.431
-2.373
-4.708
-2.711
3.160
-1.358
-0.909
2.801
-5.991
-1.056
-2.285
1.055
1.687
1.726
3.970
1.680
0.947
6.190
-4.757
5.632
4.531
-0.006
-1.347
-1.230
-0.342
3.221
-5.570
5.173
0.348
3.174
-2.601
2.087
1.278
1.704
-1.310
-0.568
-2.614
2.184
3.572
1.028
-6.080
3.606
0.636
-6.021
-3.738
-2.179
0.349
-2.102
-1.786
2.543
3.200
2.629
-3.576
2.613
-0.799
5.060
0.975
3.269
1.685
1.389
-0.533
3.248
2.584
-0.445
-0.707
-1.360
2.312
0.917
1.040
-0.515
3.849
-3.223
2.227
2.707
-0.412
-3.130
1.268
3.222
4.603
1.927
-1.123
2.014
1.551
1.122
-1.773
1.786
1.478
6.176
0.560
4.419
3.689
0.470
3.319
-1.530
-0.111
-0.936
-0.028
-4.460
4.669
-0.381
2.239
0.939
-0.302
-2.715
-1.844
-0.216
-0.789
-1.987
-1.299
1.457
2.455
-2.450
-1.762
0.866
-0.042
-0.529
2.564
0.794
-3.546
-1.569
-3.637
-0.080
-2.837
-3.877
-4.583
5.113
-2.927
-0.408
0.493
0.636
1.840
0.228
-0.739
0.877
0.853
0.472
1.888
-1.152
-0.132
-2.832
-0.238
-1.182
2.883
-3.160
-0.791
-0.908
1.960
-2.713
0.359
0.539
2.567
-1.702
-2.788
1.490
-2.998
-0.905
-0.223
1.828
-3.350
-0.361
0.413
-1.716
-0.508
2.484
-0.867
-0.523
2.475
-0.173
3.562
-3.582
-0.306
2.213
-1.376
-0.213
3.382
-1.509
1.508
2.142
0.534
0.446
-2.110
2.104
-2.660
1.289
-0.894
-0.597
-0.133
1.549
4.099
0.617
-1.378
-3.105
3.134
0.771
-0.206
0.490
2.190
-0.634
-1.248
-2.794
-2.240
-0.477
2.929
-0.870
0.975
3.049
1.266
5.087
0.513
-0.027
-0.566
5.132
3.277
-3.152
5.414
1.545
0.660
1.594
-1.951
0.823
-0.391
-0.515
2.651
-0.285
0.589
1.137
2.615
3.393
0.386
-0.558
4.919
-5.843
2.432
0.004
1.719
0.448
3.426
1.356
-3.060
-3.168
-0.166
1.808
3.487
-1.257
-4.957
1.385
0.452
0.694
-2.293
3.213
-1.609
1.089
1.012
1.670
-1.437
-1.866
2.397
1.676
1.154
3.052
1.170
-0.538
1.593
1.431
1.491
-1.769
-2.000
2.462
-0.006
-4.314
-2.941
-2.814
2.912
0.234
0.435
-0.498
-2.191
2.174
1.916
-1.341
3.715
2.138
-1.699
-0.340
-0.533
1.100
-3.079
-1.342
2.257
-3.458
-0.125
-2.593
2.542
1.174
-3.172
-2.152
0.383
-5.187
-2.290
-1.628
3.434
-1.034
1.933
-0.785
2.137
-3.375
-1.386
0.088
0.777
1.127
0.812
1.564
0.322
0.768
-2.082
-3.533
-2.333
-3.699
0.889
2.604
-1.925
2.770
1.434
-0.979
-0.489
3.027
-5.227
3.017
2.500
-1.064
0.127
4.254
-2.794
-0.087
1.903
0.853
0.475
4.710
-2.310
-2.202
-5.681
-2.239
-1.246
1.118
2.653
-1.963
0.008
3.700
-0.100
1.595
3.040
-1.882
-2.370
4.240
1.740
-2.835
-2.186
-0.131
3.695
2.706
2.911
-0.697
0.332
-1.566
-0.648
-2.345
-1.743
-1.393
0.002
1.360
4.349
-0.527
1.761
-0.080
2.661
-2.663
-0.935
1.941
1.746
1.790
3.732
-3.811
-2.661
1.697
2.302
1.922
6.851
-1.848
1.236
0.180
1.841
1.252
-0.892
1.281
0.550
0.658
3.071
6.304
-4.243
3.443
1.892
-1.430
-0.520
2.467
0.471
0.232
-1.298
-1.472
-1.968
-0.874
0.042
1.201
-1.625
2.163
-1.829
2.195
-1.728
5.191
1.906
2.368
-0.063
1.807
-2.655
-1.993
-0.388
3.993
2.766
-5.018
-2.017
0.142
3.365
0.936
-5.740
-2.464
2.078
0.840
0.674
3.019
-0.481
2.027
4.290
0.889
-1.797
-0.674
-1.818
-5.028
-1.547
1.875
0.373
3.611
0.695
2.471
-3.873
-0.703
-0.295
-1.631
4.012
-4.282
0.077
3.068
2.182
-0.562
-1.810
2.968
-0.901
-1.643
2.750
1.088
-0.495
1.131
1.418
0.221
0.719
-4.840
0.097
-1.185
-1.568
-1.293
-0.842
-0.363
0.749
-1.410
1.593
2.116
2.091
2.594
-1.014
-0.300
0.942
-0.670
-2.430
-0.856
4.273
-1.434
-1.555
-0.963
1.687
1.185
2.045
6.428
2.321
2.509
7.213
1.525
-0.591
-0.377
2.886
-2.654
-4.322
-1.621
2.318
1.773
-0.034
2.916
1.810
1.176
0.309
2.501
2.163
-0.305
2.302
-1.219
0.914
1.311
-0.454
0.672
1.809
-2.248
0.792
5.665
-1.633
2.822
0.120
3.189
-1.386
0.365
5.656
-0.066
1.870
1.777
-4.518
1.421
-2.620
1.869
0.633
-2.326
-2.507
0.175
6.304
4.246
1.213
1.587
1.794
-0.933
-1.312
2.393
-1.094
3.807
-2.898
-1.814
3.748
-0.338
0.056
1.899
3.131
1.813
1.039
2.272
1.332
2.954
7.207
1.563
-1.714
2.843
-0.001
1.159
1.230
-1.046
-0.540
-5.190
0.107
1.696
0.385
-0.754
1.255
-1.912
-2.189
1.612
1.744
1.577
-0.371
2.975
-2.347
-0.363
2.145
2.413
-1.504
5.492
0.037
0.561
2.697
4.075
0.498
3.166
-0.745
4.354
0.443
1.105
-0.482
0.868
-1.403
0.200
0.391
-2.184
-1.021
-4.689
-2.628
0.316
2.653
-0.507
0.277
3.138
2.350
2.315
0.636
-0.826
1.300
3.428
4.688
6.124
4.021
0.455
-2.536
1.795
2.982
-5.778
-3.200
-0.746
-1.495
-3.512
1.262
3.329
-0.102
-3.634
0.845
-2.314
-2.071
2.653
3.231
-0.344
2.105
-2.228
1.620
-0.571
-2.831
-1.827
1.334
-3.203
-0.326
2.914
-0.833
-3.349
-0.315
1.976
-2.764
3.199
2.182
1.190
1.736
0.655
1.152
0.522
2.469
3.453
-1.620
-1.334
-0.589
-1.111
3.071
-3.249
1.652
3.678
-1.039
3.883
3.128
-0.488
2.315
-1.634
-2.294
-0.763
3.591
-0.750
0.450
-2.061
2.430
2.346
-1.340
-5.211
-0.518
1.412
0.318
0.543
1.189
-0.876
-2.663
2.124
-1.774
-2.534
1.550
-2.304
-1.614
4.143
4.163
3.209
2.172
3.125
5.060
2.976
0.953
2.445
-0.766
0.701
0.808
0.019
-0.406
3.441
-1.937
0.705
-2.744
-4.469
3.218
3.436
-0.815
0.472
-0.344
-0.342
-0.821
1.454
-0.565
1.346
4.353
1.285
0.650
-1.022
0.315
-3.659
4.045
-1.949
-4.255
0.099
1.200
3.529
0.937
2.571
2.582
2.347
-2.371
1.576
-2.974
5.137
2.024
-1.150
1.252
-2.075
-3.381
2.454
-2.004
-0.084
0.843
-0.088
-2.117
0.496
0.705
2.441
6.218
-4.393
-1.566
0.885
2.776
1.181
3.045
-3.202
-0.412
3.858
-1.715
-6.608
-1.610
1.400
0.180
-2.734
-1.382
-2.843
-2.561
-1.760
0.603
-5.381
3.628
0.102
-2.306
-1.986
-1.173
0.365
0.713
-0.115
-1.463
0.324
-4.628
-2.567
-1.273
-2.871
-0.175
-2.861
4.461
-3.148
3.977
-4.463
5.162
1.752
2.250
-2.927
-0.424
-0.268
0.108
3.404
2.009
-0.048
2.748
3.190
-1.013
-1.083
5.538
-0.226
-1.193
-0.021
2.929
2.074
0.049
1.818
0.951
0.009
-0.370
0.705
-0.649
0.520
0.231
-3.131
-0.920
-0.270
4.813
-0.034
1.006
5.513
-3.440
-3.333
-1.518
-0.449
-0.207
-0.876
-2.611
2.688
-0.740
3.192
-2.091
5.053
-3.648
0.315
-2.046
0.435
-2.001
-4.799
-1.524
4.181
-2.050
1.570
0.364
-0.741
5.254
-0.405
0.757
0.556
4.130
-3.247
5.736
3.997
1.304
1.834
-0.197
0.710
1.358
-1.831
3.997
0.888
0.690
-1.730
3.157
0.240
-0.910
-2.256
-0.038
-2.457
1.180
2.209
-0.593
0.917
3.278
-0.065
0.097
0.363
-0.707
-0.494
-1.495
1.381
0.178
1.787
2.802
-2.172
-1.658
2.011
-0.260
0.544
0.551
-1.925
1.565
0.947
-2.070
-0.046
0.088
2.144
3.166
0.330
-3.684
2.093
5.625
2.073
-0.305
1.312
2.271
0.621
3.506
-2.368
-0.620
1.452
2.026
-0.963
-0.736
-1.250
-1.437
1.596
0.260
3.463
-2.275
-0.027
2.116
1.176
-2.286
3.115
0.580
4.951
0.033
3.129
-0.510
-0.217
1.536
-3.735
-4.496
-1.275
-2.769
-5.063
2.132
-1.549
-0.475
0.684
1.561
1.029
0.835
1.477
-0.849
-1.360
-5.211
1.882
-1.295
5.110
2.121
2.630
2.044
1.624
1.492
1.716
0.770
-1.129
-2.479
1.365
3.450
0.049
0.713
-2.812
-0.740
-2.599
-2.433
0.587
0.212
2.240
2.189
-1.748
-4.295
-1.926
-1.355
1.675
1.820
0.238
2.126
6.499
0.066
-0.210
-1.668
1.115
3.080
-0.847
-0.589
-0.902
-2.412
0.672
0.758
0.251
4.764
1.310
-2.329
1.868
-0.465
-0.439
-0.066
-0.335
0.998
5.427
-0.534
0.564
0.912
-0.880
-0.613
2.734
-0.875
-1.781
4.629
-2.543
2.470
-0.133
-2.567
-0.554
-0.192
-3.562
1.377
1.135
-0.486
1.486
0.840
3.455
-2.237
-0.352
2.753
1.649
-5.174
-3.656
0.352
4.286
-0.686
1.907
0.548
1.739
2.920
2.616
2.532
-1.126
-0.013
1.594
1.508
1.777
-3.895
3.223
-3.738
-1.452
0.819
0.279
3.755
-2.460
-0.524
-4.376
0.666
-0.149
-2.626
3.492
2.942
0.523
3.082
0.128
2.063
2.421
-2.215
1.388
0.754
-2.108
-2.716
1.545
-0.327
-3.166
1.741
2.594
-2.461
0.346
3.994
-1.837
4.447
-0.427
0.182
-2.997
-2.910
-1.224
2.476
5.967
6.604
0.054
-0.505
-2.012
3.025
-1.393
-0.219
1.543
1.433
-1.115
0.122
-1.051
-1.648
-2.111
-3.182
1.219
-0.228
-2.375
-2.597
-2.635
-1.119
3.052
-1.285
1.688
4.095
0.754
-1.486
0.135
0.246
4.496
-3.808
3.027
-3.833
2.298
-0.632
4.732
1.967
1.726
-1.910
4.683
7.106
5.177
-2.057
-0.106
-2.503
-1.113
1.030
2.101
1.629
-3.780
0.263
1.592
2.627
1.378
1.523
-0.222
1.002
6.553
3.247
1.225
2.099
0.532
0.520
2.631
-1.087
0.039
-2.938
2.213
2.917
1.797
-0.212
0.244
0.703
2.978
2.837
-3.093
-1.758
1.393
-2.862
2.555
-0.311
2.047
0.432
0.113
-2.259
-0.964
0.073
-0.006
2.088
-1.193
0.279
3.961
2.322
0.602
-3.149
-2.947
1.880
2.126
-4.318
2.029
-0.999
-0.623
2.483
2.108
0.113
2.002
-0.522
-1.546
3.374
3.532
-1.195
-0.931
2.489
-1.314
2.272
-2.109
-0.338
2.699
-1.976
-1.061
1.253
-3.966
0.525
3.137
2.426
0.231
0.400
3.930
3.639
0.123
-1.161
2.408
3.063
3.659
1.751
-0.505
-3.658
5.002
4.197
-1.491
0.808
-0.180
0.509
-0.611
2.010
-2.372
-0.595
2.446
-4.386
1.090
-0.965
4.227
1.140
-1.539
3.835
0.402
0.665
2.479
-1.104
3.823
1.735
-1.189
-0.688
-2.665
1.089
-0.077
1.100
-3.734
-0.907
-2.007
1.533
-1.094
1.479
-0.929
4.253
0.474
2.548
0.078
2.565
-1.505
0.249
-0.766
4.835
-2.503
5.319
-2.948
2.116
-1.142
0.962
-0.060
-1.643
0.545
-0.651
1.721
-2.063
1.484
2.424
0.090
-2.825
4.508
1.471
-1.381
1.535
-3.672
3.173
5.449
2.328
-2.057
-4.424
3.624
-0.004
-0.589
3.146
-1.067
2.180
0.407
0.943
4.260
-0.823
-1.043
-0.135
-2.537
2.597
2.278
0.328
-1.868
-6.238
-1.651
-0.205
-4.208
6.337
1.347
1.657
-0.010
2.120
-0.372
-0.039
3.722
2.985
0.324
5.204
0.153
-0.864
0.655
1.072
-2.512
1.520
5.425
2.630
1.944
1.503
-2.045
-2.041
0.741
-0.678
-3.122
-0.491
1.432
1.743
-1.649
0.240
1.345
-2.694
-1.504
0.318
-1.832
-0.437
6.340
-3.267
3.769
1.170
-2.588
1.979
0.453
3.243
1.935
0.821
-0.385
3.155
-0.591
-3.010
-4.200
-2.616
2.277
-0.522
-1.503
-0.691
2.341
1.870
0.739
-1.090
-0.587
0.032
-1.797
0.085
-1.922
1.228
1.498
3.031
0.975
0.899
-1.656
0.236
-2.104
-3.740
-0.286
-0.859
1.817
-1.958
7.102
-0.802
0.181
-1.010
2.217
-0.163
-2.000
-4.050
1.727
1.910
1.173
-0.167
-0.416
2.216
0.107
3.049
0.112
0.025
1.240
3.690
3.174
0.234
-0.547
-2.550
2.011
-3.931
4.443
2.374
-1.440
3.304
1.666
1.472
-0.291
1.676
-3.050
0.501
-1.282
-0.341
-1.303
-1.180
3.442
-3.089
1.331
-2.364
3.522
1.377
-3.021
1.153
-1.320
0.895
-2.838
3.304
-4.444
-1.588
-2.247
1.260
-0.832
-0.093
-1.190
-2.934
-0.199
-2.777
-4.047
1.852
-2.624
3.847
3.752
2.476
-2.376
5.442
-5.296
-1.769
2.350
2.161
-1.390
-1.536
-0.167
0.141
-0.777
4.329
-1.291
3.870
1.324
2.796
-3.238
2.817
2.732
-1.248
2.385
-3.202
-0.789
3.151
-0.087
-0.284
3.721
-4.338
-0.076
0.192
-1.562
3.648
-1.834
-1.804
-5.583
3.016
-0.440
-0.436
-0.162
3.214
4.221
-3.808
-0.761
-2.374
-0.187
0.131
-3.775
1.235
-0.728
2.223
0.423
-3.769
1.825
-2.866
-2.606
-0.410
-0.334
-3.858
-0.005
0.136
0.043
-3.701
0.695
1.837
-2.882
-2.231
2.240
4.142
-0.049
-0.729
0.826
3.605
-1.690
-0.812
-0.875
-3.050
2.397
0.977
-4.491
0.323
4.339
1.011
4.200
-0.994
2.669
3.506
0.175
-0.637
2.990
1.646
2.640
1.341
0.159
0.137
-0.501
1.311
-0.076
0.958
-1.552
-1.694
1.752
1.282
-0.682
3.655
-1.621
1.400
1.449
0.478
3.389
4.255
-2.412
-5.110
-0.824
-2.009
-0.699
4.717
6.822
-1.926
0.888
0.834
1.180
-2.939
3.316
2.515
-0.802
3.304
-3.111
-3.714
0.986
1.385
-0.043
3.008
-1.228
3.241
2.241
4.821
-3.905
-0.817
-1.825
2.215
4.125
-0.543
1.789
3.815
1.133
2.033
-4.410
4.108
-0.367
6.757
-1.692
1.489
2.331
-5.654
4.616
2.133
-3.237
1.237
1.223
0.028
-1.081
0.187
2.417
2.320
0.370
0.899
0.045
-1.985
0.213
-1.413
-2.039
-5.456
-0.631
2.235
3.285
1.421
-2.759
-0.021
-2.422
4.933
-0.579
-0.836
2.565
0.256
2.922
-2.346
0.564
1.567
-5.933
-1.288
-1.123
0.483
-0.394
1.061
-0.213
3.104
5.416
-3.251
0.409
2.957
-1.337
1.022
-0.562
-2.058
-2.090
-5.580
0.748
0.906
-1.934
-0.322
-3.111
1.628
-0.611
2.199
-0.423
-2.020
-0.936
3.969
5.381
-3.267
2.524
-2.310
-1.474
0.852
1.524
-1.398
1.814
3.192
2.098
-1.969
-0.717
2.451
4.073
-2.700
1.077
2.112
-3.002
2.795
5.426
1.943
1.708
-1.453
-0.827
-1.203
-1.773
-0.231
1.092
-1.708
-0.484
1.115
-4.730
2.628
0.861
0.894
3.125
2.602
1.807
1.021
0.327
-1.044
-1.956
1.280
1.296
0.689
-2.876
-6.023
0.483
-4.051
1.113
5.027
1.145
-0.698
-2.160
-1.034
0.261
2.925
0.687
-0.350
1.965
3.893
1.102
0.809
-3.634
-2.918
-3.226
-0.109
-1.651
-0.841
-1.682
-1.470
-4.100
0.878
2.030
0.517
1.226
1.466
1.370
2.382
3.208
4.138
-4.272
1.471
-2.554
3.725
0.509
1.013
0.631
0.855
4.304
3.325
4.201
-0.117
-4.749
2.144
-2.330
-0.519
0.201
0.355
1.895
-1.866
1.854
-0.107
6.595
-3.466
0.656
1.826
-0.637
-1.027
3.529
2.368
-1.567
-3.209
1.762
1.125
1.720
0.035
2.411
4.191
4.023
-1.615
6.349
1.930
-3.074
1.400
0.901
0.070
-0.138
2.035
2.045
-1.058
-0.936
-1.030
-0.069
2.477
3.236
-0.164
2.987
1.410
0.669
4.832
1.140
0.025
2.356
-2.604
-0.176
0.978
2.076
0.929
-2.744
-1.774
-0.684
0.930
-2.763
3.732
1.101
1.036
-0.066
-3.114
0.568
2.146
-0.018
2.916
0.200
2.020
0.084
1.260
2.434
-2.243
1.904
2.880
5.607
0.521
-4.688
-3.924
-1.779
3.428
5.622
-0.625
0.478
-5.845
1.913
0.673
-0.250
-1.963
-0.496
-2.879
-1.716
-2.699
-2.091
-2.422
1.735
-2.410
0.224
-2.271
-2.177
-2.271
2.696
-0.088
-1.443
-2.060
-2.876
-1.374
-3.098
-0.693
-1.349
-1.520
3.322
-0.236
-0.087
3.427
-2.911
-0.819
-3.368
0.519
1.807
-5.470
2.414
1.096
0.438
-2.630
2.203
4.389
-0.628
-0.412
0.405
-0.609
-0.078
2.818
0.191
1.046
5.230
3.864
-2.162
4.536
3.655
3.937
-1.151
0.858
-0.590
0.640
4.554
0.686
-3.778
-0.545
-1.221
4.646
-1.601
-0.627
-0.544
4.189
2.655
1.713
0.909
0.866
0.533
5.283
-2.691
-6.287
1.413
3.717
0.795
-4.402
2.140
-2.206
-2.731
-1.997
-3.511
0.838
-1.205
-2.843
6.062
-0.925
0.474
4.080
1.976
4.930
-1.321
2.864
1.527
2.738
2.376
-1.503
7.126
-5.076
-1.724
1.985
1.048
0.671
2.067
-1.673
2.366
0.040
3.712
-0.381
1.473
1.880
2.522
0.440
-0.338
-1.510
1.517
-4.204
1.091
1.270
4.848
-1.236
0.801
0.732
-2.305
0.337
-2.870
2.661
1.768
1.386
-1.179
3.755
-2.254
0.470
-2.456
-0.090
3.401
1.484
-1.860
-0.903
-0.561
-1.652
1.004
5.591
-0.993
4.982
0.341
1.123
0.976
-3.721
1.441
-5.487
0.852
0.741
-3.334
0.505
-0.353
-0.019
0.005
-1.064
0.532
2.428
-0.223
0.229
1.908
5.797
-0.113
-3.735
-1.802
1.796
3.980
-1.920
0.246
0.396
-1.495
4.035
3.144
1.176
-0.658
2.645
1.583
-0.699
2.682
1.236
-3.636
-2.031
-2.841
2.825
-1.335
1.855
5.562
2.256
-0.656
-1.435
-0.385
-2.117
-2.397
-1.582
1.627
-0.900
-0.191
1.476
2.095
-4.280
-3.786
-0.576
-2.326
2.401
-0.763
4.664
-0.821
1.091
-1.251
1.520
1.573
2.481
0.028
3.399
1.069
-1.194
-1.176
2.099
3.384
-2.343
2.152
-3.217
-1.132
1.525
-1.684
3.868
1.811
-2.486
1.923
-2.819
0.359
2.456
2.052
0.143
-0.476
-2.429
0.788
2.281
5.305
-0.745
2.382
2.185
-0.794
2.080
-1.609
0.967
-0.157
1.415
1.606
-0.919
0.327
0.041
-2.265
-0.537
-1.040
-2.355
-1.579
-0.270
0.482
-2.635
3.231
1.822
0.146
-2.575
-0.160
-0.306
-2.243
-2.438
2.189
-0.428
2.475
0.318
2.154
2.074
1.470
3.188
0.591
-3.237
-2.855
-1.217
2.131
-0.610
0.843
1.636
0.745
-5.149
-2.499
4.588
1.133
-6.129
0.517
4.676
1.007
0.457
-4.038
-0.300
-3.594
-2.584
-3.133
4.525
2.097
3.712
-2.826
0.808
-2.069
-1.813
1.477
0.779
1.037
-2.665
0.656
1.184
-1.270
-0.303
-3.599
-4.824
5.170
0.842
-0.511
2.266
-1.738
0.614
3.005
-2.295
-0.831
-2.964
2.355
0.843
3.162
2.373
-0.277
1.336
1.362
2.110
3.869
-2.267
-4.153
-2.173
1.485
1.343
-1.015
-0.302
-1.652
0.093
-1.315
4.278
3.525
2.087
0.425
3.084
0.587
0.737
-3.797
0.976
-2.749
-0.617
0.756
-1.807
1.499
2.874
-1.771
0.632
-2.642
-2.451
1.094
2.062
-3.272
5.267
-0.843
0.848
-0.932
-0.333
3.994
3.963
-3.611
-1.003
7.432
-0.689
1.364
3.077
2.398
-6.412
1.152
4.548
0.421
-2.149
-2.103
-0.128
1.971
7.285
-0.345
1.699
-3.357
-3.694
-0.843
1.419
0.143
0.478
-0.309
0.283
-0.355
-2.889
-3.230
3.613
-1.626
-0.227
3.206
-0.297
2.456
-1.781
4.083
0.895
0.286
-0.046
2.186
0.917
-7.324
-0.725
1.123
-1.974
-0.859
-0.581
4.178
1.785
1.140
-2.448
-1.293
2.391
1.934
-3.059
3.709
-1.716
1.210
6.910
-0.654
0.752
-0.991
0.771
3.770
-0.117
-0.356
2.999
-2.682
0.549
-1.396
-0.221
-1.780
-3.079
-4.950
-0.737
0.897
2.302
-2.855
0.716
1.692
1.214
0.969
-4.840
0.063
0.153
1.659
3.680
-0.272
-0.478
0.663
0.402
1.388
1.620
-0.073
1.548
-0.175
-3.131
-2.425
-5.254
4.340
3.435
2.833
-0.169
2.694
2.505
-3.140
-1.537
1.640
-0.824
-1.347
2.327
-1.638
6.306
4.176
-0.162
3.349
0.798
-0.648
5.097
1.287
-1.797
1.454
4.376
0.356
0.853
-0.369
1.195
-1.997
-1.559
-0.472
0.752
3.020
-0.003
2.336
-0.707
1.763
3.228
0.074
1.193
-1.057
1.757
-6.373
-3.552
1.725
-3.576
-0.823
3.718
2.423
6.098
0.531
0.151
0.374
-1.870
-0.162
-2.675
3.165
2.122
-2.435
-1.246
1.287
1.001
-2.169
0.509
1.721
1.790
4.393
0.950
-2.628
-2.205
3.365
4.216
0.266
1.268
0.573
-0.365
-3.229
1.495
4.627
0.759
-0.375
-0.686
1.543
3.113
1.628
-4.137
4.532
2.350
-0.082
-0.923
-0.722
2.420
-4.391
1.583
1.023
0.990
-2.441
-3.740
5.737
0.669
4.996
2.518
0.620
0.907
2.943
3.213
1.492
2.973
3.087
1.141
-1.099
1.543
-1.446
-0.563
1.304
0.160
3.507
-1.235
-4.758
3.494
0.464
0.578
-1.542
-4.171
-1.615
1.718
-0.133
-0.448
-3.728
4.697
0.208
5.971
1.230
4.073
-1.373
-3.285
-0.098
1.694
1.955
1.297
5.850
1.290
-0.394
-0.211
-1.583
1.054
2.946
3.732
-0.362
0.223
-1.190
2.674
-2.613
-1.383
-9.629
-2.480
-1.069
-0.876
-2.758
-2.362
3.378
-1.522
-3.992
-2.153
-2.121
0.181
1.213
-2.899
1.071
3.709
2.788
1.740
1.329
-0.411
3.755
1.380
-1.581
-0.012
-1.272
0.017
3.267
-0.073
-1.557
2.848
3.414
-1.535
3.902
2.660
-0.975
3.275
-2.607
-0.806
-2.278
-1.994
2.393
0.315
-2.317
-1.065
-1.245
0.952
5.805
0.844
1.003
4.049
-0.953
3.549
-0.669
-0.514
-0.441
0.093
-0.070
1.210
-0.668
0.591
-3.518
2.228
3.067
0.882
2.145
-1.660
3.992
0.806
-3.502
3.267
2.073
4.842
4.343
3.570
1.488
2.061
-2.239
-0.315
7.512
-3.796
1.095
0.255
2.398
0.827
3.265
0.386
2.208
1.228
-0.350
-0.692
3.417
1.850
2.741
3.362
-0.893
-0.300
-0.468
2.825
0.568
0.790
-2.181
2.328
2.407
1.696
0.741
2.854
0.232
3.757
2.066
-2.679
0.029
1.130
-1.322
2.941
-4.393
2.279
2.007
-4.420
0.598
-0.694
3.752
-1.660
2.268
2.746
-0.592
3.465
-0.647
3.548
6.600
2.583
1.819
-0.785
4.807
2.482
-0.755
3.948
0.614
1.974
-0.635
-1.903
-1.778
-0.565
1.582
-0.365
-1.549
-1.933
3.390
0.056
-4.348
0.331
-0.647
0.841
-1.011
3.439
-0.018
-0.155
-0.409
1.487
1.298
-0.588
0.407
-0.257
2.389
-2.743
-0.467
-0.119
3.697
3.171
1.291
-2.037
0.487
4.861
-0.007
0.659
0.797
-1.689
-1.592
-1.594
-0.366
1.411
0.758
1.568
5.535
6.578
0.575
2.566
1.932
2.935
2.850
-0.918
5.105
4.025
2.670
1.996
1.306
0.843
2.240
0.959
1.257
0.407
0.030
4.948
0.856
-0.333
1.048
-2.249
2.909
0.681
-0.134
-0.380
-3.137
5.033
1.129
4.999
0.050
1.765
2.436
1.848
-0.412
-3.579
6.088
-1.083
6.759
-0.778
3.979
2.074
2.184
-0.838
-0.306
-0.272
1.009
0.147
-0.626
-1.607
-1.371
1.631
-1.334
-2.288
0.688
-4.887
0.335
0.539
1.701
1.169
-2.717
-0.097
1.917
1.353
-1.526
1.348
2.546
-1.993
-4.355
4.608
1.107
-0.748
-0.830
0.702
2.848
-3.273
-0.612
4.320
2.329
2.124
1.328
1.095
-0.774
-0.990
2.285
-0.945
1.031
0.714
5.611
-0.035
3.154
2.048
0.069
-2.636
0.223
2.508
-2.590
2.356
3.573
0.580
2.543
0.687
1.721
3.935
-3.380
-1.487
3.352
3.794
-3.029
4.100
-5.823
1.851
0.875
-1.409
-1.262
-1.173
-0.140
5.116
2.325
3.793
-0.423
0.903
-2.222
-0.318
-0.976
1.523
-1.346
-1.658
1.301
0.222
-1.331
-1.682
-1.332
2.305
1.352
-1.462
-1.367
-2.404
-0.594
0.645
-1.759
5.600
1.847
0.273
0.554
-2.989
-2.528
3.525
4.274
-4.967
1.479
3.666
-0.470
3.996
2.192
1.432
-0.237
0.571
-0.724
1.061
0.957
-0.692
-4.323
-0.118
-2.093
-2.340
-1.306
2.335
-2.317
-1.780
2.046
-1.488
-2.355
2.291
0.039
0.507
-0.187
1.366
1.995
0.055
-3.246
1.064
-0.466
2.407
-1.799
-0.405
-3.206
2.230
3.291
-0.821
-0.116
-1.593
-1.362
2.015
-0.860
1.490
0.313
2.151
-0.592
2.955
4.851
-3.731
0.129
0.127
-1.368
1.328
3.039
-4.388
-4.569
4.328
-0.225
0.565
-2.214
0.456
3.635
1.541
0.813
-3.898
2.132
0.373
-1.109
1.892
-1.685
1.696
3.271
0.720
-0.668
-1.023
1.268
-0.687
6.030
-3.046
0.039
1.004
0.718
-0.996
3.307
1.950
2.125
-1.253
-0.617
1.522
-2.291
1.947
0.108
2.905
-0.676
4.704
1.335
1.599
-1.312
0.958
-0.968
-3.347
-0.120
3.141
0.196
-0.356
-0.388
5.730
1.810
-3.466
-0.954
-0.612
-1.381
0.504
-1.027
-0.881
0.718
-3.348
-4.813
3.333
2.359
1.235
1.081
-0.104
7.588
0.813
6.609
5.301
1.458
-0.154
0.388
-0.612
1.456
1.967
-2.588
6.625
-1.524
-6.097
0.154
-2.406
0.222
0.520
1.419
2.764
-2.068
-0.522
1.979
-1.228
-4.156
1.837
-1.007
-1.166
0.638
0.360
2.743
-2.648
5.779
-3.044
-0.581
-1.734
0.483
0.395
0.749
0.977
3.485
0.726
3.682
-3.851
-4.892
0.655
1.135
-0.931
0.326
2.931
1.959
-0.442
0.825
2.171
-2.601
-1.582
2.566
-3.801
-2.267
-2.562
2.553
-2.254
2.251
-0.498
4.619
0.658
2.911
1.455
-0.732
0.320
0.370
-0.758
2.481
6.375
0.628
2.070
1.619
-5.914
1.530
1.410
-2.647
-3.942
1.375
4.299
-0.536
-0.446
5.890
2.500
-2.564
-1.361
5.580
-1.241
-0.930
1.960
-0.282
1.414
1.041
0.002
3.252
-2.711
0.632
-1.043
4.291
-0.069
4.964
-0.662
0.612
2.961
-1.943
3.972
0.413
1.338
1.660
0.167
-1.594
0.576
-4.477
-2.796
0.014
4.064
3.991
2.701
-3.344
1.072
-1.715
0.189
2.641
1.929
3.430
-3.032
-2.105
3.965
4.002
0.311
0.294
3.165
1.627
1.805
-1.870
3.108
-0.129
-2.992
-1.525
-1.083
3.897
-1.322
1.273
-4.715
2.598
-1.550
1.288
1.287
1.869
1.148
4.945
0.851
5.746
1.881
1.009
2.490
0.822
1.428
1.184
0.944
5.434
5.804
1.135
3.373
3.232
2.973
1.658
1.942
1.721
-1.375
0.193
-2.522
1.733
1.385
2.028
-1.509
2.665
1.481
5.709
2.285
-1.085
-2.891
0.874
-2.120
-1.413
-1.968
-1.045
3.845
-1.972
-0.669
-3.083
-3.745
-0.321
0.848
-2.411
-3.297
-4.141
0.699
2.594
-3.078
-1.205
2.947
-0.163
0.109
1.263
-0.714
-1.516
1.088
-2.965
-3.519
-1.311
2.059
3.140
-0.790
2.343
3.666
0.441
1.877
4.830
-1.341
-0.230
4.191
-1.907
0.723
-1.158
3.623
-2.494
0.189
-2.163
-3.170
-4.205
-0.045
1.511
0.394
0.913
-0.693
2.713
2.097
0.651
0.843
-0.768
5.019
2.290
0.103
-0.064
-0.585
-0.367
0.941
-3.746
-0.248
0.035
0.330
0.769
0.427
1.322
0.026
2.721
1.929
5.740
2.034
-1.438
-0.026
-0.868
0.369
2.985
-0.427
-1.014
1.589
-1.607
-1.748
1.267
-3.950
-0.809
2.404
-4.051
-3.876
-3.092
-6.205
4.902
0.639
-1.259
-2.746
5.633
1.922
0.042
3.277
1.283
-0.855
-1.105
-1.067
-2.088
3.018
-0.893
3.598
-1.639
-1.088
-0.736
-1.808
-1.057
1.671
3.235
1.068
-2.508
-1.089
-1.039
4.431
2.715
3.264
-1.351
-2.706
1.726
-0.755
1.050
1.340
-0.598
2.760
-3.155
0.613
1.978
4.435
0.674
3.368
3.210
5.958
1.127
5.275
2.294
-3.332
0.419
-1.850
4.023
0.755
-2.817
2.469
3.522
-0.618
-0.723
0.834
-3.996
2.053
4.409
-1.212
4.773
2.738
0.165
1.874
4.184
0.690
1.292
-0.935
0.062
2.032
-0.083
-0.858
3.112
1.508
-0.802
4.557
5.423
2.785
-2.517
1.327
1.763
-3.454
3.211
0.852
3.044
-0.383
1.512
1.627
0.803
1.529
0.021
-2.489
-4.550
-1.132
2.248
-2.143
2.896
3.689
1.485
-0.048
2.809
3.127
-0.190
0.554
-1.602
1.037
-4.611
-0.352
-1.698
0.139
-1.558
-4.241
-1.219
-0.792
2.907
-1.189
-1.684
-2.511
3.092
-0.185
1.004
-3.355
-3.862
-1.815
4.246
-2.269
-1.153
0.381
-1.150
1.498
-1.645
-2.292
6.873
-1.898
2.258
-1.911
-3.348
0.133
-2.868
-0.594
-1.560
3.354
-3.351
1.972
1.034
-0.200
-1.470
0.763
0.891
1.295
-0.296
-2.398
2.458
0.342
-1.121
-2.054
2.564
3.672
1.731
1.892
3.164
-0.518
5.472
-2.193
-0.234
-1.502
0.503
4.504
-0.222
1.362
-6.630
1.376
2.746
0.645
-2.209
-2.531
-0.981
-2.551
4.132
1.472
3.817
-0.344
-1.485
-1.337
-0.759
-0.836
3.282
2.543
1.000
-3.633
1.058
-0.396
3.725
2.499
0.691
-4.684
0.023
-1.218
1.323
-2.391
0.980
-4.974
-2.975
-1.762
-0.961
1.283
-3.622
-1.189
-1.128
2.001
-0.110
-1.972
-2.239
-0.977
-3.606
4.252
0.340
-1.843
-2.181
-2.548
1.241
-3.618
-0.077
1.727
-1.056
-2.078
2.360
-2.367
-0.316
0.627
-1.100
-2.526
-0.990
1.167
-1.399
1.442
-0.263
-1.102
-1.391
0.907
3.055
0.642
-1.965
2.974
-1.775
4.499
-0.036
-1.758
1.691
-0.397
1.413
0.571
-2.960
0.182
1.553
0.620
3.364
1.099
-0.231
0.855
-0.832
1.215
1.212
-2.623
2.204
5.710
1.660
-4.522
-0.674
-2.721
-0.350
1.996
-1.374
4.873
-6.564
-0.245
1.260
-2.577
-2.261
2.165
4.978
5.260
-0.482
3.593
0.185
2.550
-0.156
-2.373
4.194
4.820
-0.660
2.598
0.002
5.584
-3.233
-0.078
-3.123
-3.458
0.072
-0.731
-2.077
2.359
3.467
1.581
-4.154
1.165
1.141
-1.671
1.180
-0.867
-1.619
-2.489
2.352
3.454
0.011
2.713
4.014
0.665
0.164
1.477
-1.661
1.663
0.713
-2.786
-2.758
-2.015
1.580
-0.460
0.290
3.629
1.413
-1.192
-2.019
1.082
-1.981
3.357
0.940
0.660
-1.942
1.836
3.058
0.023
2.578
-0.622
0.201
5.356
-0.542
1.645
-0.584
1.023
2.021
-1.812
-1.342
1.712
0.738
3.164
0.998
4.814
2.022
4.859
4.405
-1.191
3.903
2.607
2.439
3.194
-0.392
1.138
-0.659
5.894
-1.457
-2.718
-1.612
0.218
0.202
2.486
0.424
-0.838
1.509
3.146
0.847
2.435
0.550
-0.274
2.026
0.899
2.761
4.051
0.078
1.903
2.913
1.335
1.574
0.694
0.963
1.602
-1.109
-3.726
0.139
-0.056
4.238
1.061
1.699
-0.638
-1.080
-1.653
-2.675
2.093
1.086
3.895
1.669
0.933
-4.405
4.930
0.444
-4.651
0.892
-1.596
-1.682
0.990
-1.060
2.814
0.073
1.310
1.710
0.954
0.864
0.690
3.934
2.375
-1.308
-2.318
-1.556
1.377
-2.301
-1.217
-2.873
2.586
1.941
2.459
-0.790
-3.871
-1.654
-2.883
-2.909
3.079
-0.243
1.044
2.998
-2.097
1.824
-3.136
0.956
2.912
-2.384
2.339
0.890
-0.740
-2.531
0.930
1.535
-0.412
-2.004
2.180
3.193
2.639
4.164
-1.214
-3.046
1.335
-0.617
2.720
-2.139
-1.963
0.513
0.770
1.970
0.114
-4.251
8.634
0.430
7.282
0.048
-2.177
-0.412
2.991
1.836
1.088
0.203
0.660
-0.008
3.222
2.548
-1.912
-3.196
-2.593
-0.505
0.881
0.218
1.862
0.315
4.180
1.571
0.393
-3.276
1.191
1.548
-1.363
-2.425
2.977
-1.975
0.747
0.422
1.422
-1.957
0.061
-1.972
0.528
1.560
2.499
3.938
-0.283
-0.325
3.404
1.730
3.319
5.036
-1.675
2.292
-1.088
4.102
-2.501
2.552
-0.979
1.681
3.393
-1.196
-3.174
-0.272
-0.580
-2.733
-4.473
3.270
3.930
-1.095
-0.352
2.289
2.326
4.620
1.842
-2.111
2.249
-1.325
0.193
3.020
-1.823
0.174
-2.592
-2.023
-0.962
4.263
0.430
6.696
2.642
2.707
-2.275
-0.018
-2.393
-0.394
-0.747
0.249
2.331
-0.279
2.374
-3.168
1.426
-0.696
0.958
2.421
-3.110
3.876
-0.115
4.819
0.520
3.520
0.493
0.991
0.629
-0.177
-0.268
0.891
1.666
0.911
1.596
-3.294
2.520
-1.432
-3.604
4.784
3.734
0.325
2.917
-0.445
-0.777
-1.076
-1.185
-0.272
-1.363
-6.486
-0.090
-1.976
1.063
-0.226
1.874
0.381
-2.689
-2.689
-2.628
-1.723
-1.336
2.556
0.797
-4.116
-1.751
0.262
-2.060
0.544
-1.664
0.028
-1.016
0.619
3.808
2.493
-2.245
6.377
3.184
-1.296
-1.729
1.167
2.041
4.591
1.570
-1.243
-0.868
1.854
-2.867
3.937
-0.957
2.653
3.229
7.682
-0.383
-0.317
-0.441
0.767
-1.197
3.259
2.770
-0.267
-1.356
-0.697
-0.776
1.535
0.813
2.323
3.920
1.067
1.773
6.245
1.720
-0.825
0.186
-3.648
1.659
-0.969
-1.788
-1.726
3.094
-0.271
2.184
1.276
0.831
-0.570
1.540
-0.672
0.726
3.005
3.511
-0.696
1.243
1.752
0.920
2.183
2.209
4.760
5.525
-0.046
4.335
1.404
-0.076
1.807
-0.209
0.248
-2.282
0.543
2.588
2.079
1.223
4.518
5.472
1.546
4.185
1.188
0.561
2.656
0.181
-5.313
-0.271
-3.264
-0.581
-0.958
-0.944
-2.174
-2.527
-1.203
-0.540
-0.365
0.971
2.045
-2.074
-1.749
4.345
2.168
-1.511
-2.658
-0.846
-0.258
1.986
-5.175
-1.965
4.670
0.389
0.500
-1.005
2.243
-3.979
-0.670
-4.645
0.302
-0.721
-3.562
2.775
2.006
2.821
-3.266
-2.059
3.235
2.295
3.719
-0.226
0.088
1.829
-2.893
0.820
6.434
-0.509
-3.498
1.337
-1.813
0.093
2.960
1.689
-0.822
2.362
-3.653
0.823
-0.572
-5.313
-2.556
0.315
2.142
0.402
-0.361
2.293
1.008
2.743
1.729
-1.359
1.960
2.656
3.710
-0.915
-0.522
2.463
2.370
-0.875
-1.264
-0.689
0.540
-1.781
1.357
-3.794
-1.646
0.792
-1.856
-0.654
0.044
5.440
-2.785
0.916
-2.110
-2.200
-1.750
-0.026
3.791
3.170
-0.750
-0.290
1.769
0.488
-1.178
1.937
4.240
2.890
3.606
0.015
-2.248
-4.451
-4.623
-0.138
1.566
2.373
0.933
-1.382
1.921
-2.526
-2.299
1.821
-2.610
-1.487
-1.996
0.756
1.762
1.823
-1.043
-0.053
2.114
-0.923
-1.841
-1.190
-1.109
0.424
0.286
-0.052
-1.570
-1.887
1.908
1.174
-0.694
0.213
3.259
0.177
0.335
4.016
2.919
-1.188
2.919
-0.058
-2.171
3.480
-1.353
-0.874
-0.565
5.239
-1.935
-1.096
-0.472
1.615
0.183
-1.252
1.847
3.606
-3.546
-1.286
1.579
-2.609
-0.022
3.400
1.844
1.600
2.144
1.130
-0.459
2.666
-0.792
-0.038
-3.624
-0.797
0.539
0.413
2.567
-0.701
-0.604
-0.949
0.929
4.061
-5.195
-0.820
-0.492
-4.766
0.052
-0.498
-0.703
-2.298
0.140
-2.449
-1.671
-0.129
2.802
1.335
1.823
5.058
1.407
-2.162
-1.001
-1.707
0.024
-0.637
-1.912
2.568
2.739
0.781
-2.055
0.642
-1.118
3.436
-2.520
1.928
1.878
2.501
0.821
-0.442
6.093
-1.755
2.073
0.394
1.173
1.160
-2.248
-2.871
-2.715
-0.720
0.946
-1.300
-3.097
2.555
-3.343
1.501
-1.453
3.272
-0.911
-3.875
0.255
-1.667
2.296
1.141
-1.160
-2.056
-2.284
-1.056
3.623
0.005
2.623
-3.204
-4.260
-1.919
1.927
-0.343
2.485
3.383
-1.947
2.352
3.681
2.830
-3.475
-4.102
-0.727
-0.636
2.373
-1.972
1.348
-2.250
1.178
-0.747
1.210
-0.523
-4.948
1.572
3.158
-1.656
2.293
-1.122
-2.890
-1.117
-0.091
-2.819
3.589
-3.324
-0.949
-1.863
3.599
-3.268
2.330
0.823
-2.645
-0.494
-0.088
1.754
-1.198
1.865
0.467
1.433
-1.765
-0.229
0.615
0.546
0.255
5.372
1.728
2.096
0.943
1.630
0.827
4.713
0.206
2.345
5.355
1.917
-0.333
-1.412
-0.839
1.290
4.632
1.799
-0.578
-0.382
-0.009
-2.868
-0.749
-0.854
7.017
2.574
-2.225
-3.416
-2.784
3.743
-2.888
4.213
0.925
-0.240
-2.397
3.383
1.661
2.510
-0.304
1.950
3.906
1.779
-2.184
1.598
2.162
4.374
1.754
2.994
1.829
-2.902
2.341
0.638
5.143
-3.104
-2.367
2.091
3.978
0.061
0.074
0.847
-0.812
2.720
-0.808
2.031
-2.826
4.474
-4.739
-2.202
5.758
0.592
-1.234
-2.715
-0.697
1.045
1.518
1.123
-3.937
0.683
1.164
1.187
0.421
-2.600
-1.862
3.261
-1.512
-1.383
-0.361
-2.570
1.871
-2.694
2.952
-2.878
-0.321
1.175
2.247
-0.190
-1.337
3.756
0.786
-0.060
-4.015
0.810
0.338
-2.904
-1.525
0.574
1.472
-2.094
-2.071
0.628
-1.669
-0.132
4.611
0.248
2.805
-2.639
-1.493
-1.544
-2.299
-3.894
0.813
1.279
-1.920
-1.438
0.537
0.400
2.829
3.071
-1.254
0.188
-2.052
3.955
0.989
2.735
-0.522
2.800
2.136
3.419
-2.875
0.530
2.984
-1.896
1.603
1.721
2.033
1.151
1.832
1.389
3.194
-1.372
1.167
3.275
-1.531
-1.309
1.608
3.667
0.028
0.579
1.223
-0.818
5.615
-1.869
0.566
0.605
-4.902
-1.672
-2.895
2.079
-3.714
2.611
-2.481
2.658
-3.001
1.368
2.594
1.725
-2.581
3.061
1.660
-5.309
0.616
7.151
3.030
-0.848
1.656
-0.593
2.785
-1.604
3.251
2.559
1.892
5.320
2.764
2.802
3.053
2.063
1.464
-1.275
-1.242
1.387
1.812
0.393
-0.806
0.023
0.223
1.010
-0.183
3.148
0.084
-1.194
0.156
-2.293
5.182
1.923
0.320
3.749
-0.142
0.270
-1.340
-1.907
0.856
2.904
-1.758
-0.224
-0.139
2.202
-0.685
2.157
2.067
-1.239
-0.353
0.543
-0.699
-1.798
3.908
-3.928
0.909
3.625
-1.584
0.413
2.517
-6.952
0.229
-3.423
2.662
-1.552
4.633
-1.942
1.429
-1.753
-0.220
0.340
0.412
4.322
3.776
-1.449
0.453
-2.443
-2.989
-1.251
4.390
-3.700
1.733
1.455
-1.434
1.898
1.887
0.260
-0.011
-0.239
-1.675
0.747
-0.862
0.738
-1.114
-1.227
-0.957
3.396
-2.956
4.604
2.193
-3.401
-1.038
-3.544
1.902
3.414
0.900
3.276
0.791
2.680
1.051
0.384
2.207
-0.025
3.847
-0.407
1.711
-1.346
-3.426
1.209
-3.980
5.508
-0.500
0.163
-0.394
0.688
1.166
-1.666
-5.780
-2.292
-0.815
1.023
0.791
2.158
-3.593
-1.793
-0.708
4.008
6.879
-2.886
2.970
0.559
1.685
-2.829
3.602
-4.981
-2.805
-0.297
-1.074
0.412
-1.293
-0.506
-0.093
-0.186
0.707
2.501
-1.459
3.584
0.468
3.377
-0.472
-1.729
0.543
6.503
-2.926
1.976
0.776
1.320
-2.544
1.447
1.059
-3.211
0.665
-0.233
-0.499
0.240
2.960
1.450
-2.154
1.543
0.244
-1.129
-2.625
2.287
-1.019
2.529
-2.234
5.137
6.671
1.651
3.461
-0.738
-0.976
3.216
0.713
-2.943
0.535
-2.582
-0.094
2.867
3.853
1.013
3.561
-0.754
4.432
-1.385
-1.592
-0.756
-1.444
1.592
3.355
0.387
1.097
-2.968
0.581
4.600
3.740
-2.277
-0.702
8.526
1.353
3.987
4.175
-2.328
2.087
0.799
4.530
5.059
-1.646
8.610
0.756
1.868
-6.015
2.770
-4.820
0.005
-0.977
1.469
0.780
1.759
3.340
-2.060
-0.141
-1.679
-1.860
4.988
-2.695
-1.623
5.616
0.046
0.195
1.311
-2.542
-1.863
-1.130
2.851
1.962
-1.163
0.030
2.221
-5.374
1.075
2.169
-1.854
1.910
0.386
4.696
-0.905
1.768
-3.178
0.530
2.307
-0.911
3.037
2.558
0.695
-0.301
-7.052
-1.207
2.992
-0.306
1.435
-0.764
-3.074
2.145
-2.598
-0.279
1.224
-1.278
4.119
5.084
-1.593
-1.499
-0.702
3.117
1.516
2.152
3.507
-1.823
1.557
0.473
1.382
3.108
-0.014
-1.322
-2.173
4.560
0.249
-2.933
3.669
-3.754
-3.370
-0.408
-0.962
1.099
-4.273
1.133
3.418
-2.007
-0.558
-1.574
1.119
-2.231
-2.532
-0.013
1.159
0.711
-0.705
1.954
0.903
-2.456
-6.072
1.602
-0.266
-2.314
4.251
4.226
3.407
0.893
-7.244
3.171
-1.859
-0.992
2.508
5.226
4.049
0.764
2.123
-2.304
-3.544
2.942
1.124
-3.126
0.235
1.831
2.526
1.858
-0.522
-1.686
0.631
2.275
2.523
4.143
0.434
-2.315
2.958
0.549
-2.728
1.847
3.738
1.269
3.768
-0.813
-1.396
2.401
-0.497
3.242
0.760
3.275
1.865
-1.810
-4.430
2.227
1.706
-2.093
2.267
3.687
-1.348
-4.290
2.679
3.404
-1.411
2.208
1.146
0.087
1.743
-0.855
-2.293
1.324
0.993
-5.762
-2.485
-1.263
1.610
-3.304
-0.417
5.000
0.510
0.660
0.204
2.707
0.450
-0.178
0.715
3.532
1.315
0.488
3.176
-0.903
-7.335
1.425
1.397
-1.143
-0.296
3.369
1.439
3.889
0.995
-0.019
2.049
1.233
1.403
-0.203
-1.023
-0.932
1.598
1.909
-5.959
-1.409
-3.467
-0.846
-1.098
0.705
0.796
5.463
1.245
1.882
-3.063
-0.454
-2.250
1.787
0.475
-0.470
2.645
-0.296
3.552
3.520
-1.176
3.022
0.620
-0.596
1.298
-3.459
-0.941
1.353
-0.356
2.938
-0.605
0.642
0.061
-3.317
1.292
1.111
-4.289
-5.577
-0.738
3.303
6.874
-4.020
4.251
3.138
-1.050
4.870
1.470
-0.196
-3.923
0.595
0.449
5.723
-1.920
-1.777
-0.876
6.725
-2.411
3.489
-3.389
1.386
0.586
-1.329
2.073
-1.571
-3.526
-0.398
-1.852
0.972
-0.337
4.104
-0.416
1.012
-2.439
-0.674
-1.838
3.193
-1.468
-1.211
1.067
-1.363
3.733
5.049
-1.804
2.380
-1.678
-0.506
2.006
0.686
0.749
2.986
2.969
0.473
-1.173
0.352
-2.071
2.237
-0.102
-2.303
3.568
0.317
-1.445
3.093
3.368
-4.179
3.008
0.729
2.681
0.187
1.260
-0.380
2.731
-1.261
2.813
0.779
2.166
-2.072
1.365
1.630
4.800
2.025
-1.062
-1.161
2.177
-0.946
-0.897
-1.712
0.669
0.876
-0.433
4.418
1.721
4.570
0.664
-1.409
-2.037
0.055
2.158
-0.363
2.407
3.718
-1.586
-2.289
2.626
0.996
1.131
2.024
-3.312
1.409
0.783
1.459
-1.941
0.544
-0.811
2.855
0.142
-1.090
-2.028
2.445
2.705
4.966
-0.423
-2.081
0.048
-1.325
-1.160
1.489
2.971
1.342
0.622
2.319
-0.196
3.830
7.548
-1.161
3.252
3.256
1.615
3.437
1.202
1.907
0.547
0.687
1.877
1.361
-2.163
1.572
-0.239
-0.984
2.678
-1.891
-0.301
-2.209
-0.615
6.093
-1.486
-0.013
3.691
1.402
0.017
-1.313
1.967
-0.427
5.569
-0.328
4.406
2.456
2.436
-0.030
-0.753
-0.274
2.859
1.608
-4.128
-2.742
0.026
1.637
-0.200
-0.857
-2.012
2.541
0.589
4.383
-2.769
2.009
1.664
2.383
2.334
-0.867
-0.084
0.749
-2.057
2.826
-5.589
-2.439
-3.677
2.989
0.867
-0.929
0.581
0.984
-2.625
0.700
3.683
4.106
2.398
0.970
2.569
2.044
-2.347
-1.843
1.873
-1.254
-2.111
3.444
0.501
0.194
-2.537
-0.727
-0.474
-1.822
-2.567
4.545
3.733
0.098
-2.836
-3.791
-0.734
-5.058
-0.737
-4.501
0.124
0.821
-0.098
5.562
-0.145
4.503
1.061
5.181
-3.863
-2.248
-0.339
4.198
-0.224
-1.282
1.806
2.524
-1.491
-1.303
4.418
3.347
3.989
2.608
-1.699
0.271
-2.197
2.692
-0.954
-3.758
0.623
3.051
-2.955
0.050
-0.981
2.729
-4.563
3.074
-1.342
-0.034
2.411
3.899
0.473
-1.390
-0.926
3.149
-1.772
1.139
0.368
2.172
0.432
-0.691
-0.860
-0.905
-2.961
1.565
0.854
-3.169
-0.624
-0.311
-1.055
0.062
0.093
2.496
0.339
1.775
-2.988
-2.198
-2.947
-0.600
0.483
4.353
-1.641
2.388
-1.648
0.407
-0.016
-1.867
-1.679
4.184
-0.930
2.747
1.979
-1.117
0.342
0.640
1.519
-0.622
-3.266
-1.331
3.147
0.275
-0.660
-3.190
3.319
-0.147
2.960
1.988
2.259
4.333
0.640
0.030
4.103
2.352
-1.342
2.854
3.986
-5.170
-2.637
-1.594
2.085
2.243
1.597
2.453
-2.310
-2.545
3.358
0.599
3.251
-1.327
-2.185
-2.700
2.272
3.067
1.650
-0.810
1.879
1.813
-4.511
-0.491
1.021
3.009
0.146
0.708
0.188
0.987
-2.935
-1.103
-5.005
-0.711
1.540
-1.551
-0.254
1.288
6.884
0.154
2.076
-0.098
1.204
0.282
-0.663
-0.136
3.343
1.044
-2.523
-0.668
-1.791
2.576
-1.473
2.418
2.694
0.696
1.657
-0.854
2.388
-2.625
-0.760
-0.388
2.718
4.443
-0.742
0.118
-2.485
0.151
2.994
-3.960
0.394
2.073
0.487
-0.104
2.454
-1.591
-1.521
-4.081
1.131
0.881
-1.026
-1.795
0.236
0.581
-2.524
-4.320
-3.791
-3.139
-2.543
0.148
0.554
-0.053
1.211
1.312
1.142
0.564
-2.185
-2.854
-0.999
3.075
5.976
1.687
1.209
2.911
3.981
-1.863
7.317
4.161
-2.930
-2.046
7.111
2.838
-1.083
0.540
2.160
2.483
3.634
0.931
1.023
-0.523
-1.880
-1.990
0.005
1.176
-3.143
5.261
-1.320
-1.707
0.282
-5.338
1.218
-2.027
-4.263
0.694
0.691
5.019
0.781
0.763
0.449
-5.838
0.534
0.234
0.003
-1.651
1.706
-1.994
2.043
1.282
3.716
-0.764
3.559
0.860
0.169
-1.698
1.299
-0.793
0.283
2.216
0.276
1.111
3.983
1.701
-1.280
-0.623
0.688
5.442
-2.853
0.806
3.625
1.825
0.033
-3.777
3.977
-0.786
-1.937
0.952
3.775
1.322
-0.525
0.945
0.634
-0.773
0.511
-1.628
-2.024
1.676
-0.597
0.288
-1.503
-1.011
-0.810
-1.059
-0.634
0.824
3.686
2.176
-0.453
-1.168
-3.920
-1.266
-2.286
0.481
4.355
-0.598
-3.137
-0.120
-0.708
3.377
-4.174
-2.030
2.176
-3.417
1.727
-1.247
2.813
0.232
-0.033
1.787
0.396
-2.617
-0.900
-3.555
-1.724
-4.783
5.962
0.287
1.629
-1.655
1.612
2.207
2.597
0.152
2.787
-1.108
1.248
0.466
-2.470
-4.042
-0.368
-0.359
-0.297
2.870
3.653
1.927
1.759
0.158
0.774
1.381
0.686
1.772
0.460
-0.839
0.978
-0.216
3.836
-0.676
7.213
4.285
-2.368
3.354
0.049
1.707
4.134
-1.510
-0.762
2.158
-0.530
-4.990
2.663
1.237
0.294
0.650
5.722
2.780
-1.716
0.645
3.196
3.146
-3.256
-0.853
-2.371
1.885
-1.827
4.081
3.459
-0.242
-2.686
-1.544
1.433
2.395
0.258
-5.813
1.982
-4.499
-4.736
2.746
-2.496
0.951
0.571
-1.583
0.845
-0.971
0.464
-0.577
-0.853
-1.233
-1.806
2.396
-0.737
-2.366
-0.632
-0.917
-0.596
2.062
-1.157
-0.561
1.894
1.415
-1.299
2.668
2.533
2.364
1.076
-0.067
-2.228
-2.971
0.146
0.384
-0.277
0.084
3.623
4.256
-2.304
1.042
0.475
1.970
4.511
5.601
2.077
0.446
-0.520
6.318
-1.492
2.325
-0.284
-2.863
4.467
-3.831
-4.807
2.030
-0.380
1.386
0.333
1.791
-0.360
2.515
2.585
4.067
3.384
0.095
2.021
1.352
1.361
-2.827
2.158
1.811
4.719
3.147
0.709
0.106
-2.060
4.713
-2.207
-4.136
2.510
0.559
0.985
0.798
-2.189
1.235
-0.425
-0.761
3.765
2.249
-5.172
0.869
2.909
-2.640
-1.723
2.751
-0.740
-4.398
3.229
-0.068
1.247
0.232
3.040
-2.288
1.944
3.515
-2.888
-1.425
4.297
2.945
-1.616
-2.565
1.028
1.141
0.208
5.950
1.902
-1.667
2.888
0.490
-1.274
2.512
3.891
0.868
-1.995
0.621
-1.945
0.894
2.161
-4.394
2.067
-0.547
-0.999
-2.836
-2.226
4.585
2.388
3.457
-1.708
4.667
0.190
-1.543
-2.237
-2.166
-1.442
-1.795
2.520
6.593
-0.243
-0.196
-4.109
-1.871
-3.540
2.302
4.990
-2.244
-0.137
-0.246
1.990
0.603
5.425
-1.448
2.509
-1.079
-3.494
3.774
4.846
1.334
-1.162
-2.382
1.695
-4.754
2.442
-0.653
-0.705
-2.225
-3.099
0.210
0.819
0.130
2.977
0.494
2.067
-3.175
-0.711
3.910
2.682
1.151
-0.559
-1.897
-0.921
1.880
-4.409
4.658
3.323
3.268
1.825
0.609
1.257
-0.529
5.433
0.018
-0.792
-0.287
-1.386
2.292
-0.896
0.048
3.557
2.920
-2.107
3.184
-3.049
-3.253
-0.434
1.053
-0.189
1.403
-0.554
-4.592
-0.108
-3.299
0.358
-2.657
1.592
3.601
-3.800
-4.551
-0.371
3.060
0.724
-0.674
-2.232
2.086
4.040
-4.137
1.055
6.458
-1.104
-0.108
0.267
-0.630
2.983
4.674
-3.741
-1.893
3.341
1.791
1.398
2.022
0.581
1.505
-0.431
-0.197
0.121
-0.628
1.475
1.064
-4.129
-0.138
0.400
4.022
-0.338
0.581
0.166
3.523
-2.518
-1.534
-1.695
0.384
-3.235
3.866
1.347
1.755
5.396
-0.476
2.404
1.747
4.045
2.009
-0.872
1.368
-1.202
-0.771
0.317
-0.096
-1.795
-5.097
1.061
1.232
1.223
4.924
-3.337
4.078
6.331
4.583
-0.488
1.437
-1.501
-1.272
4.486
2.028
2.174
-2.345
-3.186
2.881
1.362
-0.366
4.517
1.774
-1.690
-4.301
1.786
-0.777
0.017
-0.182
3.784
2.373
0.119
0.054
1.041
3.513
0.549
-1.029
-2.542
0.144
-2.526
1.169
1.437
3.208
-0.153
2.828
4.218
0.527
5.714
3.799
-0.801
7.417
0.188
3.709
1.858
1.078
3.491
0.712
0.167
0.239
-2.395
2.910
-1.233
0.854
0.398
1.808
0.319
-0.294
1.345
1.139
-2.198
0.086
3.398
6.247
-3.748
2.337
0.604
-1.071
-0.677
-1.905
-2.919
1.275
4.630
1.196
0.762
-1.147
-1.883
0.402
-2.120
3.045
-1.036
-1.674
5.752
3.467
-2.518
-1.767
-0.118
-0.036
-0.751
3.558
0.855
0.261
-1.109
-2.174
-1.149
-1.752
-2.672
2.937
2.582
-0.549
3.513
1.767
-2.243
-3.149
1.084
1.492
-2.753
-0.912
2.398
4.120
0.553
0.485
-0.733
3.919
1.684
-1.669
2.227
-1.332
-1.934
-0.723
-1.715
-1.821
-3.008
-1.327
-0.929
-2.893
1.646
-3.889
-0.565
1.937
3.067
-1.029
2.782
-0.532
5.762
-3.154
-2.067
0.736
-2.677
-1.349
1.437
0.809
0.266
0.291
-5.557
0.707
-1.176
-0.537
-3.466
1.966
1.674
-2.446
0.781
4.301
0.686
-4.484
-1.019
0.655
5.429
-2.552
-0.004
-2.212
2.460
-0.529
-6.206
-0.594
0.081
1.281
0.786
1.927
0.054
0.553
0.379
-0.646
1.714
2.382
0.245
-0.830
-2.248
1.202
-2.058
0.733
0.665
2.911
3.679
-6.941
-0.134
-4.692
3.138
0.294
3.114
0.970
-2.891
-1.972
0.028
1.717
0.486
0.776
-0.508
3.062
0.701
0.466
1.059
-0.646
-0.490
1.505
2.213
2.464
-0.119
0.646
-1.106
2.238
-1.918
0.883
2.460
0.652
1.070
-0.305
-4.099
-1.267
0.456
-1.304
1.515
-3.164
-4.300
2.018
-0.398
1.181
-0.900
1.705
3.608
3.778
-1.205
-0.663
0.758
4.840
-2.417
-2.400
2.435
-1.248
1.932
-1.054
1.195
-0.874
-2.061
0.701
-2.560
1.445
-0.212
-2.916
1.070
1.019
-5.295
0.228
0.374
0.572
-4.015
1.199
1.581
-1.901
-3.008
-2.001
0.659
-2.621
-2.899
5.389
0.337
-0.397
-1.259
-0.665
4.674
2.309
6.078
1.291
-1.945
1.001
1.667
1.823
-0.711
4.679
-2.697
1.165
-0.352
-1.515
0.943
3.366
1.320
1.005
-4.497
2.561
-0.625
1.632
2.558
0.813
-4.453
3.750
4.683
2.301
-1.394
3.302
-0.327
0.189
3.224
1.904
-5.297
0.849
3.195
-2.923
2.696
-3.657
-0.166
1.649
-0.257
3.176
-3.045
2.307
0.477
-1.696
1.403
0.181
3.901
1.750
1.340
-1.265
0.702
-1.030
0.200
3.339
-0.336
-3.121
1.537
2.238
4.164
2.424
-0.302
0.976
1.284
1.392
-5.588
-1.026
1.495
2.988
-1.172
-0.646
-0.222
0.026
2.401
-1.422
2.426
3.755
-0.595
-0.682
0.728
-1.058
0.139
-3.177
2.404
4.341
-1.266
-3.601
2.560
-0.654
-1.253
0.057
-2.580
1.507
-2.685
-2.492
-2.525
0.744
-4.003
5.362
-0.551
-4.729
-2.196
1.787
3.586
0.742
0.556
-3.322
3.923
1.684
1.121
0.391
1.624
-1.570
2.604
2.278
0.114
-0.303
-4.830
-3.807
1.660
2.521
2.918
-2.883
5.854
2.751
-1.026
0.742
-3.724
-1.131
1.642
0.500
4.534
-3.201
0.069
-2.378
4.034
0.987
0.370
0.030
-1.755
3.226
0.759
0.937
1.748
-1.718
5.139
4.117
0.264
-0.373
1.885
3.038
4.551
1.898
0.678
0.679
-4.164
-0.683
1.217
-5.069
0.782
-1.599
4.135
-0.333
-0.283
0.020
0.339
2.253
-0.476
0.406
2.267
0.370
1.923
-0.719
1.192
3.492
1.796
-4.140
1.683
-2.420
-1.870
1.531
-1.977
-2.314
0.342
-1.122
-3.561
1.683
2.715
2.521
-1.806
1.336
-0.836
-2.692
-1.444
-6.416
-2.188
-3.170
0.837
1.050
-3.705
2.337
-1.109
-2.217
-3.947
-1.572
0.016
2.740
0.097
-0.406
1.743
0.686
-3.262
-0.698
-1.030
-0.010
-0.791
-1.586
3.866
0.241
1.494
0.068
2.307
0.132
2.684
-6.539
0.589
0.977
1.081
-2.251
-1.384
-2.154
1.519
2.520
-3.595
0.842
-1.725
4.544
1.700
-0.495
0.026
3.463
0.487
-3.943
3.992
2.301
-0.940
1.792
-1.122
-1.186
0.059
1.790
1.479
2.602
1.490
3.838
4.489
1.075
-0.457
-0.081
-4.271
0.400
-1.131
-1.342
0.259
-4.687
-0.079
0.840
-3.335
3.600
1.413
3.448
1.392
1.216
4.003
3.507
5.010
0.052
-1.557
-2.429
-1.996
1.978
6.893
3.971
-0.081
2.189
-0.978
-0.829
-2.133
-1.973
1.683
3.908
2.849
3.848
2.231
0.268
-0.911
1.734
-3.681
-1.101
-1.540
3.336
-2.956
2.581
1.280
1.309
-0.772
-3.162
1.551
2.476
1.543
0.004
-2.381
-1.145
1.431
-1.546
-1.959
-3.122
1.635
1.584
3.120
-4.796
3.162
3.022
3.251
0.637
0.882
0.871
-1.841
-1.739
0.892
-0.248
2.069
-0.506
-3.175
-3.063
-1.477
2.093
-0.896
1.066
-3.663
0.739
0.441
3.206
0.720
2.181
5.020
0.446
4.031
0.648
-0.932
0.089
-0.866
-0.779
-1.026
-0.378
2.056
-3.733
1.039
0.639
3.673
-0.528
3.066
-1.714
-0.742
1.350
1.809
-0.286
0.885
-0.044
2.249
-0.002
-0.185
2.729
0.855
1.954
6.347
-4.414
-2.116
-1.877
-1.699
3.766
-6.051
1.506
-3.329
0.411
0.973
2.525
-0.287
-0.065
-4.569
5.822
1.085
1.403
2.925
0.188
1.367
2.067
-3.189
1.624
5.330
4.542
4.027
4.935
-2.673
-0.910
-1.837
8.738
0.935
-3.044
-2.294
0.607
-2.921
4.835
2.247
1.101
-2.179
-2.821
1.188
0.680
-2.730
0.221
0.227
2.121
5.405
-4.641
2.273
-1.322
1.362
0.664
1.550
-2.633
2.677
0.448
3.690
4.172
0.918
2.726
2.518
3.563
3.389
-2.444
1.018
-2.982
-0.903
-0.805
1.754
-0.202
-0.033
2.748
2.461
1.012
2.148
1.900
5.066
-0.151
-1.455
0.839
-1.931
-0.533
1.430
-0.868
-0.197
-0.305
-0.690
-2.282
2.779
3.638
2.634
2.613
-0.648
0.771
-1.520
0.026
0.240
-2.974
0.667
-0.924
0.987
-0.214
1.181
2.025
-2.658
-0.417
-1.205
3.178
4.425
0.452
1.321
-3.188
1.077
-0.271
3.611
-0.196
-1.619
-2.873
0.785
-0.954
3.272
1.870
0.108
1.855
4.534
-2.434
-1.174
5.010
-1.461
1.940
3.199
0.312
2.005
-0.355
4.710
-0.711
-1.941
2.483
2.054
0.708
0.429
-0.840
-1.413
-1.104
1.100
-0.146
-3.228
-0.659
-0.160
1.574
1.051
4.563
-2.001
1.677
1.874
1.020
-0.363
-1.291
0.252
-3.941
-1.867
-1.990
1.559
1.851
-2.223
-2.788
-3.162
2.697
2.546
1.909
3.958
4.617
-2.034
-0.597
2.223
-6.276
-0.252
2.660
-0.487
2.106
-4.451
1.032
-0.756
-0.191
-1.925
4.188
0.515
0.700
5.298
-1.870
0.686
-1.285
-1.401
1.089
-0.326
5.098
4.627
-0.040
-3.348
-0.349
2.864
-1.778
4.201
1.745
-2.460
-1.234
-0.895
-1.584
-2.399
-1.030
-0.564
3.468
1.403
1.546
1.189
-1.561
3.103
-0.692
-0.456
1.260
6.349
-1.007
-3.561
1.044
1.991
-0.692
-1.075
-2.701
1.159
5.016
4.460
1.072
-0.649
1.267
-0.430
-1.187
0.741
3.417
-0.104
-0.133
-0.285
2.252
2.395
-2.233
-0.074
3.005
-0.453
3.692
1.998
4.565
-0.397
2.034
2.109
2.936
1.198
3.022
-1.164
0.216
-3.221
-0.297
-1.693
1.145
2.717
1.705
2.223
0.579
0.012
-2.465
-4.269
-3.269
-1.241
2.540
-2.599
-1.622
-0.779
3.442
0.258
0.674
1.336
3.698
0.551
-3.887
0.655
3.807
1.888
0.866
1.199
-4.059
-4.394
2.496
3.436
-1.161
0.814
1.840
4.334
0.158
2.121
5.134
-0.323
0.506
-2.303
-2.183
2.451
3.215
3.143
-2.130
-0.144
1.498
-5.113
1.447
4.863
3.078
-5.435
1.304
0.868
1.002
0.607
-0.433
-5.231
1.096
1.856
-0.983
3.371
-3.586
-3.791
0.554
-1.286
2.683
-0.676
3.609
-1.383
0.695
-4.413
0.222
0.524
3.253
-3.277
-0.329
3.837
4.155
-1.652
-1.296
-3.729
-4.745
-0.583
-1.199
5.298
1.185
-0.151
1.924
2.818
3.263
0.973
0.293
0.730
0.210
-0.920
2.854
-0.113
-2.084
0.399
2.070
-3.144
-0.295
-1.575
5.588
0.570
4.075
0.936
1.150
0.203
-0.185
0.173
-1.228
0.323
-3.547
0.766
-2.542
0.577
1.120
3.751
1.110
-0.289
-1.159
2.069
0.112
-1.456
0.718
-4.107
0.542
-1.523
-0.433
5.136
-0.815
2.246
2.868
2.399
1.241
-2.308
-1.211
-2.448
-0.495
-0.467
-1.843
1.664
-0.834
-0.521
-3.415
0.516
0.124
-1.089
1.265
0.635
1.760
1.868
2.066
4.355
0.659
-1.921
-0.682
-0.618
-1.858
-5.682
0.905
0.431
4.943
4.791
1.982
1.700
-1.641
0.803
0.070
0.700
-1.495
1.356
-2.936
7.635
3.823
3.535
-2.711
-3.540
1.009
-0.381
4.785
1.857
0.251
3.902
0.787
0.900
2.851
-1.276
2.795
1.708
-1.860
5.049
-0.748
-3.573
-1.516
-2.136
0.820
4.244
0.947
4.156
2.910
-6.050
2.509
-1.044
1.580
0.211
7.037
1.397
1.751
2.938
-3.224
2.950
-0.167
-1.309
2.318
-3.222
2.603
-0.028
0.110
-5.036
2.511
0.944
-0.771
-1.876
2.226
1.186
0.362
-2.022
1.077
0.934
3.508
-2.524
-1.368
5.015
0.810
0.957
2.668
4.700
-2.438
5.586
0.245
0.983
0.494
3.945
2.650
0.002
-2.355
-0.233
-2.860
2.489
-1.278
0.104
3.166
2.287
1.270
-1.560
1.514
-1.559
1.536
-2.787
3.247
0.829
0.319
1.289
0.073
0.513
3.449
2.887
2.061
0.955
-0.409
2.925
-1.835
4.632
2.058
3.186
1.473
0.056
2.626
-3.028
-1.063
-0.109
-2.964
1.879
3.388
-3.751
-0.647
-0.057
1.125
2.402
-0.319
2.608
0.562
-1.097
0.903
-2.682
-0.261
-0.071
-1.102
6.428
3.474
0.830
1.376
1.591
1.849
4.099
2.576
-4.416
2.351
-1.658
-0.980
2.705
-4.122
4.460
2.312
1.151
2.351
3.106
0.885
2.208
-2.002
2.299
1.808
3.804
0.768
1.085
-1.866
0.349
1.817
2.045
4.462
1.458
0.127
1.686
-0.988
3.530
-1.314
-0.622
-2.231
0.549
1.898
4.318
0.212
-0.189
-6.055
0.886
0.416
0.388
3.964
1.661
-0.649
-1.824
-2.428
-0.719
1.248
-4.713
0.026
2.274
-2.135
-0.078
-2.030
-6.150
-1.571
-2.202
2.210
1.503
-2.150
3.452
2.090
-0.265
1.142
-1.919
-5.559
0.568
-2.924
-0.194
1.336
-4.315
0.846
2.333
-4.640
2.043
4.908
-0.262
2.127
-2.061
2.559
1.574
0.873
0.736
1.297
0.196
-1.985
-0.005
0.236
-2.467
0.085
0.202
-0.899
1.195
1.765
-1.243
0.708
2.532
-2.075
-3.642
-1.909
1.615
-0.746
-2.623
3.397
-2.483
-0.059
2.118
1.958
1.352
-1.253
1.689
0.385
1.326
3.640
-2.515
1.275
0.691
2.616
4.618
4.543
2.354
-1.087
-0.664
2.081
-2.738
-0.210
-1.422
-2.474
0.945
2.245
1.791
0.634
-0.495
-0.909
2.441
-0.878
-0.946
1.337
-2.005
0.554
-0.920
-1.261
-0.250
2.161
0.774
1.053
2.171
1.847
-0.079
1.686
-0.054
1.402
2.850
1.600
-2.641
-0.842
1.904
-4.822
1.127
0.992
6.896
1.387
0.090
3.143
-0.477
0.451
0.563
1.791
-1.866
2.350
-0.912
5.293
-3.281
-1.468
-4.520
7.466
-2.595
2.174
2.095
-1.824
2.205
-2.216
-1.603
-3.399
1.957
-4.351
1.294
0.053
4.533
0.428
2.385
1.577
0.102
3.026
1.262
2.507
-1.877
1.618
2.274
-2.264
0.173
-3.822
-3.459
0.206
4.671
4.856
-0.382
-1.934
2.575
-4.459
-0.618
-1.446
0.143
3.651
-5.862
1.095
1.174
0.204
1.049
1.584
0.730
-4.534
-1.784
4.184
-2.451
0.543
-1.381
1.778
-0.136
1.921
1.269
-0.585
-5.000
-1.729
-2.545
-2.563
1.558
5.209
-5.566
-3.265
0.907
-0.258
1.438
0.238
3.512
1.719
2.455
2.793
-2.512
1.759
1.893
-0.470
-0.485
-0.418
-1.761
-2.963
5.499
2.942
0.412
-3.172
1.660
-0.524
-0.026
5.745
4.905
-5.326
1.227
0.747
1.202
-0.989
0.357
-2.275
2.840
2.767
4.288
-1.507
0.997
5.254
-1.271
-2.073
1.071
3.146
-1.251
4.989
-1.848
1.930
-1.274
-0.768
2.324
-0.152
-3.296
-1.567
2.082
1.304
2.091
-1.096
-2.194
-1.615
-1.451
0.238
-2.492
2.907
1.588
-1.725
-0.127
-1.778
-0.008
-1.654
5.492
-3.468
-2.697
-0.221
0.575
0.590
2.553
1.412
-1.862
2.899
1.858
3.678
0.473
2.966
-6.184
-0.816
-1.840
2.035
-1.425
2.692
2.240
-1.108
0.923
-0.165
0.629
2.149
-0.432
-3.625
1.779
2.924
-3.729
0.262
-1.886
3.055
3.188
-1.593
-2.807
0.937
-2.312
2.409
0.035
4.203
4.310
4.075
1.317
-1.920
-3.209
1.777
1.956
0.979
-2.839
-1.564
0.550
-1.122
-1.512
-1.970
0.025
-0.148
-1.634
0.375
0.949
1.197
-1.948
-0.387
0.389
0.650
-2.854
-0.469
1.773
-1.075
1.204
0.385
-0.754
3.378
-0.376
-0.155
-0.813
3.903
3.688
3.102
2.437
-1.772
-0.730
-1.500
2.823
5.955
1.980
4.372
1.448
1.110
-1.042
1.821
2.541
2.879
0.598
0.825
0.204
-1.005
2.465
-4.199
-3.664
-0.963
-2.707
2.956
-0.713
2.455
3.481
0.497
1.135
3.294
2.748
-4.620
-0.639
1.580
0.868
-2.032
-3.748
1.817
-1.674
0.028
0.697
-0.041
-1.886
0.151
-0.957
4.324
0.862
6.509
-2.814
-0.372
-0.380
-1.514
-0.493
-0.802
-1.999
4.657
0.150
2.575
2.727
3.777
-2.008
3.389
0.172
5.236
1.610
-2.417
3.369
3.132
-2.750
2.138
4.198
1.499
-1.987
2.775
1.947
-0.204
-0.755
1.936
-1.836
0.834
3.227
3.998
-0.911
-3.458
-1.347
2.309
-1.428
2.949
-1.433
-0.988
-0.065
2.617
-3.451
1.022
0.979
-2.029
1.205
-0.082
-2.365
0.173
-2.151
-1.187
2.462
-0.399
2.413
-0.027
-1.960
1.502
1.694
-2.603
3.076
4.000
1.854
0.536
5.178
1.644
0.823
4.430
4.196
-3.104
-0.860
1.756
3.296
-2.447
2.529
-0.621
2.072
-1.011
-5.249
-3.901
-2.353
-1.070
0.333
-0.892
0.236
-0.841
0.339
2.584
0.314
1.648
2.064
-0.029
-3.948
0.956
-1.268
2.420
3.628
-0.268
0.743
1.953
-1.601
0.372
-3.364
2.856
4.397
0.590
-1.454
0.978
-2.710
-0.696
-0.654
-0.902
0.876
1.391
0.384
2.512
1.287
-0.836
0.091
0.156
-0.570
1.573
-4.765
0.427
1.092
1.788
3.010
0.012
2.346
1.815
0.984
-2.989
2.967
0.581
-0.255
-2.427
-5.516
4.915
1.086
-2.307
-2.676
-0.319
2.289
1.865
1.987
-1.780
-0.079
0.655
0.214
1.660
4.127
0.855
-1.054
-3.137
0.772
-1.233
1.379
1.225
4.102
0.863
1.443
-1.223
-3.087
2.929
3.246
-0.444
-4.291
3.616
3.202
0.070
2.915
0.252
0.871
-3.553
3.283
-3.857
4.481
4.725
-5.781
4.087
-0.223
1.363
-3.035
-0.424
-2.485
-1.544
3.283
2.748
2.319
-0.944
-1.307
-3.608
1.977
4.998
3.844
0.424
1.534
0.944
2.533
4.531
-1.017
-0.928
-0.339
0.271
2.098
0.189
-1.698
-1.667
-2.471
0.093
2.831
1.359
1.702
-2.252
-2.465
0.778
3.341
2.378
-1.267
5.849
-4.521
0.420
0.597
-0.152
1.612
-0.135
-3.239
0.137
0.745
2.538
3.752
-1.703
4.363
-0.677
-0.875
-0.636
-4.333
-0.664
3.496
1.496
0.896
1.192
3.377
-1.757
2.519
0.510
-1.531
1.463
0.551
-1.586
-2.217
-0.694
-0.876
3.280
-0.164
-0.545
3.059
3.589
-1.646
-2.635
1.587
-0.148
-0.959
2.842
-0.275
4.954
0.464
0.744
5.725
1.093
-1.345
-2.099
-0.759
0.916
2.536
-3.260
0.358
3.419
0.979
3.604
-3.269
-0.194
0.639
1.678
-1.693
1.348
1.535
0.174
1.478
1.109
-1.230
-0.029
-2.648
-3.240
0.960
-4.196
-0.230
1.342
0.389
5.595
1.374
-0.295
1.809
-2.799
2.750
-0.862
3.006
1.311
1.852
-0.979
-2.397
-2.440
-3.768
-0.570
-1.060
2.778
-2.131
5.615
-2.054
-1.828
-3.202
0.373
-0.423
0.091
1.326
2.708
-2.458
0.397
2.403
-2.276
6.984
5.969
0.170
-2.306
-1.997
0.911
1.885
-4.071
-1.920
0.690
-3.021
-0.363
1.385
-0.039
-1.412
0.559
1.567
-1.860
1.176
1.129
1.596
0.981
0.662
-0.024
-0.368
2.085
0.121
1.634
1.597
-1.905
-0.415
0.223
0.566
1.380
0.779
0.451
-0.695
2.887
1.184
0.081
-0.585
1.022
0.421
-3.307
-2.027
3.481
1.239
-1.185
-0.545
-1.719
-0.909
2.809
-0.085
2.350
4.256
-0.598
-2.758
1.389
-1.619
0.351
0.754
4.807
1.125
-0.747
1.852
2.306
3.242
-1.865
3.448
5.837
3.395
3.831
-0.693
4.405
-0.793
0.257
-0.765
-1.045
0.337
-2.419
-1.299
-1.984
4.032
4.238
6.459
0.189
0.421
2.202
-2.713
-1.998
-3.483
2.358
-1.717
2.754
-0.758
0.359
-0.061
0.807
-0.824
2.845
-0.052
1.224
0.613
-2.083
3.588
-1.214
2.291
2.100
-3.247
-0.081
1.742
-0.345
0.043
0.871
-0.552
1.207
0.452
-0.123
-1.979
1.323
-5.432
0.980
0.386
-1.601
-2.985
1.354
-0.243
0.683
-4.060
1.494
2.605
-0.016
-1.803
1.392
-0.332
2.422
0.400
-4.791
-5.288
-1.355
1.437
-0.832
1.531
-1.239
5.300
-0.101
0.996
-1.951
-0.654
1.535
0.239
-6.326
1.548
1.812
2.104
2.989
0.784
6.099
0.911
-5.176
0.887
3.040
-2.957
-0.299
3.261
-1.005
-0.220
2.224
-2.727
0.322
-1.982
-0.294
0.918
2.895
1.100
-1.006
3.223
1.827
-4.310
2.361
0.506
0.271
3.207
-0.140
2.496
3.416
0.499
1.424
2.016
1.460
2.484
-2.157
-1.189
-2.673
4.396
-3.672
3.520
1.483
-1.753
-2.701
0.259
-0.189
1.299
-4.929
-0.103
-1.754
3.414
1.332
-0.868
3.761
-0.696
0.100
0.999
2.532
0.379
3.759
-0.614
-2.004
4.172
-0.402
1.774
2.194
5.349
-0.363
1.616
-1.529
-0.805
-1.469
2.383
2.558
1.235
-1.512
-1.212
-1.334
1.207
-3.444
-0.602
-2.864
1.565
-2.029
5.049
2.859
0.136
1.342
1.474
-1.955
3.322
0.120
-1.493
1.650
-2.345
1.924
1.173
-1.210
2.646
2.043
-0.422
1.644
-2.847
1.530
-3.152
0.658
2.004
1.162
4.078
-1.554
1.331
-4.768
-0.879
-0.376
4.112
0.293
2.541
-1.821
-0.449
-1.658
-2.035
-1.871
-1.123
5.253
0.210
-2.897
-0.908
2.790
-1.334
3.920
2.821
-0.116
-1.224
-1.932
0.812
1.346
3.566
1.206
-0.496
3.648
2.316
-1.300
0.151
1.935
1.082
-2.069
0.772
-1.272
0.502
-2.769
-1.788
5.387
-0.673
3.022
0.048
-2.537
-2.242
-1.553
5.500
-0.205
0.785
1.986
1.561
2.426
-0.911
-2.491
-1.917
-3.326
-0.898
-8.593
2.089
1.723
-1.991
-2.954
4.017
2.670
-0.268
-1.270
0.441
-3.108
1.053
-2.535
-5.388
-1.603
-2.086
4.687
4.369
-2.329
0.110
-1.225
4.761
-4.018
1.466
3.417
-0.960
0.407
2.877
-2.307
1.878
-3.366
-3.479
2.391
-1.971
0.780
-2.478
1.023
-3.632
3.460
2.302
-1.093
-4.121
-0.141
-0.510
-0.957
2.872
3.262
1.376
3.927
-6.378
-0.380
-0.494
2.371
-0.414
1.683
-0.806
-1.268
2.273
0.346
1.087
-2.627
1.977
-2.235
4.462
-0.266
-0.644
2.491
0.226
2.072
-0.367
2.062
0.167
2.430
3.112
-3.453
1.209
4.741
1.833
6.202
-1.878
0.969
1.520
-0.914
-2.616
5.558
3.043
1.689
0.465
0.687
1.857
3.812
-1.347
0.604
-0.538
-2.187
-1.123
0.869
-0.368
0.415
2.089
3.122
6.719
2.201
-1.131
2.997
-0.413
-1.328
1.845
3.743
-1.103
1.107
1.445
-1.927
-3.085
-3.017
3.419
-0.763
-1.163
1.114
3.472
-2.445
-4.182
3.891
1.583
-2.224
-0.702
-2.056
1.886
2.805
1.956
0.749
1.257
-1.430
-0.716
0.364
-0.314
0.351
-3.532
2.465
-2.223
-4.710
-1.367
-0.168
5.192
-0.823
0.853
1.120
-3.286
0.097
-0.285
0.551
1.365
2.392
-1.706
1.510
-1.398
-1.835
4.556
-4.002
-0.890
0.884
-1.089
0.711
-2.873
-4.079
-1.748
0.715
-0.062
1.877
-3.069
-1.031
0.177
-1.976
0.681
-0.325
1.518
1.043
-4.098
3.884
-4.864
-3.375
0.170
1.060
-0.327
-0.951
0.153
1.615
-2.402
-2.324
-1.727
3.518
1.245
1.724
4.168
2.240
0.725
4.090
-1.982
-0.287
3.125
-4.916
-1.562
2.245
0.606
1.583
-4.249
-1.668
1.908
-1.815
2.330
1.040
-2.463
1.179
2.147
1.218
1.639
-3.799
5.762
7.120
3.779
0.627
-0.622
-0.571
2.231
2.916
-1.209
0.298
3.367
0.104
0.619
3.654
3.267
2.282
-2.216
-2.186
-1.416
-0.903
0.868
0.127
-0.038
-0.269
-1.756
-0.757
6.191
2.028
0.398
-3.251
-2.027
0.249
3.613
0.900
0.867
3.014
-1.981
3.725
-0.570
3.129
4.358
-1.827
0.350
2.244
-0.338
-0.271
-0.606
-4.115
2.888
-2.073
-5.144
2.863
1.514
-2.813
2.957
1.947
0.351
-0.491
0.056
0.846
-1.543
3.033
1.684
0.026
4.533
-0.374
4.068
1.052
2.168
-0.531
-4.137
1.500
-2.501
-1.120
0.532
-1.190
0.274
0.829
-3.188
1.008
-1.141
-2.213
-4.453
-3.381
0.408
0.452
1.594
4.468
3.605
2.740
3.197
0.784
0.741
4.039
0.869
0.921
3.148
-0.314
0.027
-2.917
-0.760
-0.441
-0.306
2.295
-2.071
3.924
-4.594
1.786
2.310
2.011
2.979
-0.158
3.357
-1.308
-1.107
5.316
0.774
2.634
1.541
2.086
-4.463
1.253
0.388
2.686
-1.560
3.214
-2.545
-0.734
-3.438
-2.243
0.367
3.634
0.434
-2.731
-4.716
1.967
-1.228
-0.907
2.934
0.026
-0.367
0.738
3.907
0.960
-4.832
-1.613
-0.333
2.422
-2.632
0.707
0.154
2.790
-2.043
0.751
4.029
2.507
1.788
-0.395
0.713
0.079
2.406
1.613
-1.156
4.539
3.240
-1.730
-0.475
-0.030
2.309
-1.592
-1.256
2.458
1.691
-4.326
1.928
-3.188
-1.173
-0.526
-0.776
-1.208
-2.141
1.580
-3.521
-0.926
2.249
1.304
-2.973
-4.281
-2.264
-4.877
0.570
-0.753
-0.568
1.575
2.447
0.922
-0.185
-1.336
-0.492
0.848
2.571
-2.985
-2.357
0.335
-4.717
1.035
2.885
6.010
0.547
2.412
0.403
4.237
-0.666
1.140
1.799
1.283
-1.502
-2.947
2.801
0.953
0.531
2.491
2.378
1.210
1.875
-0.910
1.631
-3.417
0.397
2.143
-1.375
0.692
1.073
-1.788
3.060
1.119
-3.672
0.568
3.839
0.340
-1.212
-0.957
-0.034
-2.560
3.716
2.568
2.935
-3.259
0.659
2.937
-1.923
0.177
-2.289
2.351
-0.165
0.128
-2.359
4.065
0.472
2.250
1.272
-1.832
-3.589
-0.109
3.006
-4.377
5.026
2.351
0.808
0.072
2.411
-2.580
1.412
1.090
4.659
-0.527
0.457
0.190
-0.891
3.898
-1.989
-3.292
0.935
-1.389
0.960
1.870
0.701
0.408
-4.598
1.693
0.821
4.848
3.079
-3.207
2.896
-2.769
2.351
3.839
4.831
-0.601
2.044
2.773
1.479
-3.661
0.721
1.716
0.346
-1.711
-0.132
2.513
1.294
1.467
-0.247
1.374
-4.705
0.244
-0.564
0.415
-2.465
1.239
4.964
0.544
0.462
6.369
-1.924
1.538
4.143
-0.587
2.397
0.750
-2.229
-0.044
0.274
-1.176
-3.506
-0.639
-3.238
1.650
1.668
-2.709
0.547
-2.876
-0.519
-1.255
1.503
-3.536
2.709
3.297
0.004
-2.879
-4.674
2.979
5.111
0.455
-2.441
-2.278
3.186
0.755
-1.976
5.868
2.859
1.669
-0.989
3.324
2.467
0.094
2.962
2.860
1.007
-2.403
-2.101
-3.453
3.529
-3.156
0.432
-3.468
4.391
-2.440
1.125
-3.413
2.440
2.953
0.392
0.192
2.296
-1.113
2.963
1.062
-3.425
4.782
0.792
-0.462
0.747
-1.374
-0.017
2.244
2.000
1.837
-1.092
-1.716
1.281
2.200
-1.408
-0.197
1.292
0.120
3.127
-2.789
-3.137
2.980
1.831
0.567
-0.451
1.480
0.803
1.069
0.188
1.634
2.554
2.519
1.447
0.341
1.417
3.218
-0.021
-0.304
1.535
2.122
0.109
1.431
-1.667
0.324
4.077
1.809
-1.203
-0.882
-2.634
4.246
-2.037
-5.720
-3.026
0.477
-1.371
0.660
1.170
-1.148
-1.857
2.536
1.066
-6.073
-3.339
-3.953
-0.033
0.837
-0.062
-1.158
2.803
1.119
-1.839
-1.683
-1.479
-0.484
0.434
1.342
-1.626
-2.905
1.294
2.339
4.454
1.321
-1.402
1.816
-0.012
-2.879
0.234
1.028
3.791
0.521
-1.607
-4.179
-2.600
-1.979
4.349
-0.108
0.135
2.993
1.796
-0.279
3.102
-1.292
1.031
-2.663
0.975
2.793
2.441
2.515
7.281
-0.292
-1.819
1.445
-1.763
-2.369
-0.256
5.103
2.004
1.263
-3.665
-1.145
3.788
-0.298
5.618
1.425
-0.011
-0.404
0.194
-3.134
2.685
1.410
-0.265
0.082
2.293
5.221
4.026
0.796
-1.624
-3.330
0.644
-1.530
0.722
1.048
2.071
-2.462
-1.779
-0.404
0.975
0.834
6.537
-5.072
3.015
2.891
-1.847
-0.784
4.578
-1.143
-1.103
0.638
1.580
2.744
2.848
2.226
-4.229
0.251
1.946
1.993
-1.354
-2.104
-2.270
1.467
2.767
0.690
-2.218
0.781
-1.935
-1.419
-0.535
-1.566
-2.363
4.068
-4.181
-1.070
-0.168
3.297
1.057
-0.326
-1.429
3.103
-1.586
0.857
-0.057
1.502
4.121
2.043
0.041
4.372
4.142
3.085
1.027
-1.501
-5.328
0.857
2.208
-2.859
1.347
-0.719
1.575
-1.130
-1.393
0.203
-2.473
2.658
0.399
-2.397
-1.127
1.767
-0.373
2.054
-2.038
-0.321
0.177
5.695
-1.397
1.854
1.482
4.545
3.613
-0.760
-2.168
-3.048
0.916
2.783
3.095
-0.277
0.456
3.773
-1.482
-5.591
3.118
-2.435
-0.347
1.446
-0.759
2.943
6.761
-1.587
0.671
0.362
1.101
-1.098
-1.210
-1.154
-0.758
-0.720
-5.663
0.563
-0.373
-1.374
0.573
0.337
-0.604
0.371
-1.047
-2.456
5.057
-0.840
0.987
6.582
-0.643
1.454
5.934
-3.610
3.551
0.883
-0.862
0.466
-0.518
4.133
0.312
2.025
-0.919
1.052
-0.569
-3.058
3.490
1.185
2.201
-1.398
3.193
1.473
0.711
2.820
-0.440
3.457
-1.239
0.430
-1.898
-2.406
-0.768
-0.036
1.674
-1.193
1.759
-0.418
-0.836
1.861
-0.957
4.730
1.388
-2.932
0.064
-1.203
-3.589
2.889
2.944
-1.389
2.055
2.455
0.320
2.635
1.057
3.099
-2.464
0.705
0.834
-2.426
-2.196
-3.452
0.458
-0.707
-2.748
3.271
1.311
-1.389
0.838
-0.221
-3.400
1.007
4.286
3.739
0.598
-0.696
1.701
0.990
0.017
4.814
-0.601
2.647
0.695
0.707
-3.612
2.993
2.358
0.801
2.834
1.347
-2.764
-1.979
0.205
-3.709
3.044
-0.167
0.679
-2.006
1.902
0.007
-0.433
3.736
3.493
2.149
0.852
-0.889
-0.343
-0.453
1.291
0.274
0.334
4.048
3.095
-1.525
1.063
-1.512
1.796
4.980
-0.505
2.247
4.223
0.023
1.536
4.466
-1.897
-2.138
-2.636
2.162
-2.082
1.694
3.613
-1.239
-1.479
1.958
0.465
-5.321
4.027
1.675
-0.563
-0.660
2.031
0.242
0.487
0.712
-1.616
-0.516
-0.102
-1.476
1.009
1.512
4.398
-1.476
2.487
3.770
2.629
-0.845
-0.392
3.993
-0.098
0.278
-0.818
2.207
-5.556
-1.594
-2.002
4.162
0.907
-0.134
-0.140
-2.966
3.605
-0.493
1.773
-1.226
0.206
-1.855
-0.245
2.848
0.604
1.248
0.500
4.265
-1.610
0.019
0.801
-2.040
0.654
0.421
0.623
0.634
-1.262
-3.549
0.789
-1.794
0.128
-1.446
-3.204
1.216
2.031
2.998
-0.723
0.445
1.167
2.801
-3.850
-3.175
3.682
-3.694
2.552
3.544
2.278
-2.058
-1.790
0.212
4.554
4.534
1.067
-3.477
0.740
-0.149
0.405
-3.625
0.935
-3.258
-5.722
0.889
4.955
-1.656
-0.785
2.500
3.140
0.603
-1.350
3.533
-2.603
-0.901
1.762
-3.415
1.282
3.083
4.374
-0.586
-0.706
2.066
-1.133
-0.391
1.123
1.244
-4.227
-2.449
-4.049
-3.653
-2.335
-0.183
0.049
-4.814
-1.890
-3.294
-0.131
-1.225
3.370
0.015
-1.107
-0.279
-1.195
3.569
-0.455
1.445
2.245
-1.236
-3.979
-0.804
1.880
-3.719
0.957
2.365
3.690
1.977
1.052
0.797
-2.549
-1.922
-3.807
0.523
1.408
0.632
1.031
2.173
-2.835
0.501
0.942
-0.775
-4.752
-2.108
-0.870
0.709
0.430
4.966
2.615
0.295
0.641
3.400
3.492
1.152
4.510
-1.805
0.281
7.949
2.055
0.012
0.599
0.781
4.358
2.280
0.161
-3.672
-1.394
0.494
0.039
2.980
-0.205
2.363
-3.183
-0.909
2.017
5.311
0.009
2.339
3.557
2.638
2.146
-0.500
3.997
-2.813
-2.691
4.832
1.218
-2.621
-3.091
-3.192
5.232
0.155
-0.892
4.259
0.953
-0.436
2.896
1.784
1.791
-0.299
-1.799
-2.075
0.597
0.368
1.509
-0.670
3.423
-2.831
1.353
-1.833
-0.234
-1.860
-0.532
-2.219
-2.052
2.663
-2.985
1.910
2.394
2.103
0.286
-2.271
-3.359
-2.482
-2.467
1.010
-3.047
-0.146
0.446
-0.377
-0.299
3.413
1.549
2.037
-0.542
2.233
1.079
0.854
-0.589
0.918
5.410
1.799
4.452
-4.179
0.524
2.320
1.278
1.586
-0.583
3.257
-3.492
-0.009
0.648
-1.025
0.417
-4.365
-2.761
3.399
0.934
-0.559
2.701
3.679
4.693
-4.179
3.669
-2.436
1.074
1.817
4.211
1.476
1.020
-1.661
-3.700
-1.723
3.726
0.429
4.337
-1.372
2.235
0.753
3.459
-0.186
0.044
3.271
-4.665
0.006
-3.637
0.279
-0.659
1.795
1.469
-0.335
-1.958
0.538
3.482
-2.003
-3.258
-4.074
-3.333
0.333
-3.023
-0.550
1.458
-4.759
2.718
3.776
4.825
3.888
6.140
0.902
2.284
-0.253
1.941
0.680
-3.641
-3.260
4.692
0.722
3.759
-1.010
-1.792
0.144
2.234
3.691
0.797
1.919
0.005
3.844
3.880
-1.535
1.269
-2.039
2.309
-0.596
-1.563
-4.546
2.949
0.813
0.953
2.346
-1.478
-1.854
1.668
3.129
1.627
4.197
1.705
1.574
2.323
-0.207
-2.632
0.396
2.063
-1.713
-3.025
-1.392
3.555
1.540
0.048
-1.972
1.011
0.794
1.445
6.360
1.535
-1.316
-2.974
-0.993
-0.747
2.339
-1.134
-2.030
1.641
-1.135
1.734
-1.680
-0.783
-1.047
1.337
0.005
-2.582
-2.783
-0.408
-3.047
-0.644
0.965
-2.488
2.386
3.671
2.950
1.955
1.362
0.926
1.238
-1.102
0.290
0.707
1.889
-3.466
0.856
2.899
-1.096
0.087
-4.122
0.509
-3.223
-0.978
0.233
-1.106
-0.044
1.246
0.258
0.689
-4.137
-0.028
-4.979
-0.600
4.769
2.598
-3.076
-0.954
-0.072
1.566
2.391
4.261
-1.941
0.873
-3.882
1.334
1.532
0.398
1.919
-1.717
-2.817
-1.932
1.238
3.495
-1.710
-1.290
0.627
8.621
-0.724
2.664
-0.078
-0.947
-2.840
-0.379
2.388
-1.738
0.581
-1.699
-0.652
-3.285
5.914
1.085
-0.433
3.448
0.133
1.452
4.100
3.887
-2.395
0.380
3.415
-2.245
-0.269
-0.356
1.553
2.276
3.110
0.548
-2.148
-0.501
-2.189
-1.287
2.051
-3.094
-0.977
2.488
1.993
-1.576
-1.810
4.131
1.249
-1.601
0.251
2.958
-1.796
-1.846
0.879
-2.895
-1.266
-0.694
-6.027
0.550
1.820
5.031
1.782
-2.113
-0.734
4.817
1.439
2.866
-1.026
-0.169
0.184
2.559
-0.678
1.797
0.348
-2.562
0.343
3.000
0.365
-0.439
3.767
1.286
-2.966
-0.343
0.993
0.915
1.576
-0.037
-0.159
0.384
2.257
-1.293
0.177
0.945
-0.942
1.460
1.187
-4.615
0.431
3.751
3.941
1.988
3.398
-0.017
1.717
0.743
1.955
4.778
2.756
-0.472
4.143
0.945
1.914
-0.217
2.120
1.308
3.066
-0.856
2.632
-5.503
-1.128
-2.879
1.160
2.657
0.328
3.604
-1.508
-3.013
2.086
3.159
0.603
4.723
1.570
1.304
-0.683
-2.778
-0.290
4.144
0.808
-0.589
-1.822
1.643
-2.350
1.207
-0.757
-0.276
1.891
-1.930
0.366
-3.315
0.079
1.543
2.249
3.072
1.931
-0.626
-3.995
2.728
-0.909
-3.122
4.842
0.205
1.524
0.897
0.315
-0.579
-1.051
5.691
-3.148
-0.689
-1.787
1.593
-0.644
-0.848
1.890
4.994
-1.643
-3.373
0.500
2.360
-0.167
1.869
-0.966
6.091
1.824
-0.813
-1.455
0.999
1.967
-2.788
0.377
2.133
1.151
1.847
3.928
-7.113
0.874
-5.293
0.242
3.468
0.041
-1.893
2.331
0.686
0.804
5.528
-3.267
-1.177
1.253
3.276
-1.955
-0.636
0.186
-0.015
2.024
0.230
1.909
-2.537
0.697
0.433
2.375
6.398
2.645
-1.339
1.870
0.230
-0.463
-0.919
-1.047
-2.397
-2.759
1.922
-0.505
0.787
-1.738
1.740
-1.339
-2.863
4.113
0.849
-0.399
-0.111
-0.512
1.534
-3.364
-3.983
0.620
-3.832
-4.226
2.517
0.750
0.783
-2.335
3.686
2.764
-2.912
0.089
-0.633
0.243
2.960
-0.564
2.711
-3.803
-1.126
-0.614
-0.947
0.408
0.729
0.903
2.477
2.110
-3.255
0.710
-1.119
2.317
3.459
2.370
4.924
2.157
2.747
-1.556
0.290
2.006
1.043
-1.843
-1.866
-3.995
1.243
-2.123
1.962
2.088
0.882
1.298
2.795
3.110
-5.004
2.043
1.519
1.060
1.485
-0.407
-5.403
-1.103
-4.037
-3.614
2.917
-0.957
0.995
0.361
3.563
0.529
-1.084
3.904
-0.847
1.351
1.544
-2.631
2.559
3.600
-2.371
0.421
3.566
-3.551
1.859
-2.648
-0.417
-0.157
-2.478
-1.836
0.176
3.654
1.504
-3.584
1.468
0.448
-1.169
-0.699
1.544
-3.423
-1.203
-2.399
-1.568
1.140
0.467
1.961
-5.059
-0.298
0.093
-3.582
-1.302
0.299
1.120
1.184
-4.381
-1.163
-3.321
0.336
-0.684
-1.151
7.951
-2.174
0.310
1.499
1.209
1.738
1.203
-0.443
0.377
-1.224
-1.431
-2.814
2.240
2.999
-1.059
0.164
4.189
3.043
2.489
0.996
-1.157
-0.887
0.915
1.402
-1.975
3.341
3.728
2.255
3.958
1.882
1.008
0.473
-0.411
0.338
-2.148
0.149
-2.454
-1.572
3.299
3.187
-1.659
2.438
-1.062
-1.243
3.692
-2.277
-3.940
-1.247
-1.095
-0.545
-3.780
1.193
4.901
1.074
-0.181
1.954
0.530
0.487
0.152
0.872
-0.636
-3.558
4.787
1.622
-1.334
1.193
-2.362
1.263
2.132
2.829
1.715
-0.106
2.808
-0.975
1.066
-1.401
0.901
3.936
2.205
2.563
3.023
0.182
-1.745
-4.099
-2.252
0.631
-4.529
0.775
1.535
-3.404
2.460
-0.661
-3.575
-3.713
0.216
0.554
0.315
2.839
0.499
-1.043
-0.419
2.946
-2.339
0.732
0.842
2.805
0.618
-1.946
0.811
2.076
0.685
2.981
-2.786
-0.028
0.364
2.204
2.509
0.408
-0.516
0.801
-2.387
-0.824
1.718
1.199
-1.239
-1.526
-1.569
-1.403
0.703
3.233
3.523
-1.862
1.142
1.026
0.858
-1.994
-1.431
1.178
-0.574
0.567
-2.083
-0.825
-2.851
0.984
-0.486
0.988
-0.530
0.916
4.682
-0.907
1.529
-1.232
0.033
1.485
1.030
2.008
2.645
1.946
2.559
0.861
-1.399
2.272
-0.565
2.015
-2.662
-0.504
-1.309
1.292
-1.035
0.313
0.001
2.814
1.480
1.045
0.399
-1.491
-1.754
1.015
-3.044
0.260
0.608
-3.036
0.215
0.365
5.339
0.373
2.450
1.422
0.969
2.342
-3.114
0.137
1.025
-1.960
0.238
0.576
-0.055
-1.780
-1.459
-0.420
1.273
0.578
0.828
-0.205
-1.667
-0.386
-1.649
-6.917
0.317
-0.275
3.318
2.004
1.493
-2.049
2.797
0.689
-0.507
-1.529
-1.222
-0.266
-2.114
0.442
-0.047
1.998
-0.008
-4.020
-0.393
-2.360
-1.082
-1.915
5.366
-0.466
2.072
-0.385
-0.194
-0.791
-1.321
-1.270
1.249
0.206
3.540
-0.179
-0.313
0.448
1.804
0.628
3.580
6.537
2.316
1.252
-4.452
3.674
3.295
4.033
2.261
-1.928
-1.966
-2.267
0.543
-1.333
2.412
-1.022
-0.432
0.984
-0.797
-1.829
-4.001
2.584
-1.861
-0.570
-0.540
-4.596
1.038
3.722
2.653
-0.553
2.881
-3.811
2.347
-1.405
2.673
0.435
-2.540
0.943
0.352
0.922
-1.575
-2.461
1.823
0.189
1.724
1.681
2.049
4.234
0.828
-2.043
-1.507
-0.346
0.857
3.660
0.013
4.381
4.593
1.383
1.862
-0.752
4.383
-1.179
3.235
-2.128
1.886
3.025
2.530
-0.771
-0.297
4.042
-0.864
-0.782
3.961
0.200
0.218
4.763
-1.199
-1.405
0.780
0.428
-1.518
2.284
0.387
0.506
0.340
-2.161
-1.611
-3.447
3.083
0.354
2.737
-0.731
3.105
-3.530
2.683
0.163
-2.975
-6.424
1.554
2.725
0.499
1.797
1.421
0.483
2.652
-3.196
0.586
1.989
-0.721
0.964
-2.475
0.531
-1.380
-0.891
1.722
-3.878
-2.268
2.090
-0.026
-1.413
1.431
-2.308
-2.385
-0.149
0.018
-1.433
-0.283
3.550
0.263
-2.410
0.408
-4.736
4.219
-2.498
0.845
0.739
-1.524
3.469
5.288
-1.445
2.057
-2.020
3.521
3.386
2.773
-3.625
-0.952
-0.918
-1.080
3.539
-3.997
1.285
2.136
-1.336
1.562
1.410
-0.302
2.958
-0.954
2.964
0.666
-0.398
-0.187
-2.982
-0.519
-2.343
0.985
2.511
1.447
-1.361
-0.287
1.014
1.141
4.279
1.846
0.705
0.600
-0.485
0.350
2.071
-1.346
1.335
0.089
4.473
1.059
1.137
-1.705
3.864
1.567
3.624
-0.092
0.346
-2.939
4.778
1.237
4.804
-0.488
1.482
2.733
1.142
-0.449
-0.789
-0.483
6.759
-1.142
-4.417
0.439
0.409
-0.406
-1.140
-0.307
-2.817
4.618
0.938
0.633
2.873
6.854
-0.614
1.086
2.275
2.009
2.521
2.552
-0.637
3.218
0.081
1.024
1.825
-1.357
1.391
1.839
-4.194
3.714
-1.615
1.005
4.020
1.919
2.847
3.014
-0.831
-2.139
1.346
2.061
2.999
2.224
-0.830
2.461
-4.694
3.403
-1.784
-1.836
6.322
0.487
-0.263
-2.418
1.412
2.254
-0.493
-4.805
4.254
-0.344
-0.397
0.265
-1.582
3.407
2.093
1.521
5.897
-1.324
3.414
-4.988
1.895
5.770
-2.169
4.296
-2.969
5.338
-0.755
-1.427
-0.935
0.426
-0.015
0.224
1.109
0.925
0.365
-0.711
1.378
1.252
1.139
0.346
-1.313
0.527
-0.316
-4.609
2.748
0.974
0.301
1.609
-1.462
3.613
3.246
-2.439
-1.168
1.970
0.942
0.308
1.405
-4.142
-1.862
-1.095
2.181
-4.819
0.785
-0.554
1.913
2.290
4.425
-2.467
-1.622
0.467
3.734
1.399
0.603
3.289
-0.604
3.157
4.514
-0.017
-3.369
0.700
4.296
1.535
-2.952
3.399
2.259
2.749
3.069
-0.952
2.891
-1.199
-2.486
-1.639
2.013
-0.632
3.891
3.025
1.967
3.662
-2.470
2.646
1.728
-2.706
-1.378
-0.031
-0.100
0.251
-1.137
3.900
-2.613
-2.542
-1.912
-1.175
-1.362
4.381
-1.231
0.058
-2.679
-0.776
1.793
1.983
2.712
-2.044
-1.266
2.312
0.292
0.205
1.766
2.742
-1.327
0.101
0.062
-1.975
1.069
-0.944
0.338
1.909
0.995
-1.779
0.839
0.683
-0.997
-1.722
0.720
-3.003
-2.213
-2.730
-2.559
-0.799
2.899
1.834
3.046
-1.116
-4.476
-1.084
3.056
-0.595
0.298
-0.165
2.024
2.343
-3.368
-5.482
1.922
-0.160
1.923
-0.323
1.600
0.025
-1.377
-0.602
-0.054
1.817
-0.062
-2.223
4.345
1.097
3.616
-2.272
-0.259
0.808
1.929
-4.180
-4.109
-1.237
1.662
-1.265
0.045
0.474
-1.638
3.864
-1.558
-4.606
-2.008
-1.651
0.767
0.890
1.758
4.861
0.418
2.377
-0.718
1.045
-0.487
-0.008
0.749
2.711
0.221
0.214
1.102
2.459
-3.029
0.935
-2.845
3.492
1.163
3.294
-3.646
-0.055
2.439
3.720
1.191
-0.676
-0.298
-2.151
3.861
1.913
-0.080
1.655
0.085
-0.373
-1.463
-1.421
1.264
2.864
-0.457
-1.553
2.636
0.540
-5.007
-1.343
1.475
-1.545
0.473
-2.636
-0.637
-2.259
-2.606
-1.471
2.444
1.351
5.274
-1.085
2.796
4.810
3.033
3.076
0.640
0.906
-1.861
-6.063
0.841
-1.953
-0.670
-1.633
1.128
-0.129
3.368
-1.386
0.783
-0.109
-0.356
0.165
3.999
2.373
-0.745
-1.116
-1.528
0.628
-3.289
-0.167
1.267
-1.391
0.448
0.987
-3.879
0.845
-0.751
4.784
0.825
-1.855
-4.011
0.231
3.485
-1.102
1.105
2.127
2.001
0.340
-1.230
-0.273
-2.218
-1.913
2.725
1.154
1.040
-1.372
3.224
-0.208
0.665
3.146
-1.384
-1.175
2.831
2.303
1.175
-4.877
3.420
-1.114
-1.042
-0.130
-2.525
3.274
0.763
2.029
-1.509
2.718
3.767
-2.709
-2.350
-1.582
2.569
0.784
0.191
1.231
4.987
-3.840
-0.394
-7.033
1.566
2.959
-0.386
1.917
-3.336
1.499
6.241
-0.567
1.352
-1.066
0.772
3.009
1.788
0.104
0.065
-2.534
2.794
2.148
-2.663
0.772
-1.874
-0.743
2.298
2.725
2.057
-0.300
1.455
-1.504
2.157
0.306
-0.790
-1.399
1.978
0.021
-0.825
-0.834
-2.634
0.750
1.040
-3.206
-2.233
-3.606
3.241
1.834
3.000
4.239
1.404
0.206
0.819
-1.197
-1.579
-0.659
-0.246
-3.634
-2.617
-2.699
-2.799
1.880
-0.453
-0.113
1.269
2.325
1.444
4.281
0.445
0.823
-1.103
-4.196
0.540
2.423
-1.431
-0.876
2.655
0.232
-1.866
-1.949
1.925
0.035
0.001
-2.961
1.495
2.828
-0.520
1.332
-0.627
1.775
1.535
-0.572
-4.755
-1.569
1.177
2.472
-1.101
3.577
3.935
2.026
-2.376
2.057
-0.942
-1.074
1.437
1.379
1.444
1.927
0.213
-3.127
5.348
-0.588
-1.361
-2.566
0.714
0.436
0.061
3.946
1.931
-2.092
5.327
-3.287
0.072
-1.403
1.239
1.877
-0.641
2.871
0.828
3.856
2.580
-0.781
2.882
-1.199
1.854
1.614
-0.891
-4.436
3.897
1.355
0.399
0.395
2.689
5.595
2.517
1.232
1.036
1.224
-2.059
1.754
-2.795
1.411
-0.782
2.428
1.264
-0.492
-2.075
3.893
0.143
4.526
-2.605
-0.257
-5.052
2.165
2.362
-1.102
-1.220
-0.582
-0.226
-0.993
2.944
-0.775
-4.201
-0.262
-0.880
-2.789
0.804
-4.273
1.264
0.271
-1.002
-2.400
-3.162
2.466
-0.369
-3.679
0.322
-0.306
3.741
-0.639
2.701
-0.175
-2.486
1.482
3.272
2.527
1.104
2.743
0.759
0.547
-3.184
0.860
3.969
-3.576
-2.799
-0.435
-2.904
1.992
-3.796
1.983
2.760
1.927
0.399
1.632
-2.423
0.973
-1.134
2.488
2.055
-1.595
1.194
1.293
-0.788
0.404
1.578
-0.746
-1.776
0.897
3.910
-0.016
-0.495
-1.552
3.110
2.450
-0.001
-1.540
-1.562
-1.703
-0.834
-0.996
-1.421
3.026
4.155
-2.264
-1.021
-1.925
1.114
-0.466
-2.123
4.316
1.520
-2.001
3.966
-2.402
1.825
6.153
0.035
-0.342
0.752
5.691
3.893
-0.714
1.081
2.565
-0.680
-2.366
2.952
1.573
1.115
3.006
-2.399
-0.206
6.682
1.712
1.857
0.604
-4.069
-1.613
2.542
-0.950
-0.058
1.049
-1.995
-2.728
0.320
-0.540
0.897
-3.086
-0.933
2.003
7.420
0.636
1.960
1.520
1.054
1.987
-1.951
-0.507
0.950
-1.969
1.390
-4.249
2.299
-0.011
2.016
2.743
3.733
0.995
-3.810
-3.877
-2.685
2.079
-3.031
-0.212
-0.663
1.216
2.067
0.578
2.274
-2.292
2.800
0.665
2.173
-0.891
-4.572
1.947
0.006
3.234
1.362
7.435
3.400
-0.247
-3.454
-1.741
-1.900
-0.900
0.049
1.113
3.648
-1.740
-2.982
2.344
3.547
-0.827
2.849
2.199
-3.750
-1.178
-0.794
5.123
1.571
-0.858
-1.323
-3.418
2.909
1.300
1.837
-2.735
2.116
-0.221
-1.395
1.581
-2.530
0.780
-0.287
2.924
2.491
0.568
1.024
1.787
0.328
-1.612
-0.809
-2.579
2.571
1.305
-0.665
-1.390
0.917
-3.041
-2.215
0.303
6.209
1.436
0.795
-2.460
-1.889
3.605
-0.759
0.520
1.770
-0.658
-0.868
-3.789
-2.568
1.758
-0.702
1.954
-3.453
2.297
0.255
-3.180
3.060
-3.026
2.936
0.272
-1.795
4.786
1.323
3.265
1.388
-0.169
-1.740
-0.085
0.742
2.310
-0.594
1.583
4.378
0.730
-4.352
0.466
0.123
0.047
-3.480
1.014
-0.927
0.097
2.625
-1.598
0.104
-0.135
-0.048
-0.715
-0.586
4.370
-0.665
1.000
0.602
0.525
1.503
-1.169
3.713
-1.858
-0.045
-2.498
2.503
-1.861
2.164
0.986
0.773
3.029
-1.101
3.871
-0.572
1.386
-0.114
1.831
-2.057
0.607
0.394
1.397
1.323
-1.715
3.485
0.212
2.103
-2.676
-0.645
2.939
4.275
1.368
0.139
-2.199
2.263
1.086
-5.298
-3.809
1.191
-1.647
-2.145
0.100
1.174
3.783
-1.612
1.396
-2.114
-0.838
0.803
-0.004
-2.929
1.582
2.129
6.012
0.883
0.767
1.078
-2.924
-2.760
0.152
-5.163
-2.364
-0.844
2.771
0.972
-3.293
0.253
1.750
2.064
2.859
3.225
1.718
1.519
0.908
2.372
-1.541
-0.141
-1.329
1.391
-0.271
2.782
0.475
2.902
-4.717
-1.378
2.602
0.399
2.884
0.952
-1.891
4.654
-1.242
-1.440
2.317
-1.837
-2.754
-1.492
2.318
5.485
0.362
-1.388
3.313
-1.127
-0.716
1.350
3.089
0.519
-0.501
5.921
-1.260
-0.993
-0.582
1.673
-0.771
2.311
0.226
-0.416
-0.999
0.290
1.423
0.266
0.908
-1.510
-1.368
0.339
0.637
0.465
-1.067
0.525
0.411
0.059
-1.215
1.596
0.322
-1.451
0.050
-1.049
0.358
3.778
0.705
0.834
3.768
1.001
1.391
0.696
-0.573
1.425
4.435
-2.820
-0.747
-1.697
-1.429
3.286
-0.030
2.085
-1.251
-1.198
-2.092
3.818
2.210
-2.171
3.091
-0.273
1.438
0.463
-3.098
-1.637
3.599
2.604
-2.102
0.849
-0.165
3.091
-0.142
-1.494
2.119
3.204
1.294
1.723
-2.518
-2.717
-2.890
2.872
-0.579
2.333
-1.091
0.315
-1.584
-0.436
-3.753
-0.412
-0.624
-3.718
1.369
1.728
-1.239
-2.543
4.503
0.965
-5.362
-0.678
-1.214
-1.391
2.971
0.957
1.875
0.019
2.398
-0.546
0.909
1.520
-1.145
-4.682
-3.714
5.899
1.913
2.026
3.762
-2.350
-1.388
-2.302
6.006
-2.045
3.360
-1.231
0.555
3.399
1.036
0.034
5.794
-4.051
-1.916
-0.393
2.856
-0.859
2.673
-3.784
3.106
2.495
-2.229
0.267
-0.297
1.430
3.137
-1.289
1.237
0.940
0.650
3.843
0.735
-2.566
2.121
4.192
0.686
3.595
-0.656
1.344
-3.401
-1.114
0.755
1.957
1.398
3.423
-3.320
3.877
-1.363
-2.599
2.839
-2.320
3.743
-4.887
-1.464
2.455
1.964
-5.972
-1.243
-3.768
0.682
0.473
-0.244
0.094
-2.294
-1.412
2.910
-0.825
-1.022
3.086
-2.479
3.901
4.105
-2.087
2.560
-4.839
0.594
-2.071
1.563
1.106
-0.314
-2.273
2.552
0.275
-1.348
-0.882
0.121
0.112
1.094
2.644
2.864
-0.193
1.370
-0.132
3.262
0.032
0.640
0.288
1.457
1.866
3.674
3.257
0.454
0.247
-0.190
2.770
0.939
6.258
0.197
4.002
4.022
3.959
-0.441
0.148
-0.039
3.887
-0.730
-1.038
2.015
-2.837
2.194
-2.389
-0.638
3.123
-0.984
1.086
3.251
-2.383
0.765
1.902
-3.058
-2.140
4.228
-2.401
-0.489
-4.488
-1.536
2.213
2.651
2.255
0.266
-2.230
1.342
-0.710
-3.510
0.419
3.398
3.015
3.176
1.077
-1.881
1.759
0.713
-0.267
1.950
1.446
-1.137
-1.249
-2.417
0.966
2.527
-1.069
-2.209
1.558
4.139
5.126
3.987
0.232
-1.812
1.808
0.181
-0.128
4.911
3.675
1.879
0.119
0.368
-3.356
2.860
3.463
-1.485
-1.157
2.690
-0.429
3.075
-1.527
-0.398
1.595
-0.427
-0.566
-0.620
2.018
2.661
1.533
-1.324
3.633
0.963
2.871
-2.746
3.152
-0.544
-0.712
1.323
-4.571
1.190
-0.314
3.744
1.001
-2.034
-1.573
-5.553
6.179
-5.660
-0.948
2.129
3.872
4.680
0.111
1.556
-0.383
-3.384
-2.159
-3.770
1.109
-0.471
-0.100
1.963
0.944
1.940
4.698
-1.556
-4.146
-1.043
-0.146
1.395
2.088
-2.205
-2.560
3.625
1.115
1.198
0.984
0.705
-0.189
-1.352
-0.945
5.549
4.681
2.575
0.189
1.707
-3.068
2.742
-0.227
0.387
0.585
-0.080
2.279
4.178
2.407
0.508
-2.208
0.445
0.165
2.329
-1.197
-1.781
1.066
2.559
0.717
2.669
-2.712
1.486
-2.727
6.752
3.568
1.274
-3.499
-2.950
4.899
-2.428
1.550
4.726
0.604
-2.518
-3.911
1.269
-2.300
0.355
-2.207
-1.093
-1.017
-0.277
-1.427
1.033
2.744
-0.515
0.976
-1.895
-3.412
1.314
2.461
-4.243
0.131
1.387
1.044
-1.066
0.464
2.573
-1.714
4.082
-2.981
2.505
0.480
-0.885
-4.070
3.206
-1.892
0.278
1.480
6.060
-0.504
0.473
1.344
0.629
-1.477
3.915
-0.756
1.474
-0.171
-1.104
2.866
0.981
-4.892
1.065
-1.155
-3.463
2.646
-1.483
0.980
2.558
-0.232
0.953
-1.284
2.999
-0.086
1.640
3.963
-4.094
-1.294
-0.065
0.656
1.827
3.280
-1.439
-0.134
3.042
1.161
-3.731
-3.930
-0.824
1.675
1.630
-1.794
1.943
0.955
-2.245
-1.093
-4.317
-2.508
-4.171
-3.362
4.380
-0.610
-3.907
1.355
1.046
0.813
-1.746
1.845
-2.285
2.255
2.473
0.196
-3.164
2.276
-1.051
1.008
2.008
-1.593
5.500
0.245
-1.260
2.749
4.070
-4.610
-2.965
-1.511
5.422
-0.800
4.000
0.878
-3.131
2.463
1.111
-1.719
-1.236
-2.169
-1.149
1.930
-1.819
0.553
1.103
0.219
-3.528
2.147
-2.447
-1.030
-0.754
0.274
0.581
1.996
-0.398
-2.570
2.959
-0.612
-0.094
-2.052
-1.728
3.812
-2.950
-2.595
-0.759
1.114
-1.972
-3.438
-2.579
-0.648
-2.052
5.686
5.107
3.147
1.253
1.258
3.523
0.664
-1.626
5.446
1.731
3.837
4.699
-3.903
-1.724
-0.138
1.552
2.550
0.198
3.453
1.813
1.783
-0.314
1.108
1.091
2.661
-2.811
2.035
-3.601
-1.698
1.808
-1.662
0.415
-1.861
1.788
0.464
0.291
2.989
1.350
1.535
3.011
3.258
-1.930
2.119
1.390
3.499
-2.738
-1.307
-0.123
3.717
-0.339
0.250
-1.292
2.232
1.973
-0.955
-2.158
2.203
1.571
-1.243
2.016
1.884
3.302
2.382
-0.463
-1.478
5.186
-0.883
-4.053
-2.549
-4.516
3.281
4.722
0.950
-3.499
3.234
1.468
3.304
1.766
-2.973
1.938
-3.382
-1.502
2.829
2.711
-1.915
-2.385
0.413
5.158
1.696
5.997
-0.045
2.470
-0.408
-1.570
-1.934
1.198
3.457
-0.434
3.761
4.744
2.432
1.134
-1.259
3.477
-2.388
1.807
-2.744
-2.188
0.203
2.040
2.762
0.360
-0.652
-1.546
2.030
1.937
0.776
1.074
4.194
2.790
-3.047
2.480
3.665
-1.617
2.626
7.564
1.508
-0.216
0.108
0.665
-3.435
-3.546
0.999
0.233
1.941
-0.328
0.548
2.631
-5.112
-1.849
-0.906
-0.031
-3.051
-1.831
2.028
1.466
-6.352
-0.191
0.009
-1.841
0.009
1.292
2.066
0.593
1.902
0.376
-5.133
0.029
-2.599
0.622
-0.178
-0.201
-1.661
-0.607
1.087
-1.842
-1.141
-3.856
1.020
-2.713
0.417
2.045
3.401
-0.422
1.849
0.332
-4.144
-3.217
2.383
3.128
-4.735
1.151
0.996
-1.576
-1.551
-2.186
-4.261
-2.179
2.021
-0.491
2.111
-4.453
1.405
2.216
-5.922
-0.915
1.175
3.477
-2.960
3.679
1.403
-2.057
2.733
5.877
-0.455
-0.653
-1.935
4.762
-1.401
-1.975
-1.148
-1.120
-1.038
-1.543
-1.368
0.694
3.589
-2.031
-2.777
1.133
1.629
4.048
3.731
-3.454
-4.444
1.707
1.643
3.906
1.292
-1.001
2.845
-2.157
5.166
1.004
-1.420
-1.778
0.818
0.158
0.022
-2.795
-0.038
2.334
-1.462
0.965
3.035
1.862
-2.554
1.121
3.866
1.543
3.183
2.702
-2.382
4.623
3.359
-0.329
3.460
0.043
0.136
-1.795
-2.133
0.708
-0.258
-3.219
1.190
1.575
1.068
1.047
1.329
0.750
1.188
1.564
-1.055
-2.689
1.116
0.713
1.437
3.082
0.267
0.031
1.474
-2.099
0.450
0.105
2.454
-0.750
0.568
-0.023
-5.620
-0.917
0.330
-1.790
0.057
3.563
2.662
-4.128
2.173
1.698
0.126
-5.277
2.228
-0.680
0.856
-1.973
-1.431
2.597
4.244
-0.675
3.981
-0.679
-0.708
-3.053
1.544
-0.119
0.016
-0.561
-2.030
1.852
0.203
2.289
-1.916
0.924
5.479
-1.357
-0.813
-0.841
-2.152
4.328
-5.179
-2.584
1.473
-1.403
0.277
0.281
1.543
0.547
-0.583
0.661
-0.078
4.417
-1.032
1.683
2.543
-2.822
-2.321
4.984
-1.275
0.379
-0.067
0.258
-0.543
0.641
-1.601
-0.187
-4.381
0.071
1.154
2.652
3.104
-0.556
2.367
-2.413
-0.892
4.240
0.788
0.909
-0.078
4.835
1.624
3.914
-1.070
-1.983
-1.486
1.860
4.304
2.150
2.455
0.765
-2.705
5.206
1.944
1.606
2.447
-3.763
-0.853
1.843
0.002
0.166
3.425
0.631
6.057
0.252
2.282
1.512
-1.028
-2.125
0.439
4.959
-0.595
1.595
-0.267
0.882
3.091
0.626
-1.127
4.205
-1.102
1.974
-3.228
3.433
6.601
0.285
-2.113
2.192
0.568
5.490
-1.088
-2.859
1.079
1.750
-1.496
2.655
0.484
-0.300
1.657
-0.340
-1.414
-3.523
-1.131
6.337
0.436
-2.091
3.390
0.237
1.051
1.008
3.915
-2.839
3.852
2.138
0.536
-1.699
-0.242
0.452
4.691
3.794
-0.580
5.172
2.632
1.481
-0.325
-1.035
1.652
1.271
-0.587
3.024
0.742
1.353
2.925
2.334
-3.537
2.179
0.417
-0.723
0.475
-0.385
0.654
0.300
2.000
-3.326
0.791
0.281
5.754
-4.347
2.563
1.390
2.189
-0.724
1.116
0.699
8.837
-0.392
-1.534
5.153
1.175
1.584
3.055
0.534
-0.656
0.668
-1.668
-3.136
-1.673
-5.318
-0.524
-0.850
1.799
0.660
0.016
3.176
-0.651
-2.314
-5.716
0.409
0.223
3.396
-1.732
2.150
-5.609
-2.768
1.271
2.004
-3.633
-1.557
0.458
0.122
1.664
2.542
-2.718
1.416
-1.377
1.155
-0.770
2.934
1.758
-2.023
-3.679
3.205
-1.344
-1.094
2.131
-2.106
0.828
0.394
0.154
3.219
1.469
2.700
-0.250
-1.388
2.843
-1.020
0.647
1.366
-1.497
-1.490
-0.302
2.136
1.181
-2.898
5.037
1.262
-0.667
-0.016
-0.231
-0.543
3.148
6.053
-0.881
-0.748
0.134
-2.954
1.617
0.798
0.709
-4.097
-5.079
-0.532
1.938
-3.917
2.499
-0.378
-1.639
0.550
-2.764
-5.742
3.245
0.233
-1.381
-1.037
-1.510
-0.497
0.080
2.000
-1.320
-2.188
-0.937
6.264
0.726
1.309
-0.261
4.510
2.413
-2.148
0.728
-0.579
1.337
2.742
-2.585
1.212
-1.587
3.749
2.669
-4.426
-2.354
-2.875
0.202
1.073
2.249
-0.240
-0.328
1.032
7.911
-3.286
-4.160
-0.937
-1.375
-1.421
0.320
-2.459
-1.079
-0.357
-0.301
0.011
-0.009
-1.588
-0.262
0.338
2.655
-3.204
0.409
0.745
0.792
0.905
-2.801
0.736
0.604
1.665
-0.049
-0.945
2.753
-2.573
-2.948
-2.627
1.181
-1.385
0.083
3.675
-2.476
-3.734
2.341
-1.653
-2.462
0.092
-0.109
-1.733
1.699
-1.520
-1.629
-4.127
-5.542
0.917
-2.820
-0.016
4.976
1.467
0.418
1.368
5.528
-4.177
0.024
3.889
1.089
3.241
-1.151
-2.651
4.937
0.530
2.332
2.482
3.421
1.057
1.161
1.544
-1.190
2.871
-1.022
3.005
2.258
-4.946
2.286
0.911
3.551
4.509
0.616
1.207
-2.730
-0.054
4.324
0.351
2.576
0.298
0.070
1.729
-6.639
1.242
-5.049
0.152
-1.655
-2.422
3.897
3.037
-0.505
6.058
2.735
-0.029
-4.180
0.113
-1.166
-0.760
1.342
-1.158
3.520
-0.922
-2.103
1.909
0.283
2.403
0.761
-2.984
1.080
-1.829
0.701
-1.085
-0.143
0.454
2.111
-0.973
-6.345
-1.946
0.671
3.186
1.069
2.740
0.728
0.873
-0.231
2.869
4.301
-1.965
0.889
-2.511
4.362
0.760
0.302
-2.383
-0.191
0.169
-2.228
0.712
-1.711
1.393
-2.017
0.727
-0.115
1.073
0.748
0.577
-1.425
1.680
1.040
1.879
0.289
-0.081
-2.086
-1.236
-0.786
2.657
-2.637
-2.865
0.180
-1.489
-0.568
-0.705
-1.164
-1.481
-1.886
-0.537
-3.160
1.804
-1.772
1.438
-1.232
2.840
0.447
-2.234
6.345
-0.653
-0.986
-0.822
1.305
-3.137
0.676
-3.694
0.173
3.054
-0.981
2.480
-3.657
-1.142
-2.589
4.930
-0.629
-1.211
-0.269
0.366
-0.540
-2.509
3.588
2.962
1.150
1.022
0.867
-0.746
-1.007
4.176
1.850
-2.842
-0.734
1.520
1.233
1.617
-3.216
1.118
3.027
-3.263
4.525
1.142
0.613
-1.934
-1.178
-0.556
-3.072
-0.406
-1.791
1.989
-6.961
-0.243
-1.972
0.356
5.999
4.368
-0.838
-0.095
-1.661
-0.012
2.117
-2.803
4.110
2.545
2.440
1.268
-1.819
2.779
-0.417
-3.702
0.541
-2.432
-1.102
2.046
0.063
0.260
3.154
-5.065
3.050
0.704
0.184
0.259
1.885
2.812
-0.217
0.028
1.811
-4.685
0.113
1.545
-0.834
-1.567
-0.016
-1.054
-0.240
-0.783
4.098
-2.385
2.353
-1.059
1.132
1.903
4.023
1.293
-0.601
0.508
4.954
0.742
-2.789
-0.570
-0.632
2.102
-2.583
-0.869
0.862
-0.323
0.568
0.704
0.865
-1.875
2.264
-0.935
0.322
-2.559
0.446
0.806
0.437
-1.523
3.057
1.750
0.017
-0.005
-1.422
-1.145
3.846
-0.510
6.983
-2.433
1.235
0.893
0.437
-3.471
-2.941
0.819
-2.108
3.252
-0.188
0.962
0.253
0.186
4.000
2.952
0.720
1.970
3.165
-1.085
-3.382
1.677
3.340
-3.765
-1.105
-0.229
-2.008
0.003
-2.322
-0.416
2.028
-4.617
-2.173
3.712
-1.628
-5.887
0.761
0.171
0.706
0.488
3.405
-1.337
0.125
-0.688
1.973
2.216
1.244
5.519
1.678
3.362
-1.775
-1.326
5.103
-2.899
2.193
3.438
3.171
-3.479
-0.492
1.843
2.131
0.328
-1.321
-0.306
-1.134
-2.633
-0.368
4.788
-0.319
-3.281
-0.511
4.497
-3.473
0.348
2.121
-2.388
0.808
-1.842
-2.592
1.844
4.725
-0.579
1.744
1.511
0.768
-1.303
-2.082
-1.563
-0.079
-0.656
-2.408
-0.142
-1.176
1.687
-0.588
2.375
0.901
-0.842
-0.042
0.026
0.749
1.216
-0.731
-0.222
0.624
-6.747
1.677
-1.939
-0.344
-1.276
2.146
2.809
0.080
0.111
0.257
0.312
2.752
7.575
-0.063
1.714
-1.682
-1.463
-2.099
3.565
2.039
-0.574
0.861
2.185
3.220
1.330
0.571
3.516
-2.298
-4.262
3.365
-0.728
3.559
4.957
4.799
-6.879
2.272
-0.871
-1.216
1.243
-1.154
2.148
3.521
-0.135
1.211
-0.749
1.473
3.751
1.334
0.064
3.495
-0.627
-0.567
-1.244
-3.415
-1.714
0.482
0.900
-1.972
-0.875
-4.192
5.599
3.870
-1.368
0.680
-1.761
2.809
1.893
-2.804
-1.988
0.183
3.672
-0.560
3.488
1.096
-1.648
-0.653
1.868
2.368
2.586
0.864
1.420
5.766
6.127
0.464
-3.893
0.660
0.628
-2.680
0.649
-2.158
1.254
1.778
1.615
2.724
1.476
2.243
3.451
-0.711
0.005
-0.503
-1.439
-0.366
2.354
2.095
-3.716
4.467
2.383
0.896
-2.965
-2.495
3.957
2.761
3.059
0.032
3.486
-2.937
-2.610
2.771
-1.852
0.254
-3.910
-6.476
-2.102
-0.559
-1.870
1.839
2.776
1.814
-2.426
1.609
-2.598
4.822
0.467
-1.704
0.477
0.754
2.048
-4.181
-1.321
1.506
2.219
8.199
3.658
-1.303
4.608
1.742
3.630
1.470
3.799
2.949
1.676
-0.702
-0.710
-1.930
0.171
3.007
1.744
-1.510
2.673
-2.472
1.148
3.698
-2.473
0.759
-1.327
4.258
5.749
1.683
2.458
3.629
2.186
-1.626
-0.718
-0.735
-3.809
2.697
-2.654
2.339
-1.394
-0.184
1.689
4.016
2.437
0.067
0.268
-2.475
1.878
0.153
-1.883
2.218
3.756
-0.078
-1.000
-1.038
1.314
-2.512
0.531
-0.624
1.563
1.746
-2.344
1.953
1.449
-0.107
-0.683
-0.669
-0.061
-1.885
-1.292
0.840
-1.022
2.458
0.035
-0.790
1.146
-0.624
-1.521
-0.461
-4.552
-4.380
-1.859
-2.515
1.910
3.374
1.130
-4.202
-3.033
1.190
-0.062
-4.106
-1.708
-2.230
3.847
2.043
-0.340
0.899
0.700
0.540
4.734
3.731
4.010
1.144
-0.461
-2.628
-2.039
2.784
-2.708
-0.081
-2.974
0.116
-2.197
1.944
-0.235
-1.592
-1.945
0.671
0.472
-0.975
-0.414
-0.833
-4.879
0.256
-3.384
-1.780
1.120
-0.225
4.017
-1.563
-0.637
0.739
0.261
2.864
1.886
3.682
-3.528
2.237
-2.005
1.417
-0.235
-1.303
3.168
-3.676
4.701
1.865
0.756
-0.007
-0.539
1.474
-2.995
-7.026
0.556
-1.440
-1.848
-3.431
3.240
4.719
0.226
-0.024
1.366
1.222
-0.899
3.261
3.068
2.133
4.617
2.208
-1.225
0.540
2.606
-2.174
-0.305
-3.450
5.178
1.327
1.781
-3.270
3.019
1.097
-3.966
1.446
-1.997
0.486
2.157
0.818
-4.076
0.985
2.395
-0.131
1.588
1.628
-4.501
3.351
-0.993
-1.389
-1.318
3.303
3.887
1.484
-0.805
7.332
0.307
-1.216
2.809
0.059
5.367
-1.681
-0.084
4.029
1.522
-0.361
-1.864
-2.376
-2.757
2.682
2.235
1.601
-2.302
-0.349
1.133
3.376
1.216
0.667
-1.878
2.514
-0.318
-3.033
-1.773
1.991
2.069
-6.085
0.130
-2.752
1.300
1.762
-2.228
0.374
2.357
2.807
-1.679
2.940
0.969
-0.834
0.133
2.271
2.229
2.528
-1.264
0.888
-0.226
0.859
-0.867
4.160
0.307
0.016
1.416
3.012
0.458
-0.400
2.486
4.530
3.760
-2.012
2.205
0.182
3.407
4.750
-5.346
0.382
-0.746
-1.356
-1.865
-0.723
-0.345
-0.492
-4.503
0.657
2.883
-0.989
-3.590
0.579
2.896
0.727
-1.395
-2.168
2.044
-0.207
-0.896
-1.107
0.878
0.631
0.480
-1.966
-2.111
-1.212
1.046
1.669
3.870
-1.658
2.091
-3.777
1.190
-3.280
-2.591
2.157
0.717
-0.411
-2.996
1.236
0.558
2.086
-3.818
1.838
-0.951
1.049
0.199
-1.693
-0.639
-1.755
-0.911
-1.832
1.314
-1.714
1.689
8.188
-0.267
-3.447
5.400
1.188
0.038
-0.549
-2.173
-0.463
-1.522
-1.500
1.756
2.681
-0.192
1.555
5.379
-1.668
-3.571
2.349
-1.411
-0.916
0.645
3.324
0.664
-4.737
1.210
0.906
-1.715
-3.735
-0.567
-5.177
-3.938
-2.892
-2.656
2.460
-0.012
1.187
0.849
-3.343
-1.003
-0.198
0.031
1.500
2.570
1.238
4.578
1.402
-0.933
3.432
-2.577
1.632
-0.010
-1.710
0.852
-0.335
-4.080
0.792
-2.127
0.644
0.045
1.383
-5.104
-2.028
0.608
7.269
0.683
-0.706
2.446
-1.064
1.388
0.475
2.923
1.938
-0.800
-3.255
-2.216
1.061
0.226
0.415
0.960
-1.615
0.099
0.326
-3.101
-1.118
1.289
2.028
-1.589
1.549
-1.125
-1.760
4.934
-0.646
-3.190
-0.701
-0.289
2.541
-0.512
1.258
2.901
-1.050
1.048
0.199
0.891
0.592
0.701
-0.335
0.410
-0.305
5.945
1.802
0.356
-0.461
2.699
-1.607
-2.730
-2.910
3.464
3.339
0.734
-0.995
-0.969
5.251
0.132
1.173
-0.706
0.567
1.257
4.685
0.141
1.590
-0.508
0.797
1.171
-0.141
0.919
-1.352
1.557
0.484
-0.976
0.068
3.488
0.099
1.376
1.369
1.742
-2.301
-2.134
-1.446
1.807
0.979
0.858
0.060
-2.829
-1.091
0.857
-0.059
0.779
-3.387
0.318
-4.659
-2.779
-1.981
-4.072
-1.574
1.015
3.149
-0.935
-1.226
0.061
-0.293
-2.081
1.650
-0.356
-1.232
-1.015
5.993
2.209
-0.465
-5.497
-3.740
0.558
-0.348
-2.415
0.033
-1.437
-1.189
-0.066
-2.089
-2.976
-2.900
-0.622
-3.449
5.607
2.590
2.078
-1.774
-1.686
-3.049
4.762
3.574
1.964
0.059
-0.582
1.564
4.185
1.893
-2.321
-1.489
1.473
-1.723
-0.780
3.975
-0.404
-3.431
7.276
2.960
0.197
0.333
-4.754
-0.593
-1.436
0.585
4.256
1.406
5.223
-3.001
-3.351
3.331
0.600
1.472
0.285
0.818
2.001
0.957
-1.021
5.942
0.576
-0.129
-0.479
1.168
-0.232
-4.520
-0.260
-2.250
0.992
0.278
-1.243
2.609
0.181
-0.555
-0.519
-0.573
1.566
-1.521
0.519
-0.860
-1.193
1.484
-1.894
1.600
1.093
3.536
-3.872
2.796
-0.376
-3.940
-1.232
1.579
0.144
3.585
-0.462
0.270
-0.094
-2.102
0.281
-0.176
0.560
0.492
0.354
0.582
2.989
-1.997
-1.387
3.750
3.400
0.972
5.208
1.523
4.847
3.853
4.256
-2.406
1.954
0.150
-2.862
3.557
3.216
0.001
-1.133
0.489
-4.005
-2.883
-0.369
1.827
-0.095
-0.984
-1.637
6.203
-2.227
-4.037
-1.032
1.593
0.610
-1.452
0.812
3.012
0.840
0.719
0.727
-1.440
1.429
2.850
3.595
1.381
0.385
4.854
0.639
-0.812
-1.304
-1.579
-0.858
4.974
-1.466
4.014
-0.143
2.851
-2.239
0.307
-3.529
0.403
2.238
2.670
0.339
-0.510
0.559
-1.023
-1.026
-0.630
0.897
3.797
3.468
-0.415
-1.607
-1.409
-3.200
2.097
-2.994
-5.069
2.099
1.995
-2.244
1.076
-2.815
0.116
1.211
2.015
1.301
-4.196
1.075
5.584
1.293
-2.974
-1.354
-0.878
-5.246
0.591
-0.491
-0.379
0.051
-1.383
2.402
0.791
-0.931
1.418
1.203
-1.942
-0.065
-0.069
-1.055
-2.906
-1.129
3.389
-1.208
2.508
0.265
0.752
-2.588
3.143
5.294
-1.326
3.478
-2.696
0.221
-2.464
1.256
-0.140
0.228
3.499
3.334
-0.063
3.008
3.111
3.013
0.705
1.143
-0.331
5.952
1.308
0.153
1.558
1.002
5.300
0.297
2.188
0.063
-3.700
0.354
2.398
0.676
-2.425
4.155
-2.505
-1.505
-2.350
-2.137
0.458
1.816
-1.059
1.704
2.196
-0.439
-3.283
3.983
-1.260
-4.954
-0.584
1.751
2.111
-2.379
-4.087
1.084
1.591
3.033
2.758
0.702
-1.855
-0.808
-0.233
-1.847
2.944
2.817
-3.000
-0.422
5.299
3.141
0.802
2.980
4.309
0.577
-2.907
2.413
2.538
-2.064
0.975
-1.548
-3.597
0.880
3.835
1.121
0.775
-2.848
1.858
-0.978
-1.517
2.467
-2.567
-0.158
-2.405
-0.369
-4.911
1.650
1.286
5.574
0.932
-1.815
2.730
2.675
3.486
-4.356
-1.333
-1.828
4.019
2.283
3.063
-2.254
0.668
-3.556
-2.296
0.646
0.882
1.294
-1.211
1.371
0.361
4.118
-0.674
-4.053
1.830
1.156
-1.786
-0.434
0.815
-0.561
-2.315
-0.129
2.472
-0.518
0.858
-0.086
-2.614
0.095
-0.719
2.170
3.315
2.466
-1.414
-2.441
-3.283
0.756
-1.352
-2.321
5.059
1.517
1.157
1.037
4.235
-0.051
1.833
2.518
4.809
0.346
3.313
-4.038
5.432
1.364
2.163
-2.731
-2.887
-1.201
0.398
-0.261
-0.634
-0.123
-5.253
1.374
-0.058
2.633
-0.792
-0.543
0.729
1.992
3.112
0.252
1.379
0.429
-0.355
-4.264
0.844
-1.836
2.440
-1.734
-1.014
-1.623
1.630
-0.378
1.714
-6.059
5.136
-2.075
2.195
1.550
2.058
-1.613
-0.464
1.306
0.359
-1.832
1.726
5.831
-0.662
1.522
0.897
-0.540
2.285
2.252
-0.970
3.789
0.376
2.931
1.176
0.445
0.330
1.973
-2.290
1.241
3.495
1.575
-3.842
-2.969
0.400
-1.539
2.485
-0.788
1.673
5.004
0.405
-2.078
1.300
1.029
0.950
3.633
-2.497
2.749
-1.105
3.663
-4.743
5.703
-0.300
-2.555
2.528
1.578
1.438
2.581
0.437
-0.352
-2.433
0.077
-0.877
0.330
0.621
4.520
-1.444
0.011
-0.695
-3.017
7.338
-1.897
1.237
4.431
-2.625
2.453
-3.345
-1.576
1.697
-0.305
3.841
0.658
1.600
-1.306
-2.142
-2.424
-1.894
-1.318
3.127
1.318
-2.717
-0.638
0.277
7.390
0.371
1.439
-2.032
2.080
3.663
-0.012
1.827
1.731
0.517
3.448
-1.567
-1.743
0.361
-0.546
-6.638
-1.405
-4.762
-0.419
2.062
0.480
0.670
-0.023
0.858
7.130
-0.495
0.318
-1.725
-4.219
0.987
3.066
5.918
-0.100
-0.272
2.595
4.459
-2.616
1.945
4.737
-0.247
-2.430
2.235
-2.879
3.207
5.128
-0.850
4.329
1.865
3.676
-1.210
1.846
0.931
-1.535
-0.495
1.733
-2.350
-2.533
-2.715
-1.512
1.037
-0.866
3.416
-3.116
1.581
-0.531
0.099
1.992
-5.973
-4.781
0.200
-0.184
-3.077
5.162
-2.431
-0.928
3.110
-1.270
-1.733
1.284
-1.433
1.298
1.581
1.260
3.180
-0.576
-0.860
0.145
-6.441
0.863
-0.441
1.268
-1.801
3.579
-0.149
2.355
-0.868
1.470
-3.382
-4.922
-0.147
0.302
0.119
-0.344
-0.614
1.971
4.631
6.560
2.977
-5.140
2.872
2.842
0.108
2.575
1.214
0.315
0.958
-0.980
-4.065
-4.156
2.551
-2.112
-3.321
-3.370
-0.793
3.988
0.002
-3.085
3.906
1.134
-0.482
1.515
0.378
-1.372
-0.962
-2.618
-0.777
2.583
2.517
-0.072
-0.046
-2.130
1.300
-2.970
2.346
1.355
-0.286
1.395
-0.469
0.803
0.866
3.150
1.525
2.867
1.294
0.212
1.586
1.178
-0.517
-3.028
-0.903
-0.921
1.683
0.194
-1.600
-0.045
-0.420
-1.855
3.871
-0.097
-1.550
-3.639
0.560
1.593
-1.214
0.687
-2.269
-0.200
2.953
-0.210
-1.196
3.571
0.825
-0.857
-1.727
-2.407
1.374
2.191
0.350
-0.126
1.762
-3.053
0.532
0.391
1.345
1.499
-0.629
4.801
-2.253
-0.794
2.409
-1.174
0.617
-0.928
-0.589
-2.757
2.176
2.229
2.221
-0.680
1.147
5.138
1.046
-2.425
-1.700
-1.813
3.520
1.296
-3.428
3.477
1.710
0.769
3.991
-0.200
3.619
-4.953
-1.409
2.250
4.378
-2.573
-0.653
0.749
-1.905
-0.282
4.148
-2.125
-0.227
1.005
1.467
-1.725
-0.078
-0.346
1.079
-2.473
3.401
0.969
2.911
-1.021
-2.578
-1.941
2.032
-0.708
-3.538
0.783
-0.420
-0.359
-3.755
-3.272
-0.965
-1.876
-1.016
2.348
-2.204
-1.824
-0.915
-1.962
-0.167
2.816
-0.340
0.970
-5.221
0.546
3.892
0.586
0.658
1.035
4.113
3.599
-2.103
3.236
3.653
-3.754
0.413
1.611
-6.371
-1.283
-1.368
-1.198
2.857
0.214
1.361
0.565
6.273
2.741
0.308
-0.284
-1.322
-1.986
-2.523
2.707
-1.798
1.891
-0.858
-1.453
-0.443
4.651
7.640
-0.530
-0.750
2.642
0.716
-1.218
1.528
2.192
-0.226
-0.159
4.466
-1.620
-0.946
-0.760
4.428
-4.394
2.324
0.279
4.702
1.204
-4.813
4.218
-0.216
-4.548
-0.623
0.437
-2.168
-3.325
1.062
-2.635
-2.112
3.608
-0.443
-2.571
-1.799
1.277
1.363
1.948
2.280
1.150
1.809
-0.791
-2.333
3.609
2.463
-0.325
-1.244
5.837
-1.821
0.895
-1.259
-0.637
-1.451
-4.844
1.286
1.926
-1.245
6.605
1.030
0.751
1.279
-1.073
-1.996
-1.477
-0.958
1.696
-0.557
1.835
-2.678
-1.196
-1.360
-8.811
-0.749
-2.140
1.447
2.108
-3.011
-0.239
-2.721
1.129
-1.299
-0.932
-0.170
1.036
0.482
1.294
2.075
0.031
-2.135
-3.493
-1.481
0.890
-2.969
2.927
-2.172
0.079
3.893
-0.087
-2.271
-5.674
1.325
1.094
1.733
0.621
-0.938
-1.537
0.450
2.726
-6.753
2.603
-0.347
-0.051
2.019
-0.060
0.892
-3.571
-0.316
1.565
-0.590
-0.446
0.744
1.385
4.002
1.405
3.594
0.117
-5.335
-0.677
-1.594
0.199
-0.421
0.982
-1.259
0.868
1.237
0.435
-3.162
2.495
1.837
-0.109
-3.997
1.075
-0.917
-0.969
0.162
3.843
0.703
0.084
-0.902
0.425
0.347
1.797
-0.926
-1.599
-0.713
0.141
0.299
0.327
-2.028
0.145
1.991
3.403
2.713
0.204
-0.030
3.333
0.086
2.431
0.280
-5.408
1.944
2.669
-0.437
-2.427
4.002
-0.000
-0.475
1.427
6.917
1.512
0.778
0.517
4.320
1.616
2.423
1.079
1.636
-0.318
0.756
-1.297
-0.869
1.527
-1.339
0.663
-0.532
-2.348
0.897
2.211
-2.807
1.811
-2.326
3.603
1.711
-2.807
2.397
-1.122
-1.967
2.082
3.246
1.493
-0.542
0.757
-1.047
-0.069
1.329
-3.073
1.421
-3.040
-2.707
1.919
-1.676
-2.029
-0.359
-1.069
0.905
0.769
-2.015
-3.756
-0.137
2.991
0.192
-0.484
4.503
2.156
-3.796
-0.320
0.885
-2.212
-0.353
0.401
-0.187
-2.556
3.874
0.990
-1.712
2.453
0.156
2.730
0.100
-3.193
-2.211
3.089
2.829
-2.840
3.693
2.812
-1.172
0.163
-4.937
-1.332
-0.157
1.092
0.072
0.683
-1.974
1.127
4.390
1.405
0.431
-1.427
-0.506
-2.799
-3.120
0.182
1.681
-1.704
3.220
-0.996
0.134
2.619
-0.401
1.856
1.724
-1.267
-1.203
3.284
3.518
1.851
-1.733
2.434
-0.317
-2.695
-1.178
-0.187
2.958
-1.576
-1.968
-0.809
0.057
1.965
1.719
-5.049
-0.504
0.647
-1.739
-1.523
1.849
1.990
-0.075
1.315
1.462
-2.282
-2.250
-0.594
-1.313
-1.082
0.122
0.130
-5.795
0.579
-0.255
0.891
-1.188
-1.175
-0.587
2.915
-0.650
3.016
2.695
-0.462
-0.876
-0.793
0.004
-0.991
2.116
-1.200
2.421
-1.888
-3.652
-3.963
-0.947
-1.588
-1.697
2.709
-1.406
-4.367
1.705
3.557
1.430
-1.258
0.762
-1.578
-1.982
-0.124
0.213
-0.137
4.362
0.453
2.653
5.707
-0.787
0.707
2.311
0.643
-0.315
5.974
3.226
-4.694
3.608
4.191
3.219
2.152
4.072
2.468
1.739
0.672
-2.222
-2.945
2.205
2.162
0.247
-1.706
-2.362
-0.519
2.034
5.722
0.291
1.041
3.052
0.197
1.235
2.323
2.995
0.480
-0.803
0.840
-3.724
1.055
2.431
4.426
2.569
-5.809
3.690
3.871
-1.860
-0.611
3.804
0.483
-1.060
-1.453
6.673
2.240
-0.319
3.779
0.133
3.257
1.745
-0.463
1.546
1.643
2.272
4.258
5.658
1.337
-4.229
2.454
-0.276
-3.709
2.008
1.405
-1.583
-2.496
3.700
1.565
-1.548
1.940
-0.659
1.657
1.104
-5.805
0.610
-0.050
-1.427
-2.684
-0.172
-0.497
1.913
0.002
0.563
1.135
-0.763
-2.041
5.662
0.163
-0.154
3.742
4.879
3.820
-0.587
1.183
1.753
5.718
1.359
1.465
-2.081
-2.663
3.601
1.180
1.423
2.927
2.396
2.082
1.876
0.683
0.852
2.549
-1.902
-2.171
0.546
0.708
2.089
-0.184
-1.517
1.794
3.582
1.226
-3.140
1.011
-4.285
0.251
-4.473
-0.682
1.577
-0.335
3.107
0.876
-2.347
2.512
2.004
3.407
2.053
1.478
-2.033
2.302
-0.001
2.285
5.702
3.246
1.034
0.526
-0.653
-5.225
0.462
-0.883
1.123
-0.889
0.881
3.341
0.726
-2.257
-1.644
2.008
2.157
-1.742
0.281
2.521
4.480
0.773
-0.128
-0.537
0.694
3.684
0.697
1.550
-3.062
4.177
3.558
-0.361
0.100
3.180
7.419
-3.693
-0.876
-0.596
2.848
1.200
-0.880
-3.049
2.777
-0.131
-2.429
-1.287
-0.670
-0.370
-2.157
-2.127
6.037
1.141
-0.637
1.257
0.735
-1.826
-4.247
-0.924
-0.088
0.087
-4.045
6.302
6.117
1.418
0.411
-1.006
1.738
0.069
3.355
2.544
-1.691
-1.301
2.677
2.017
-2.322
-0.747
-0.020
0.262
0.177
2.508
0.700
0.544
-1.466
0.752
0.281
-0.802
-2.412
3.415
4.621
0.937
3.793
0.901
-2.978
1.071
-0.465
1.492
4.120
-0.866
1.280
2.417
3.600
2.716
-2.326
-2.329
2.186
-0.573
-2.011
3.202
-0.537
4.263
-0.707
-1.442
0.196
2.170
1.053
4.890
0.762
-0.074
3.972
1.778
-0.643
0.923
0.874
-0.143
0.788
-2.740
-0.504
1.385
-0.918
-1.790
0.252
-0.785
-2.823
-2.763
1.329
0.567
1.104
-0.367
-3.282
-1.748
-0.423
1.397
-3.847
-5.197
3.827
1.785
-1.753
-0.213
-0.661
1.045
-0.868
-2.407
1.524
4.705
1.621
0.530
-0.164
-1.543
-0.628
1.292
3.199
3.307
0.759
0.798
0.475
1.720
0.465
0.505
-1.715
-1.772
-1.309
0.926
-0.385
6.548
1.281
4.120
3.913
1.369
0.252
-1.808
-1.094
2.367
0.997
-1.192
-0.148
1.141
0.410
-0.222
0.218
-5.447
0.394
-2.190
1.222
0.672
2.146
2.170
4.477
-4.410
0.047
-4.547
1.528
-0.051
-0.780
0.991
-2.177
4.785
-0.237
0.534
0.042
2.564
-2.535
2.338
-0.895
-0.874
2.461
-0.294
1.823
1.868
-0.488
0.909
-0.811
0.303
1.487
-1.946
1.407
1.112
-3.224
-1.441
-1.310
-0.717
-1.944
2.604
2.895
-1.541
-2.420
0.318
3.542
5.520
-1.269
-5.110
-3.220
-3.928
1.350
0.584
0.871
3.052
4.259
2.373
2.114
-3.188
-0.871
3.674
-0.969
3.003
0.646
2.230
-1.742
2.182
-1.185
0.903
0.280
3.211
2.347
-3.888
-1.595
-1.176
2.010
-0.839
-2.264
-2.925
2.096
-4.626
2.882
-2.739
-0.725
-2.454
-1.856
-0.186
0.022
-3.361
-0.623
0.598
1.473
-4.552
-0.799
-4.579
-0.870
-0.683
1.860
2.686
-2.102
1.056
1.922
-1.443
2.205
0.676
-0.306
0.690
-3.442
0.687
-1.680
0.419
-0.624
1.042
3.210
0.655
2.751
-2.105
3.791
-2.081
-2.658
-0.310
-0.717
-3.447
-2.357
-8.276
-2.893
-1.234
3.926
2.061
1.126
5.547
-3.952
0.188
5.235
-0.868
-1.637
2.312
-0.986
3.372
2.346
-0.107
2.703
-0.215
0.669
1.755
-0.585
3.975
0.518
1.045
-2.809
-1.197
0.741
2.435
3.741
-2.196
-1.634
-2.602
1.535
3.742
-0.029
0.490
0.668
-0.776
-2.581
2.894
0.720
-0.966
7.562
0.343
-3.759
1.922
-4.070
1.468
1.405
3.662
-2.056
-0.355
0.184
2.428
1.392
1.595
3.275
-0.183
3.861
0.138
2.499
-0.839
1.778
3.130
-2.247
2.616
0.779
5.242
-0.283
1.054
-0.025
1.941
-4.890
-3.035
1.955
0.414
-4.458
-1.172
-0.593
-0.814
2.586
3.365
-5.021
0.063
0.623
-3.206
3.357
1.240
2.391
-0.720
-1.519
-1.017
0.086
-0.671
2.523
6.749
1.748
-4.323
0.722
-2.501
-0.628
0.265
-0.272
-2.134
1.603
-4.435
1.277
-1.815
1.019
-2.877
0.906
3.656
-1.077
-1.130
1.388
0.857
-2.966
3.008
2.291
3.427
1.660
4.881
-4.144
4.007
-0.586
-0.956
-1.365
1.572
2.271
-0.769
1.007
6.983
-1.258
-0.597
3.758
-3.431
0.938
-5.447
-2.961
-2.506
-1.754
-2.643
0.832
3.710
5.244
-2.121
2.098
3.250
0.640
2.050
1.454
1.450
-1.418
-4.435
-0.487
-1.490
-0.317
2.657
3.796
0.712
-2.492
-0.584
-1.504
0.648
-0.770
2.516
-1.685
5.590
-3.184
1.084
-3.515
2.865
0.463
0.844
-1.803
2.956
1.893
-0.959
0.310
-1.787
-1.976
-1.127
-0.307
0.354
0.244
-1.726
2.172
2.965
2.543
2.045
-5.656
-2.046
-3.222
-3.904
3.095
4.418
0.368
1.481
-0.512
3.157
1.022
-0.901
1.700
-0.086
0.819
2.014
9.374
4.637
0.710
-1.905
-5.058
3.432
3.038
-1.157
0.140
0.849
1.776
4.321
-2.777
1.967
0.875
-0.874
2.286
0.083
0.157
1.103
-0.749
1.921
-0.604
4.406
0.898
-1.258
1.091
2.725
-3.430
3.391
1.167
0.277
-1.297
1.183
-1.771
-4.424
-1.361
-0.304
1.822
-0.175
-2.398
-1.237
0.400
1.899
2.302
-2.919
0.473
2.207
-1.745
4.671
-0.837
2.798
2.009
-1.301
0.389
3.624
-0.939
0.775
-3.264
1.213
-0.621
1.607
-1.677
1.117
-0.491
-5.981
0.561
3.377
-2.281
-1.197
3.531
1.686
-0.439
1.060
-1.152
6.282
2.478
4.451
0.571
-2.707
1.558
3.362
3.463
-3.700
0.857
-3.485
-1.056
1.755
3.545
0.884
-2.405
1.788
-1.692
-0.352
0.567
-1.258
1.877
2.156
2.818
3.771
0.006
-2.595
-2.363
4.514
4.227
3.562
-1.055
4.401
-0.057
1.173
2.333
3.377
1.649
3.650
0.382
-0.137
-0.419
-2.408
-6.366
2.849
-0.212
2.134
1.786
0.729
2.617
2.922
-1.934
4.029
2.424
-1.751
-1.208
-2.633
1.857
-0.074
-5.633
-0.980
-0.564
0.604
-3.344
0.630
3.952
0.799
1.765
4.102
0.123
0.046
1.178
-1.774
-1.317
-4.544
5.842
2.344
-1.924
2.807
-1.589
0.513
0.501
-0.721
-1.601
3.251
0.553
4.387
-2.148
-0.785
0.240
2.998
-1.544
1.721
1.173
3.778
1.545
-3.961
-2.083
-1.962
-0.736
3.529
-0.286
0.433
-0.190
1.643
-1.382
-0.059
-0.088
0.180
-1.008
-2.854
2.588
0.071
3.058
1.501
1.585
3.064
6.585
3.479
2.477
1.052
3.371
-1.442
1.753
3.415
2.636
0.167
1.443
-0.440
-1.494
3.832
-0.692
-0.712
-0.660
-1.320
-1.389
-3.791
-3.375
-0.112
1.445
-3.673
0.787
3.429
-0.782
-2.024
0.206
1.596
-0.992
2.637
1.476
4.504
-3.685
-3.038
-0.654
-2.864
4.127
0.909
-0.442
4.079
1.052
-0.151
-1.526
1.684
1.603
1.986
2.285
3.831
-1.637
5.718
4.670
4.471
-0.145
-1.364
0.602
1.030
2.407
-0.044
2.561
-0.484
0.465
2.085
0.642
-1.272
-1.815
2.906
1.541
3.680
3.098
-0.326
2.766
1.196
0.077
6.710
5.980
1.911
-1.690
-0.798
-0.951
2.304
1.272
-0.399
5.309
-0.681
4.823
3.160
1.896
-1.519
4.200
5.085
0.917
3.345
0.586
3.962
-1.926
2.724
-5.695
-2.458
-2.193
0.383
-1.771
-1.753
-0.080
0.044
-2.418
-2.873
-1.692
2.755
6.679
3.853
-0.507
1.349
0.346
0.007
0.613
1.015
-3.841
-1.136
0.248
6.072
1.879
2.995
0.085
3.804
1.032
2.332
0.770
1.675
-0.792
4.741
-0.806
-1.927
0.735
4.845
-1.290
-0.085
0.965
-2.828
-2.951
3.050
0.531
-2.195
-0.403
-0.992
0.369
0.822
-4.806
3.552
0.527
-1.182
2.472
-2.133
-0.404
-2.570
2.137
3.215
1.272
-0.104
-2.712
-0.748
0.906
-1.029
-0.742
-2.343
-1.434
-3.170
1.014
0.470
0.577
-0.515
-1.068
-0.365
-0.673
0.718
4.749
-0.104
-1.071
-0.248
-0.831
-0.841
-1.052
1.994
1.963
2.516
3.024
-0.525
-3.412
5.077
-5.068
-0.470
-3.074
1.317
-1.946
3.066
0.908
3.977
0.594
3.132
-2.255
2.714
0.026
0.921
2.576
1.278
-1.547
-0.825
-2.188
2.067
-0.480
-0.727
0.836
-0.219
3.155
2.234
2.085
-0.647
2.054
1.558
-2.569
-0.241
-0.061
3.939
-0.658
1.508
3.472
-1.864
1.021
5.228
-3.415
-1.106
1.005
1.224
0.728
1.660
3.376
0.480
0.172
1.777
5.126
1.790
2.843
-3.426
-0.081
-2.563
0.387
3.775
-2.750
4.519
0.339
2.493
2.819
5.139
1.745
-1.742
2.780
-6.059
-1.828
-1.043
-4.699
4.392
3.540
1.432
2.701
1.229
2.423
3.380
-3.121
2.547
3.060
-1.067
-0.205
-1.511
1.097
1.288
0.820
-1.489
3.642
-1.046
1.676
2.242
-3.758
1.154
3.359
0.316
2.508
-1.277
2.880
-2.379
0.298
3.314
3.181
-2.769
-0.164
-1.089
3.181
0.171
0.706
1.506
-2.563
1.068
-2.074
-0.825
-0.714
1.512
-1.553
-0.789
1.128
3.675
1.400
3.063
-4.748
3.794
-1.708
-1.111
5.009
0.759
-1.450
-1.118
-2.970
0.385
-0.456
1.957
4.475
-2.659
1.780
-3.330
1.394
-2.466
-2.882
6.471
5.505
-1.349
4.915
0.255
-2.940
1.909
2.628
2.156
-3.706
-2.394
2.599
-2.415
2.794
-0.521
-3.597
-2.816
1.440
1.554
4.098
0.398
-0.128
4.664
-1.665
-0.330
1.490
-1.800
1.422
0.361
3.074
-0.653
-1.183
4.956
2.394
2.957
2.355
-1.268
-1.953
-1.928
-1.031
3.230
0.288
2.606
2.326
4.196
2.273
0.861
-2.767
5.009
2.905
1.368
0.860
-3.923
1.363
-0.923
-3.586
-0.812
0.928
1.246
-2.478
-2.919
-0.377
1.720
-1.553
-0.717
0.802
-1.619
-4.466
1.096
-3.842
1.142
-0.180
-0.199
-2.297
-0.447
-1.759
7.185
-1.579
2.842
-1.006
0.933
0.368
-0.047
-0.122
0.944
3.653
-2.365
-3.894
-1.643
0.657
-0.360
4.051
3.757
-0.741
4.058
1.359
-1.399
0.063
-0.114
-1.416
-1.171
1.433
-0.610
-0.329
-0.147
-0.054
2.560
-1.633
0.903
-3.281
-0.902
-2.788
4.233
0.671
-0.672
-3.818
-2.865
2.394
1.201
-3.108
-3.097
4.785
3.603
1.059
0.629
-0.053
-2.668
2.415
-0.119
2.103
-0.620
1.221
-0.803
0.517
2.264
-0.935
5.197
-1.037
0.677
3.667
3.831
1.472
0.995
0.516
3.605
2.647
2.965
4.273
1.449
-0.627
1.193
0.485
-0.104
-0.620
1.664
1.880
-1.320
1.108
4.246
-1.442
3.636
-1.749
1.217
-3.924
1.886
-0.180
-3.838
-0.781
4.589
1.718
0.621
1.623
2.774
4.007
-0.348
1.773
1.490
0.606
-0.098
4.200
0.981
-2.572
-6.622
2.640
-0.683
-0.015
1.329
6.256
3.599
-0.194
2.104
-1.096
2.207
-1.624
0.788
0.868
-2.174
-1.062
-4.869
-0.560
3.027
5.147
3.930
-0.576
0.333
0.179
-0.153
2.688
-0.973
3.836
0.683
-2.448
0.117
1.500
2.695
2.160
-0.409
-0.894
4.503
0.414
-2.371
-1.055
-4.359
-3.559
-0.922
-1.560
-1.298
2.199
2.448
-2.445
4.890
0.592
0.369
-1.551
-0.371
5.219
-2.245
0.992
-0.952
-3.993
-3.336
1.816
-3.784
-2.614
2.323
2.033
0.491
-2.477
-2.486
-2.828
0.029
1.889
-0.668
2.474
4.214
1.289
-2.658
0.556
3.598
-1.164
-1.229
3.086
-3.096
0.826
-1.132
-0.689
4.438
-0.804
0.642
2.826
-2.727
2.356
-0.726
-2.722
-0.832
0.499
0.926
-1.448
-0.169
-2.993
-1.349
-2.919
0.160
-1.660
5.329
1.269
-3.553
-1.441
2.036
0.937
-3.421
-1.539
1.894
1.241
1.733
-0.322
-1.706
-2.712
2.629
5.015
1.015
2.596
-1.568
0.300
0.199
1.274
0.536
7.015
2.269
3.468
1.000
-4.752
1.426
2.979
3.694
0.189
-3.094
-0.344
-3.130
3.439
1.439
-0.880
2.131
3.876
2.232
5.149
-1.775
2.685
-3.152
4.895
2.097
-0.546
-2.424
-0.946
-0.273
0.869
0.309
-1.171
3.128
-3.728
1.726
0.796
0.333
1.862
-1.253
-1.497
-0.345
-0.914
-0.219
2.078
0.615
0.421
0.905
-0.443
2.518
1.707
0.363
-2.368
3.492
1.945
1.711
4.428
2.019
0.233
-0.876
-0.969
1.012
2.670
2.697
-2.963
2.569
-0.361
-1.062
1.229
2.240
-2.610
0.872
-3.541
2.251
-2.313
0.808
-0.529
-1.019
-4.451
-3.008
0.170
-1.882
-0.415
-1.538
-0.318
-2.534
-0.793
-0.293
0.421
-4.030
0.473
-2.319
-2.929
3.305
2.101
1.672
-0.180
-1.044
3.919
0.674
-1.807
-2.038
1.097
-0.485
2.830
0.523
-2.531
4.816
-2.099
-2.583
0.149
1.468
-1.809
2.019
-0.834
6.218
1.150
-2.254
-1.339
1.534
-1.599
0.167
5.077
1.886
1.778
5.112
-1.471
0.310
-0.378
-1.153
-0.263
-0.744
-1.229
-0.359
-1.220
1.128
-1.941
2.791
2.092
1.420
-0.751
0.456
0.050
0.415
-2.864
0.601
1.130
3.816
-2.066
-2.495
2.710
-3.279
3.843
3.189
1.745
-3.292
-0.033
0.224
1.044
1.679
-1.448
2.897
1.599
1.575
-0.186
1.282
-4.793
1.304
4.329
2.224
1.944
2.205
3.252
-0.128
2.715
1.448
0.505
3.591
-1.300
-1.209
-5.306
-1.880
-0.706
0.230
1.427
2.465
-2.840
0.613
-2.010
-2.842
1.128
0.594
1.534
1.741
-0.808
2.976
-1.854
-2.183
1.306
0.865
-1.593
-1.649
1.262
0.950
-2.142
-1.193
-1.836
-4.738
3.624
0.922
3.130
-0.383
-1.983
-1.749
-1.751
-0.895
-3.365
-0.578
-1.029
2.446
1.639
-0.568
1.492
-2.279
-2.681
0.124
0.595
0.014
3.604
2.000
2.834
-0.978
1.148
-2.154
-1.405
1.145
-1.785
-1.549
1.384
-1.483
2.659
-0.164
-0.065
0.953
0.027
1.022
-1.852
-6.181
-3.041
-0.743
1.527
5.531
-1.073
-1.220
1.159
0.882
0.964
-0.264
-4.404
0.824
0.236
-3.464
1.745
2.101
1.689
-0.627
0.880
-1.805
-2.975
0.113
-3.255
0.030
0.225
-1.612
5.008
-1.087
0.859
-0.108
2.605
-0.453
-2.691
1.346
-3.257
-1.686
-0.875
-0.784
-0.481
-0.672
0.652
-1.282
1.394
-1.670
-2.697
-2.365
-0.637
2.680
0.284
-0.756
0.253
-2.554
-3.745
-2.020
-2.167
6.108
4.962
4.937
-2.569
4.561
-1.360
4.298
1.403
-2.032
4.322
4.225
-2.196
1.132
-4.299
-0.598
-0.581
-0.632
4.218
-2.856
-0.187
2.162
-2.807
-1.770
3.027
3.578
-0.690
2.408
4.086
-0.627
2.250
-0.665
-2.898
0.359
-0.237
-1.874
-0.464
-0.194
1.019
2.845
2.848
0.142
-0.963
3.566
0.111
-1.083
0.758
-4.032
-0.777
-0.940
-1.545
1.262
2.936
4.412
-0.840
-0.329
-1.281
1.641
-4.132
-0.584
1.050
-1.145
-0.680
2.729
0.214
3.217
4.280
1.624
-0.348
4.146
-5.714
-3.374
2.199
6.288
1.988
0.793
-0.770
1.685
3.129
2.147
0.501
2.830
1.082
1.574
2.680
-1.892
0.296
0.623
-2.532
-2.265
-1.152
2.850
-0.120
0.662
1.090
1.865
1.553
0.512
0.018
2.977
-0.833
3.614
-1.020
-0.331
2.050
6.027
-4.297
2.428
1.484
-0.738
1.212
-2.532
-1.553
1.377
-2.070
0.712
-1.243
-0.738
2.932
-2.446
0.269
1.498
0.969
-1.070
1.227
-2.121
-0.819
4.168
1.885
0.357
1.430
-1.585
1.025
-0.733
-1.042
0.053
-1.093
0.689
1.350
-0.305
-6.494
-1.735
-2.246
1.239
-1.401
-0.852
2.365
-1.523
0.837
-1.133
-0.781
-2.443
-0.901
1.568
-1.966
-1.367
5.606
0.966
1.162
-1.153
2.851
3.242
-1.102
2.915
3.566
-4.616
2.413
-1.484
3.531
-1.571
1.807
-3.873
3.027
0.526
3.449
-1.370
0.862
3.996
0.288
1.381
2.028
-3.375
-0.901
3.081
-4.564
3.033
-1.063
5.283
1.399
-1.571
2.701
3.790
1.800
-0.720
3.802
-1.879
2.922
-5.430
0.632
-0.990
-2.944
3.482
-4.803
3.671
-3.329
2.878
-1.520
-4.339
-0.737
1.703
-1.806
0.975
2.006
3.933
0.502
3.148
2.388
0.128
3.103
2.496
-0.049
2.062
1.002
1.665
4.869
-1.580
0.961
0.423
2.242
-0.735
-1.009
0.196
1.490
-0.747
-6.021
-1.935
3.745
4.063
-0.841
4.664
-0.434
-3.334
-0.385
2.091
-1.007
1.798
0.991
-0.337
2.213
3.300
0.786
1.765
-3.145
3.690
-0.929
-1.718
2.478
-0.571
-1.316
-0.355
-2.568
-1.342
2.804
3.148
0.507
-1.281
1.343
-4.201
3.160
0.183
-2.132
3.919
0.452
-0.673
5.269
-0.911
2.147
2.014
-1.684
0.015
-0.255
-3.890
-4.364
-4.872
-0.730
-2.034
-1.886
-0.660
0.359
-0.400
-1.341
4.984
-0.133
2.746
-2.618
3.554
-0.966
7.074
-2.798
-2.211
-0.103
-0.502
-2.464
3.887
3.635
-0.467
2.773
3.763
0.327
-1.257
3.426
3.053
-2.658
3.749
-2.098
1.260
-1.609
0.744
0.628
5.707
-3.543
-1.499
-0.767
1.139
-0.399
-4.925
2.119
3.553
1.388
-0.745
0.841
-2.571
2.897
1.544
-0.930
0.547
2.825
3.145
0.172
5.502
3.633
1.617
-0.599
-0.526
0.831
0.085
4.431
-1.899
1.564
-4.454
1.255
2.443
3.807
-1.069
-1.359
2.806
3.218
-0.195
-4.353
-2.191
0.128
-3.053
2.099
-1.504
0.176
2.977
1.232
5.016
3.705
-2.143
1.773
0.717
3.199
1.606
-0.849
1.493
-0.536
-1.201
0.083
0.947
3.471
-0.842
-4.250
-0.123
0.965
0.788
-0.259
2.629
1.100
1.797
-4.059
-0.067
0.016
4.391
0.095
-1.234
-1.375
2.700
-1.043
-1.697
2.550
1.291
-0.217
-2.836
1.680
2.335
-1.938
1.226
0.108
-1.772
-0.716
0.237
-2.814
1.720
-1.355
-1.259
1.563
-0.737
-0.167
0.097
-1.510
-0.893
0.307
0.313
1.615
1.721
3.275
-3.265
2.541
-0.467
1.930
1.165
-1.035
3.998
2.177
1.360
5.606
-1.988
0.410
1.699
-2.211
-1.244
2.742
-0.841
2.443
-1.161
5.198
-5.272
2.771
0.952
-3.324
-0.185
-4.274
1.196
-1.082
-4.330
0.748
0.698
5.407
2.337
-5.380
-0.918
3.001
-3.554
-1.502
0.354
-0.917
4.169
0.790
0.430
-1.850
-2.296
0.600
0.158
-2.571
0.912
0.488
-0.390
3.212
0.320
-0.221
3.065
-0.012
-0.614
-2.458
0.496
2.588
-0.651
-2.840
2.776
2.871
1.754
0.581
1.358
-3.370
-1.047
1.971
1.162
2.516
4.031
-2.614
1.511
-0.270
-0.722
6.282
-3.419
-0.087
-0.217
0.464
-4.384
-2.005
0.467
-2.999
2.638
1.741
-3.459
-0.203
1.251
-2.952
-3.436
-1.948
6.800
2.976
-1.111
-2.845
-1.631
4.004
5.231
-1.598
1.097
-0.279
3.399
-2.275
2.700
-2.866
2.625
-1.692
-0.405
-1.199
5.057
2.736
-0.637
-1.629
3.503
-7.806
1.500
-1.952
5.760
6.904
0.424
-0.527
0.513
-1.142
-1.557
0.913
1.847
0.670
1.046
-1.168
-1.891
-1.915
2.203
0.541
0.834
1.169
0.211
0.610
3.460
2.215
-0.064
-0.783
2.815
1.149
-0.389
-2.749
4.416
-2.355
1.033
4.731
-0.469
0.241
2.399
-2.514
-3.658
-0.507
0.544
0.517
3.751
-1.920
0.005
3.967
-0.317
5.119
-0.212
-1.316
0.256
0.973
-0.638
1.306
-0.008
3.397
1.569
0.376
-0.410
2.277
0.425
-0.736
-1.386
2.029
-0.782
-0.370
1.678
2.920
1.778
2.397
2.053
0.370
1.297
4.732
-0.120
-2.272
-5.713
4.995
5.104
-2.028
3.436
2.828
1.889
1.558
-1.437
0.660
1.185
0.517
0.219
3.471
2.788
2.448
2.588
0.900
3.148
-2.525
0.517
2.049
1.654
1.248
2.575
3.809
-2.202
1.071
-1.384
2.918
2.088
-1.979
0.334
-3.253
2.630
-0.936
-2.363
-0.479
1.751
1.039
-0.824
0.098
-0.350
-1.892
-4.128
0.335
1.754
0.312
5.269
-1.080
0.249
1.517
1.408
-0.264
0.220
0.150
1.990
-1.318
-5.491
-0.473
4.401
2.273
-3.415
1.970
0.850
-0.550
-2.237
-1.603
-0.994
4.755
1.886
-1.353
-0.951
0.260
-0.690
0.388
0.000
0.583
-4.446
2.271
-0.994
2.526
5.621
-3.136
0.586
-0.658
1.298
-4.708
-0.510
-1.615
4.255
4.812
-0.337
-2.403
-1.663
0.444
-3.013
1.596
-0.121
1.205
1.297
3.661
1.874
1.053
0.948
-4.398
0.781
1.819
0.059
4.346
-3.215
-1.426
-1.175
0.372
-1.202
-2.627
-0.504
2.786
2.160
-1.318
-0.546
-1.516
-2.678
1.375
-2.725
1.941
4.715
1.252
1.845
1.776
-0.823
1.238
1.100
-1.152
-5.689
-2.165
-1.911
1.552
-3.199
4.840
4.260
2.875
-0.874
-4.639
2.347
-1.445
2.240
1.793
-0.706
-2.578
0.799
-3.417
1.025
1.478
-1.233
-3.258
4.258
-0.934
-0.147
2.969
-1.014
-1.478
5.174
-1.408
3.270
0.717
0.667
-0.866
-0.129
4.639
2.402
-2.921
-2.029
1.269
1.883
2.190
0.166
-1.689
-1.594
-5.171
4.271
-5.960
-0.229
-3.902
-1.053
1.733
-5.138
1.196
2.442
-0.651
6.924
-5.038
-3.761
-0.378
-0.329
0.625
2.578
-2.664
-2.910
-1.317
2.824
2.293
0.183
-0.871
-0.017
1.219
0.588
-3.030
-3.198
-0.271
2.090
-2.196
1.328
-3.943
0.521
-1.526
-4.666
-0.961
-2.682
-0.314
1.340
1.446
-4.395
1.730
1.341
-0.667
-2.694
-0.630
4.217
1.782
2.684
-2.023
-0.928
-2.763
-1.247
3.610
-0.728
-1.304
0.923
-1.029
0.573
-1.015
0.808
-0.562
-2.333
2.880
4.713
1.544
-3.254
-0.198
0.938
-3.694
-0.937
-3.021
-2.121
1.165
0.231
-2.278
0.189
-0.520
2.469
-4.627
-1.428
3.992
-2.444
-2.245
-0.893
3.395
1.315
-2.200
0.147
-0.494
1.430
0.249
0.821
-0.422
3.524
0.247
-1.153
2.895
1.767
-1.833
-9.106
1.647
-0.696
0.452
3.187
-1.937
-2.349
-3.001
5.638
3.210
1.962
-4.275
-3.067
2.036
1.314
-0.302
-2.895
2.883
4.651
1.403
-1.464
4.008
0.755
4.262
-0.509
5.299
-0.726
-1.237
2.340
0.174
1.280
-2.094
-2.052
-0.565
1.210
-1.517
2.916
0.092
4.448
-2.175
1.172
1.452
1.001
0.233
2.383
-2.616
1.029
-2.017
-1.040
0.994
2.626
-2.947
4.312
2.756
0.454
-2.212
4.019
1.460
1.458
-1.277
0.816
-1.153
3.267
3.326
-0.019
-1.054
2.249
1.914
-2.449
-0.350
5.613
0.331
0.914
1.658
-0.991
2.189
1.257
3.051
-3.695
1.200
0.854
-3.051
-0.289
1.296
0.470
0.291
0.316
-0.767
5.163
1.138
1.093
-2.836
-0.407
-0.920
0.276
-0.422
-1.132
-0.198
-2.249
1.778
2.282
1.545
2.404
2.235
-2.732
3.932
2.436
-4.232
-1.474
-2.608
1.392
-0.932
0.408
4.513
3.816
-1.949
1.449
4.735
-1.845
2.673
-0.054
-1.908
3.984
-0.678
-0.009
-0.502
2.878
2.710
-1.431
0.628
1.235
2.691
-1.108
3.668
2.305
-1.929
1.513
1.524
-1.352
1.374
0.356
-3.325
-7.320
5.268
0.052
0.609
-2.114
-1.086
5.554
6.153
-4.103
0.488
4.833
0.825
1.992
-0.057
1.587
3.819
1.602
-2.568
-1.164
2.206
0.187
-0.959
-2.266
-2.042
-1.366
1.446
-0.891
0.777
0.728
2.195
-1.623
4.229
-3.872
-0.431
-0.669
-1.546
-4.940
3.262
2.340
1.547
-1.393
-0.864
-0.457
-0.225
2.258
-0.837
-1.706
0.702
0.452
1.558
3.683
-0.627
2.587
0.691
2.809
3.307
-1.467
5.101
0.785
-2.404
-2.383
3.886
3.504
2.982
-0.949
-0.547
-3.432
-0.351
0.760
3.950
-0.311
-0.451
1.045
2.391
4.077
-1.329
-0.060
0.679
-0.289
-1.139
-0.267
-2.574
-1.105
-2.609
0.379
-0.590
-0.959
0.388
-5.586
-0.411
0.817
2.690
1.812
3.399
-3.090
2.862
1.067
-0.939
0.609
7.851
0.699
0.543
2.412
-0.176
-1.552
3.720
-3.104
0.454
0.194
-1.649
-2.813
0.044
1.229
2.864
-1.501
-1.533
4.013
-0.773
-0.451
3.275
-3.601
-2.533
3.691
-1.094
-0.931
-0.730
-0.419
-0.752
0.692
3.357
-1.578
-1.069
0.427
4.122
-0.359
-1.808
-4.497
-1.476
-1.732
-2.510
0.519
-0.281
3.772
0.867
2.771
-0.061
-1.758
1.835
-2.359
3.128
-1.445
2.127
1.253
-1.981
3.255
4.959
-1.448
-1.221
0.515
2.432
3.289
-0.510
0.681
-0.494
-0.641
-0.926
-2.922
2.422
0.595
4.012
2.328
-0.610
-2.389
4.832
-3.727
-0.471
-0.433
-1.203
-1.693
-2.581
-1.391
0.227
1.084
-0.910
-0.922
-2.152
0.752
0.465
1.261
-0.949
-1.836
0.303
1.599
-1.779
-1.156
-2.589
-2.462
-0.962
-1.669
2.271
0.422
3.386
3.411
0.386
-4.459
1.306
3.096
1.868
1.187
-0.245
-2.477
1.851
-0.119
1.099
-1.059
5.148
0.924
-0.562
-2.377
-3.007
1.840
-1.047
-0.730
-0.953
-2.271
-0.346
0.485
-2.066
1.147
-2.586
-0.708
1.225
0.317
-3.589
-6.337
1.711
2.007
1.400
-0.195
-0.245
0.094
1.755
0.030
1.248
3.504
-1.971
-0.095
-1.710
-0.594
0.107
-1.761
-3.548
-2.786
1.415
-1.254
-0.175
0.469
2.527
-0.331
0.941
-2.367
-0.036
-1.996
0.011
0.656
-0.212
-0.666
0.996
-0.618
-0.644
-2.177
1.564
0.249
-0.801
-2.143
5.958
-6.890
-1.470
-0.808
2.559
-0.405
0.787
-0.709
4.775
1.299
-1.211
2.039
-0.244
4.734
3.594
1.057
-0.218
-1.174
2.467
3.835
-0.350
1.428
1.563
2.486
-1.518
1.415
5.735
0.580
1.439
1.259
1.678
-2.428
5.264
0.590
1.657
0.561
2.614
-0.854
-2.787
0.068
1.500
-0.482
-1.261
1.186
-1.876
2.700
-0.400
1.544
-2.437
3.598
1.475
1.823
-2.748
-1.449
0.828
-2.249
-1.155
2.162
-1.104
1.247
-1.635
1.792
-2.340
1.775
5.542
-0.934
-1.237
3.084
0.505
-2.457
1.164
0.870
-1.168
-1.261
2.435
-2.021
-2.940
-1.510
2.427
-0.278
-1.004
0.186
1.520
4.033
1.192
5.054
2.105
-0.364
2.489
1.879
3.139
2.119
0.623
-0.804
0.674
-3.207
-0.041
-2.481
1.450
2.352
1.107
-0.040
-0.335
3.232
2.718
-2.197
0.963
1.130
-0.143
-2.928
-4.581
0.763
-3.714
-0.906
1.993
1.348
-1.082
2.499
1.613
-0.821
4.001
1.520
-1.521
-4.577
0.887
-0.862
0.400
-0.218
-4.926
-0.351
-2.296
-0.870
-1.040
0.503
1.069
1.457
-5.405
3.761
-3.567
0.318
-1.639
1.059
-4.041
4.068
-0.512
1.551
-1.571
4.336
-2.943
-5.964
3.621
-2.473
0.182
4.090
-0.623
0.975
2.306
0.422
3.473
2.043
-1.796
2.106
0.268
0.279
1.148
2.559
-1.960
3.483
3.335
-1.168
4.571
-0.066
1.711
-0.758
2.317
-0.718
0.733
-5.935
-0.782
-1.007
-4.189
2.194
-0.575
-4.013
1.794
2.965
0.027
-3.273
-4.171
-2.589
-1.641
4.453
-0.140
-2.704
-1.126
2.920
1.682
0.462
-0.055
0.359
0.724
-0.116
0.595
-0.372
-1.704
-0.282
1.142
-1.396
1.360
2.341
1.169
-0.998
0.580
0.718
0.828
3.926
-2.429
0.846
-0.610
-2.640
-2.669
2.456
-3.020
1.067
0.666
-1.709
2.357
-2.486
-0.968
-2.269
2.186
3.191
0.947
6.444
1.420
1.867
2.766
-1.264
1.330
-1.971
-2.813
2.971
-1.690
0.790
4.266
-3.996
1.913
0.297
0.181
0.493
0.392
1.606
-2.173
1.555
-2.356
5.399
0.098
0.781
4.600
-1.509
0.323
-3.034
-1.978
-3.068
2.266
1.717
-0.699
-0.866
2.680
0.338
-1.731
2.926
0.011
1.975
0.522
5.337
-0.146
-4.470
-0.197
0.989
1.453
2.291
-1.044
4.103
2.666
0.664
-1.316
4.977
2.100
-0.831
3.715
0.879
3.972
-1.673
-0.131
3.667
-1.255
-0.258
-6.221
1.339
3.120
-1.861
1.424
-0.948
-3.272
-0.431
-1.029
0.656
-0.384
3.560
-0.988
0.039
0.925
0.228
-0.935
0.473
1.609
2.507
-4.733
1.566
-1.269
3.129
2.588
2.571
-1.051
-2.993
3.401
3.155
-4.459
3.650
1.202
0.667
-1.624
2.784
-0.754
-0.765
-4.777
-1.436
-2.031
-4.635
4.091
0.051
-3.072
-1.963
-1.044
-1.081
2.271
-0.296
0.587
-0.285
3.141
3.656
0.029
-1.921
0.087
-7.114
1.103
-2.911
-0.180
1.482
-1.019
-0.702
0.969
-0.989
2.569
2.205
1.712
-1.163
1.726
-1.433
0.141
-5.976
3.127
4.494
0.890
-3.446
-0.172
0.521
0.388
6.448
-0.237
-1.036
0.741
0.007
-1.449
-3.878
2.108
-1.724
-2.065
-1.597
-3.159
1.924
1.604
0.806
2.053
1.386
1.761
4.729
2.706
0.772
-1.891
-3.480
-3.873
2.621
-0.989
0.540
-1.937
5.643
-3.960
0.683
-0.511
0.394
-0.419
-1.789
-2.333
5.266
-0.365
1.171
-3.476
-4.731
-1.274
2.445
0.418
-0.946
1.382
-0.971
3.654
3.752
-1.035
-1.514
0.174
1.374
-0.307
2.860
0.987
2.962
-2.343
-1.072
1.630
0.477
-0.100
-0.896
0.558
3.778
-4.472
-0.015
0.090
-2.260
-0.024
-3.585
-1.052
-0.294
0.338
4.850
-1.609
-2.829
2.731
-10.361
-1.136
-0.432
-1.909
0.122
-1.206
-3.829
1.833
1.926
-2.020
-0.949
4.805
1.426
0.350
4.232
-3.542
-4.529
0.751
2.366
-3.756
-2.769
2.253
-2.415
-0.265
0.854
2.642
-0.385
1.532
-2.625
1.763
-1.831
-2.964
5.306
4.742
0.706
4.063
-0.432
0.024
-0.074
-1.842
-5.276
-0.392
3.476
1.012
2.305
1.293
-1.682
0.946
-0.448
-2.200
2.557
-2.783
-1.232
5.671
2.034
0.938
-4.866
0.067
-2.445
0.163
-0.107
-1.706
3.164
2.642
-2.352
4.128
-2.409
4.344
-0.156
-0.611
3.924
-0.044
2.984
-2.773
0.418
1.489
3.221
2.060
0.458
1.487
-1.397
1.800
1.496
-1.516
0.645
2.201
6.215
3.195
0.890
1.033
0.001
0.617
2.213
2.154
0.145
-2.288
-0.164
-1.656
-2.567
1.810
1.179
-1.855
-0.429
1.086
0.968
1.404
-1.479
1.209
0.236
2.203
2.930
7.620
3.493
0.652
0.259
-1.896
-1.837
1.002
1.076
6.773
-1.396
-1.646
0.950
-0.859
1.284
-0.787
-0.335
1.381
-1.011
-0.515
1.619
0.462
-1.185
-0.807
2.852
1.095
-0.518
2.428
1.397
3.602
2.476
3.150
-0.466
-1.783
2.202
2.225
0.099
-2.154
1.087
1.282
-2.909
1.248
3.112
-2.803
1.620
3.495
3.645
-4.149
2.960
-0.403
-0.681
6.380
0.878
-0.569
2.268
4.396
0.766
-0.931
0.569
2.968
-0.396
2.970
0.013
-4.101
3.998
1.155
2.880
1.076
0.439
2.119
-0.020
4.702
0.277
4.715
1.801
-5.365
-2.026
2.389
-1.854
-2.905
3.432
-3.462
2.217
-0.522
2.036
0.990
-4.626
-0.406
-0.236
1.332
1.114
-0.238
-2.372
1.505
2.441
1.144
-0.177
-0.539
-1.853
0.946
0.810
2.357
-1.145
0.636
-2.809
-0.465
-0.998
2.888
4.445
-2.473
2.528
1.983
-0.968
-1.454
-1.485
-0.556
-0.511
-0.017
-0.874
2.284
1.571
-0.066
-0.945
-1.009
1.403
0.485
0.827
2.410
0.220
3.638
-4.456
-2.806
4.694
-0.605
1.061
3.357
1.174
2.541
1.827
2.709
1.533
2.105
-1.042
1.605
0.253
0.141
-3.680
-0.662
0.027
4.084
-0.320
1.029
3.651
-2.620
-0.569
2.461
6.276
-4.414
0.068
1.858
2.369
5.741
-1.198
-0.214
-3.557
0.657
1.577
5.371
4.440
3.989
-1.319
1.373
1.284
1.471
0.248
3.064
-0.504
1.141
3.838
5.519
-1.639
1.671
1.440
3.278
4.271
-0.450
0.169
0.526
1.499
2.334
-0.551
4.807
-4.040
-2.516
1.808
-0.044
-1.008
2.653
2.300
3.348
-2.135
2.300
2.275
-2.068
0.444
2.675
3.571
-0.002
-2.287
4.027
0.445
-4.184
-0.225
3.069
-2.576
0.631
-0.435
0.260
-0.697
1.558
-0.184
1.926
-0.532
3.035
0.381
-2.548
-1.705
-2.429
-2.292
-2.802
-2.256
0.337
2.122
-2.896
-1.581
2.277
-0.029
-3.756
0.441
1.219
1.104
5.740
-1.458
2.990
0.291
1.474
-1.213
-1.265
-2.652
-3.173
1.961
-0.937
6.458
-0.787
1.965
0.482
-4.031
-2.880
-3.275
3.875
3.466
4.976
-4.979
-2.936
1.802
-1.492
2.016
-0.719
-0.965
-4.008
-1.034
1.240
-2.021
0.515
-2.162
-1.509
-1.342
1.465
2.410
4.762
2.220
1.223
4.610
1.009
1.824
2.645
0.767
0.187
-0.050
-1.025
-0.841
2.899
-2.282
0.681
0.293
-3.070
2.362
-2.857
-1.439
0.145
3.926
1.600
1.096
3.594
-0.284
5.146
1.559
0.671
-3.962
2.692
1.640
-0.184
-0.862
5.182
-1.563
1.187
0.433
2.002
-4.264
1.964
4.190
-4.215
-1.926
1.707
0.029
1.981
2.136
0.890
4.581
2.156
-2.832
2.032
0.272
1.664
3.153
4.227
0.552
2.362
-2.242
-0.763
-1.000
2.832
4.495
8.004
2.417
3.048
-3.803
-3.941
-1.735
-2.660
1.578
4.516
0.379
-1.224
1.083
-1.376
-0.953
-0.118
1.281
-3.650
-4.521
-1.713
1.604
-2.686
4.752
2.395
1.956
2.403
1.374
1.567
3.331
2.750
1.071
4.966
0.536
-0.742
-3.210
-1.384
3.236
0.268
1.500
0.544
-2.537
-0.341
-1.652
-0.694
-1.780
1.507
2.300
0.434
-4.425
-2.896
1.900
-1.463
-1.461
0.515
-1.539
-4.742
-1.869
-0.619
-0.982
2.033
0.563
0.393
3.127
-3.394
4.105
4.313
0.072
-0.593
3.573
-0.283
1.198
1.018
1.524
-2.290
1.405
-1.767
-1.087
2.578
-0.858
-1.181
0.839
3.582
6.122
3.092
3.060
0.293
6.493
0.827
0.264
1.268
0.985
-2.803
-1.323
1.263
-1.544
1.904
0.437
2.598
0.053
1.506
-3.998
-3.513
-1.578
1.096
-1.525
2.097
1.278
-0.751
0.887
-0.716
1.106
-0.875
1.302
3.615
-2.616
-1.316
-1.217
1.097
2.360
-3.825
-0.090
0.418
2.467
-1.800
2.102
1.053
4.608
5.615
2.260
-0.275
1.528
1.746
1.614
1.359
1.632
2.869
5.625
-3.992
3.469
0.690
-1.546
-2.892
1.083
0.436
-2.239
0.276
2.838
4.074
0.656
0.649
1.845
3.146
0.790
1.191
-0.608
-0.029
-1.176
-2.133
-2.542
-1.719
-1.884
1.067
1.425
-0.659
-1.664
5.514
-0.708
-1.074
-3.425
1.591
4.716
-0.098
-0.483
1.014
1.088
-5.639
1.904
4.850
0.484
0.089
2.257
1.972
0.765
2.205
2.319
-2.466
-2.407
-2.749
-3.283
2.295
2.301
1.425
4.339
-0.390
-1.306
0.644
3.091
-1.068
5.011
0.178
1.581
0.740
-0.603
2.535
-7.990
-0.463
2.259
-3.134
-1.332
-0.834
-0.442
-1.096
-2.095
0.180
2.283
1.268
2.814
-0.131
3.372
-2.712
3.497
2.971
-3.436
1.474
0.047
0.095
0.508
-1.136
2.603
0.360
-2.349
0.260
-0.788
1.828
-2.807
5.157
0.639
-2.617
-0.135
-0.808
-1.558
1.370
5.703
4.837
0.833
-1.523
1.022
2.121
0.839
2.138
1.415
1.033
-2.569
0.037
4.936
1.525
3.154
5.177
-2.480
6.588
2.685
3.139
-1.258
2.088
-1.573
0.709
1.158
-0.223
3.111
-0.898
-4.479
-0.235
3.358
6.244
3.508
2.910
-0.559
5.878
1.992
2.086
1.858
-2.430
1.271
-3.141
2.335
1.157
-1.167
3.053
-0.510
-0.452
1.632
0.312
0.910
2.828
-1.422
-1.625
-0.209
0.199
1.891
5.010
0.247
0.437
-1.214
-1.505
1.976
0.444
3.343
3.082
2.437
-3.156
1.990
-1.893
-4.171
0.880
3.609
2.058
-1.766
7.062
2.310
-1.670
-4.560
-0.141
-4.364
-2.121
-3.728
-1.459
-0.931
-1.747
5.871
-0.098
3.538
1.716
-0.147
-0.798
3.592
-2.137
-1.154
-1.190
0.529
-1.831
2.598
2.929
-1.373
1.616
-1.666
0.779
3.158
0.598
0.098
5.840
1.215
-1.673
-1.860
5.820
-1.427
-1.333
0.414
2.106
-2.627
-0.318
-2.869
-0.017
2.322
-0.253
5.076
-1.682
0.873
3.488
2.771
6.692
1.127
-1.798
0.551
-1.662
0.639
3.310
2.022
0.099
-1.299
1.130
1.621
-2.660
-2.096
-0.345
-2.846
-3.996
-2.124
1.268
0.595
-0.718
-1.897
1.235
1.109
3.333
-5.677
-3.840
2.602
1.486
2.592
-1.791
-0.584
-2.716
-5.254
0.685
3.748
-0.052
-1.369
-2.337
3.023
0.545
0.641
-3.115
-1.850
2.114
-0.913
-1.214
6.373
0.517
-0.064
0.024
-1.277
0.176
5.006
1.341
-3.479
-0.700
0.600
-3.265
-0.773
-1.956
-0.601
0.518
2.027
-2.419
0.144
-0.436
-0.179
-1.617
0.236
1.535
-2.990
4.498
2.610
-3.429
3.822
3.985
-0.857
0.844
0.567
-2.956
2.815
-4.164
1.045
4.113
-3.703
-0.353
3.086
1.316
2.350
-1.300
-1.908
-0.129
0.987
1.790
1.417
2.699
0.628
-2.164
-2.902
2.170
2.764
5.081
6.166
2.684
1.230
-0.659
-1.747
0.510
0.098
4.922
1.756
-0.202
-1.766
1.632
0.681
-0.734
-1.298
1.668
-0.627
-0.426
-0.813
7.153
0.729
-1.626
-5.825
-3.587
-0.353
4.418
5.838
-0.222
1.224
-0.047
1.443
-0.227
-0.987
-1.226
2.054
3.477
-0.728
2.096
0.726
-0.568
1.978
3.585
-1.628
-0.424
3.870
0.248
-1.557
0.758
0.371
2.883
0.245
0.326
0.226
0.752
3.990
2.090
-2.152
1.026
1.180
1.254
-3.202
0.701
-1.013
-3.244
3.252
-0.327
-0.292
2.467
2.808
-0.247
0.420
-2.074
-1.912
3.465
0.459
2.678
-0.047
1.358
-3.835
2.416
0.280
-0.778
1.859
2.735
-0.624
-2.521
4.347
-0.168
-4.256
-0.663
1.429
0.154
0.040
-0.495
-0.660
-2.717
-2.764
1.224
3.303
-0.312
3.676
2.987
0.033
1.881
1.524
-0.862
-4.829
0.683
2.034
-0.978
5.167
2.828
-3.184
-0.117
-1.666
-0.532
1.920
-0.254
-1.019
0.576
2.173
2.150
1.827
3.638
0.133
-0.517
-0.023
-1.593
-1.649
2.123
2.343
-6.000
2.607
-0.637
-1.168
-0.435
-2.679
-0.053
4.946
-3.364
1.834
2.689
1.747
4.031
2.706
1.960
2.841
2.731
-0.488
1.865
-0.305
-2.852
4.758
-0.978
2.979
1.633
-1.800
-1.512
1.304
1.309
-0.553
-3.447
2.278
-6.670
1.186
3.069
-4.088
0.734
-0.571
0.818
2.697
-2.881
-0.186
-0.045
-4.327
1.727
4.259
1.959
0.662
2.476
-1.078
-1.766
1.583
0.899
1.103
-1.711
-3.262
-2.144
-1.697
-4.549
1.490
-2.744
-2.877
-0.279
-1.825
-3.437
-3.171
1.635
-0.457
-3.283
3.844
-1.357
1.622
0.091
0.585
0.400
-2.959
5.736
-1.475
2.331
-1.548
-2.303
3.636
4.086
1.439
2.287
-2.660
1.933
1.908
1.402
4.302
-5.123
-0.080
3.907
-2.320
1.909
-0.816
0.562
-2.188
5.781
-2.403
0.038
-0.273
2.928
0.517
-3.434
-1.194
-4.839
0.525
4.624
-0.128
1.166
2.995
-1.308
2.989
4.940
-3.909
3.079
-3.208
-1.509
3.065
1.123
-0.751
5.711
-0.442
2.981
-0.383
1.449
1.531
0.543
-3.055
1.015
-1.041
-0.749
1.774
1.609
-1.464
0.872
0.399
-1.718
-1.570
-1.532
0.324
-0.380
0.852
-1.761
-0.066
0.116
1.133
3.877
2.928
0.171
-3.477
-0.881
2.560
0.218
-2.668
-0.143
-0.780
3.376
-1.048
1.344
2.002
-2.623
-1.437
-0.675
0.681
-1.078
-2.951
-2.067
2.606
5.323
1.083
2.939
1.199
2.026
2.128
1.977
1.203
0.692
-0.624
1.611
1.095
-1.827
3.203
2.730
0.814
3.177
2.096
-0.706
-4.006
-4.088
3.380
0.282
-0.539
-1.233
0.503
2.545
-1.600
0.577
6.729
4.706
-5.006
-4.005
4.684
2.500
0.473
1.618
-0.409
-1.248
2.103
0.117
2.425
-0.967
2.061
1.099
-2.853
3.888
-3.029
3.544
1.442
1.888
-0.833
-0.535
0.359
-2.743
1.731
-0.510
-4.738
4.880
0.986
1.131
-1.308
1.148
2.116
-3.140
1.799
-2.192
-2.737
-1.763
5.391
2.230
0.308
4.436
-1.864
-2.114
-1.849
4.857
2.435
-1.608
-1.310
1.030
-2.371
-0.077
-2.034
0.184
2.307
4.533
-3.407
1.790
1.977
-0.206
-1.072
-1.075
-4.097
2.219
-1.484
-3.655
1.125
1.102
2.383
4.712
0.447
-0.368
-0.588
-0.356
-1.421
-0.691
-1.381
-2.143
4.518
3.675
-4.121
1.113
0.194
0.698
-3.132
-4.084
0.218
-0.537
-0.969
-0.147
1.789
2.465
-2.005
-1.780
0.710
3.285
-0.163
0.698
-2.922
-4.919
5.902
1.015
-2.094
-4.792
3.820
-1.916
-1.919
-1.370
0.680
1.883
-0.369
-2.166
5.864
-0.830
0.376
-3.252
1.740
2.970
-1.714
-4.067
-0.566
4.901
-1.187
6.429
-0.996
-4.029
-0.874
-4.140
-1.376
1.267
-0.766
2.993
-0.936
-3.230
0.705
-0.006
0.293
-2.706
0.993
3.683
-2.804
-4.235
-3.356
0.281
-3.508
1.134
1.206
1.232
6.564
-4.128
-3.748
3.419
1.628
3.104
-4.549
-2.914
2.699
-0.051
3.504
-0.651
-0.159
5.847
-2.147
2.128
-3.412
-1.729
2.120
-3.045
2.454
-0.180
-1.991
0.093
-1.056
-1.358
-0.837
-2.992
-3.880
-4.754
1.558
1.387
-1.555
0.039
3.675
-1.153
-0.291
5.003
1.281
2.523
2.054
1.563
-1.391
-1.986
1.968
1.606
0.907
1.050
-1.503
-2.477
-1.410
-0.252
-1.078
4.113
3.892
2.396
3.279
-2.755
2.073
0.265
-0.756
-0.329
-0.299
-0.560
-1.127
-2.867
-3.423
1.314
-6.392
5.019
-1.142
-3.969
1.603
0.025
-1.925
-1.028
0.136
2.952
-5.998
1.114
4.300
-1.605
2.145
1.961
4.865
0.913
2.038
2.907
1.831
-1.793
-1.399
0.992
2.432
1.162
-2.137
-0.239
-2.979
1.761
5.101
1.614
-4.343
0.602
0.315
-0.923
-4.558
1.499
2.624
-1.772
-1.795
-0.412
4.533
-0.330
-1.488
-0.609
1.739
-4.505
-0.206
-0.485
0.091
-1.320
-2.844
2.587
-4.062
4.105
1.185
1.985
0.502
3.178
1.637
3.481
2.380
3.033
-1.365
-0.564
0.389
0.358
1.731
-1.449
0.335
1.855
-4.247
2.886
5.258
-1.847
3.901
0.894
-1.775
2.337
5.005
-0.617
-2.209
-5.013
0.003
0.742
4.704
4.815
-1.241
2.288
-2.412
0.525
0.038
-1.753
0.061
2.373
2.981
0.002
0.141
-4.064
1.007
-0.287
0.133
-0.805
-1.927
-1.746
-1.274
-2.834
1.049
1.695
0.019
0.774
-0.201
3.092
0.480
1.016
2.279
0.293
3.693
-1.245
4.493
-0.122
-1.216
-3.415
2.442
-0.527
0.695
0.977
-0.820
2.926
1.442
-1.694
-2.876
2.225
-0.229
2.025
-0.249
0.859
2.283
-3.253
4.397
1.252
-4.556
3.585
2.723
-0.106
3.700
-1.183
0.037
5.977
1.600
2.951
2.310
-2.976
1.068
0.847
3.196
3.952
3.445
-0.785
-3.099
1.549
0.137
-2.174
-1.321
0.208
0.970
-0.984
0.312
0.175
1.010
-1.992
-1.326
3.587
-0.272
1.493
-2.573
3.201
3.114
1.067
-1.124
-3.097
5.808
-0.623
-3.091
-1.082
1.308
-2.644
-1.067
-3.108
3.814
0.151
-3.136
-1.810
-1.198
0.405
-1.838
-0.526
-1.180
-3.098
-1.846
-1.502
-2.576
-3.114
-1.078
2.425
-0.005
-7.289
2.774
-1.313
3.801
2.286
-0.386
-0.118
-2.388
1.914
4.230
-1.395
-1.097
5.087
0.557
-3.308
-2.923
4.440
1.487
-2.171
1.160
-1.647
-4.258
-0.479
0.329
-3.411
-2.667
-2.054
-0.140
0.659
-3.113
-1.047
-0.780
-3.820
0.890
1.782
1.099
-2.822
1.785
0.107
2.708
1.498
1.099
-0.327
2.645
-2.394
-2.683
6.931
-4.312
-2.509
2.279
-3.555
2.118
3.294
3.581
0.510
-2.465
-1.845
3.386
-4.128
2.326
-3.509
0.122
-1.145
-0.713
3.570
-0.944
2.853
-1.377
0.979
0.045
-2.945
-2.891
-0.280
-0.595
1.974
-4.102
-1.639
1.383
-0.248
-3.141
1.214
2.387
-2.045
2.670
-1.081
-0.505
-0.929
2.784
-0.041
2.205
-0.815
1.212
-2.260
2.753
-0.386
3.348
0.224
0.580
5.838
2.139
0.817
-2.576
-1.463
2.235
-0.448
-0.147
-2.247
1.322
0.600
2.061
3.321
1.427
-2.465
-3.279
2.104
0.638
4.553
0.410
-3.796
-2.688
-1.450
4.529
3.155
-0.937
-0.115
-2.920
-3.003
3.035
2.608
-0.312
4.773
1.392
0.858
0.872
-2.198
2.616
2.635
0.927
-2.334
2.964
-3.971
-1.507
1.743
-0.630
-2.025
3.672
3.070
2.909
1.147
0.434
4.521
3.795
0.148
6.857
0.050
1.275
3.687
1.242
-0.284
1.266
0.337
-4.763
2.758
-1.144
-2.411
3.242
1.258
1.981
0.047
0.888
-0.372
-1.717
1.995
0.921
4.482
-5.016
3.179
-0.581
-0.809
1.753
-1.782
-0.729
1.777
-0.934
-1.344
-1.349
1.192
-2.541
2.164
5.427
0.358
1.395
0.985
-1.891
1.109
0.884
4.603
0.945
3.331
1.380
-0.872
-2.494
1.090
2.175
0.136
-1.169
3.727
-0.709
-2.415
0.194
0.536
-1.415
0.131
-3.718
1.367
-2.170
-0.566
-1.274
3.714
-0.378
-1.674
5.367
4.657
2.357
1.699
-1.727
2.959
1.225
-1.178
0.688
-0.764
-3.304
3.627
-4.003
5.526
-0.163
1.435
1.632
-2.025
-0.155
0.107
-1.099
2.839
-2.553
0.827
-3.754
0.924
0.757
4.928
-1.126
-0.057
-0.226
4.385
-1.032
0.891
-0.354
-0.014
0.377
2.985
3.839
-2.981
2.225
3.362
1.166
3.192
-2.647
1.569
3.347
-1.162
-2.741
3.090
-0.665
-1.038
-4.163
-0.882
-1.326
-3.977
-1.054
3.194
1.171
-3.579
1.286
2.094
0.600
0.265
-1.553
1.354
1.754
1.023
4.539
-0.143
-2.778
4.368
-4.185
-0.607
-1.860
0.105
0.023
-1.945
2.912
0.027
3.275
-2.456
-2.241
-2.305
1.596
4.544
-0.379
-5.203
1.489
1.945
-2.132
1.707
2.296
-4.568
3.029
3.179
-0.390
1.898
5.093
-1.228
3.136
0.938
-2.385
-4.020
2.082
-2.785
2.673
-4.893
0.708
-0.419
4.375
0.892
1.820
-0.684
-0.079
2.876
0.389
-1.856
3.087
4.396
3.957
3.447
-0.329
-2.005
-2.497
-2.787
0.126
4.601
-3.620
0.390
-0.418
-2.472
-0.258
3.445
0.896
1.855
2.916
1.278
-0.534
0.591
-2.226
0.487
0.643
3.511
-0.428
-0.428
-3.288
1.906
-3.176
-0.845
-1.355
2.488
1.521
2.049
2.619
-1.185
-1.732
-3.691
0.656
-1.528
1.433
3.135
2.582
0.640
0.537
0.328
5.450
-1.048
0.540
-0.084
-1.530
-0.562
0.417
-2.493
4.307
2.093
2.971
-0.037
-0.401
-0.163
-1.321
3.470
3.702
1.669
4.425
6.101
4.782
-0.776
-5.455
2.133
1.374
0.611
-0.207
3.592
-3.361
4.027
4.511
0.710
1.032
-2.496
2.761
3.401
2.184
-2.625
-3.513
-0.227
0.540
2.786
-0.227
2.900
3.060
1.487
2.436
-0.649
-2.390
-1.015
-1.649
3.256
2.420
-4.523
0.779
-3.936
-2.251
2.347
-3.788
-2.924
-2.108
-3.454
-3.059
0.215
-3.693
-0.248
0.372
2.155
2.580
-2.953
-2.827
-2.961
2.248
1.179
-0.498
-2.511
0.723
3.635
3.479
-3.186
2.921
-3.217
-0.615
-0.898
0.989
-2.056
0.597
-2.244
0.763
-2.811
-0.605
0.359
-0.250
2.378
-5.071
0.769
-1.643
1.768
0.423
2.961
-0.209
3.312
0.726
-2.754
-1.602
-1.058
0.625
2.509
1.816
1.945
-1.441
2.468
0.600
2.257
-3.196
1.436
-1.116
-2.687
1.902
-0.680
1.623
-1.998
5.226
0.064
-0.776
2.726
0.144
7.948
3.146
-0.786
0.528
0.509
-2.183
3.431
-0.681
-0.244
0.875
-1.848
0.857
-0.857
-0.794
-0.039
-1.414
-3.405
0.767
-5.145
-5.058
0.457
-0.086
0.972
1.944
-4.395
-1.125
-0.724
1.099
0.898
-0.622
0.456
-0.310
-1.840
0.479
-4.796
0.939
3.740
-0.483
5.299
1.797
3.850
1.276
1.674
0.694
-3.413
-4.367
-0.229
-1.096
-1.019
-2.684
3.011
-2.125
-2.280
0.442
2.950
2.386
-1.209
-0.160
4.287
3.005
2.454
1.275
0.590
5.171
3.059
0.643
2.086
-0.248
-3.501
-2.104
-0.756
-0.911
-1.385
-1.276
3.485
4.748
3.500
-4.828
2.937
2.118
0.261
-0.843
-0.382
2.726
1.276
3.277
2.305
3.807
1.872
-2.379
-3.490
1.900
1.791
-1.131
0.944
-0.741
-0.834
-3.090
0.457
-0.891
1.258
-3.858
1.795
-0.887
-2.210
-0.706
-3.486
-0.348
0.646
0.524
1.454
-1.012
2.220
0.989
2.308
4.332
-3.373
-0.568
-1.481
5.482
1.784
1.039
3.220
0.380
1.470
-0.745
-2.925
2.504
-1.954
2.147
2.951
-5.037
2.858
0.961
-1.977
-3.825
0.180
-0.079
2.971
0.505
-2.260
-3.379
0.701
0.360
3.519
-0.830
1.355
0.031
-6.136
2.069
-0.673
1.932
0.756
-2.023
-0.068
0.275
0.792
1.580
0.423
4.541
2.367
2.740
2.330
0.533
2.106
3.347
0.652
2.872
-2.775
2.988
-1.500
-2.781
-0.320
0.848
1.153
3.447
-0.987
4.296
4.301
0.892
-1.636
6.328
4.490
0.807
-2.919
1.839
-1.066
2.448
0.901
-3.480
-2.482
-1.479
4.288
-1.210
-5.107
-0.134
-0.277
4.166
3.985
-2.791
1.294
2.250
0.059
0.773
3.003
1.053
1.959
3.727
-0.722
2.261
-0.717
2.926
-1.141
1.393
-0.197
1.759
-1.677
-0.316
0.224
-2.229
-1.108
-3.585
1.255
2.256
-2.989
-2.461
-1.951
-2.706
1.308
-1.310
0.950
-1.444
-0.467
2.842
-2.423
-0.998
1.352
-0.414
0.803
0.354
-3.266
3.708
0.112
4.177
1.161
3.510
2.803
3.299
-0.185
4.639
-0.783
1.220
2.422
7.963
2.975
-0.913
0.996
-2.881
3.878
-7.154
-0.064
5.620
2.173
1.525
-2.510
3.544
-1.845
-1.825
3.540
-1.924
-3.162
-1.964
0.804
-0.856
4.710
0.432
-2.626
-4.133
2.511
1.071
1.810
-0.675
0.720
3.208
0.363
-2.404
2.085
-0.487
2.669
0.411
2.418
1.567
3.465
2.659
-2.782
-4.147
0.165
1.794
-1.391
1.420
1.318
0.175
-1.173
-2.096
6.300
-4.740
-2.623
6.591
-2.129
-1.000
1.982
1.505
1.413
3.939
-1.949
0.770
0.221
-1.760
0.599
1.695
1.754
2.917
0.254
-2.068
-2.972
-0.757
-2.896
-1.356
-2.486
-1.222
4.630
0.054
4.123
1.352
-1.144
0.054
-3.612
-0.445
-2.796
1.787
-0.694
-0.379
-0.653
2.506
-1.786
-1.944
1.172
2.957
1.145
5.598
-1.892
-4.850
1.519
-0.018
1.482
2.405
-3.311
-0.338
1.757
0.963
-0.072
2.122
2.742
-4.573
4.132
-2.585
1.779
-0.443
3.362
2.081
1.764
0.883
-0.940
-2.026
-2.969
-1.152
2.539
-2.055
3.252
-2.112
-0.045
1.433
2.814
-0.530
1.505
0.860
-0.249
-2.143
1.406
0.417
-0.417
0.625
1.721
-3.682
-0.961
-1.988
-1.806
-1.543
2.986
1.150
-2.290
0.796
1.378
-0.511
-2.740
-2.263
-3.457
5.486
-3.799
-2.660
0.294
-4.036
-2.431
0.626
0.838
1.333
2.067
0.253
-1.303
1.448
3.687
1.832
-1.723
1.824
1.692
-2.619
-0.209
1.710
3.137
-1.202
-3.147
1.571
-0.246
0.925
0.807
0.706
-0.643
2.526
-1.687
0.987
1.286
-0.119
2.254
-0.766
5.862
0.918
3.322
2.481
3.767
0.561
3.055
3.844
1.041
-1.327
4.741
0.396
0.539
0.999
-1.530
1.166
1.186
0.326
0.190
-0.183
-0.562
2.094
1.047
2.585
-0.902
3.057
2.489
-0.233
-1.249
1.777
-3.456
-0.646
1.011
-0.010
-2.221
0.567
-2.047
0.976
-0.589
0.018
-1.623
2.207
-0.001
-1.421
0.060
4.514
1.154
2.932
-3.518
-0.124
-2.050
-0.896
-1.490
3.445
2.071
-1.463
-0.765
1.221
2.487
2.848
1.874
4.704
1.374
-0.718
-1.606
-2.241
-2.553
1.969
4.168
0.601
4.737
0.416
1.807
-3.448
2.299
-1.179
2.343
3.429
1.082
1.390
0.634
1.885
4.845
0.378
0.746
-3.918
1.363
-1.525
-0.125
1.496
-3.528
1.467
0.953
2.038
-1.182
3.020
1.082
-1.355
-2.937
-0.949
2.440
1.419
-4.800
-0.449
0.651
4.933
3.441
-0.079
0.785
-2.920
-5.954
-0.603
2.758
0.784
-1.448
2.540
4.654
-3.224
0.224
-0.929
0.456
-0.745
7.050
0.063
1.071
0.752
-2.658
0.838
-3.183
4.678
2.518
-1.034
-0.051
2.813
1.005
-3.614
0.754
2.955
-5.251
0.681
-1.655
3.392
-0.737
-0.984
2.337
-1.804
0.551
1.025
-0.116
-2.779
-1.742
0.036
-4.196
0.555
-0.282
1.723
1.909
-2.344
-0.897
-1.877
-0.913
-0.255
3.037
-1.080
2.478
0.975
3.676
-0.498
-1.602
0.696
-3.507
0.728
1.708
2.986
1.325
0.007
5.009
0.328
-2.191
0.267
-2.876
-2.611
0.930
-2.832
-1.130
-2.455
0.687
-1.358
1.627
1.433
-2.780
2.560
-0.062
-2.589
1.245
4.576
-0.121
-3.606
2.565
4.131
-2.243
-1.560
0.435
-4.292
5.346
0.228
0.449
1.208
-0.270
-0.887
-1.909
-2.478
1.326
3.596
2.630
-0.344
-0.112
4.234
-1.567
-3.654
0.954
2.396
-5.621
1.306
-2.358
-3.054
-0.344
-2.422
-3.898
0.610
0.244
-3.773
-3.027
1.466
1.618
-6.001
-2.682
0.152
1.366
1.336
1.797
-1.379
0.777
-0.595
-0.995
-3.278
1.064
-3.608
-2.459
1.998
-0.048
2.874
-0.458
-0.983
3.103
-0.611
1.025
-0.040
0.639
-0.181
2.457
0.513
-0.447
0.960
-3.365
2.780
-3.266
-1.243
-0.736
0.948
4.239
2.825
-3.183
-1.776
-3.009
-2.770
-1.066
3.493
-0.240
0.072
0.899
-1.905
0.180
0.942
6.252
2.567
4.300
0.420
1.618
0.978
-3.943
-5.560
-2.350
3.334
-0.598
2.218
3.481
-2.730
3.892
-2.440
-0.145
-2.241
0.919
-0.038
2.263
2.749
4.142
2.154
2.306
-0.726
-0.077
1.104
-2.628
3.046
0.029
0.816
-3.294
-0.523
2.420
1.357
2.341
-0.460
0.659
0.101
1.945
0.976
-0.569
-5.794
0.759
-3.677
2.004
2.347
-5.133
1.069
1.010
1.253
-2.608
1.494
-2.672
2.006
1.391
-0.442
1.370
-1.923
-0.991
3.144
3.049
-2.284
-1.136
-0.983
0.499
0.028
3.450
4.031
4.678
5.533
-3.441
-0.104
-1.315
-1.805
3.731
1.360
-3.464
6.574
-4.007
-0.499
0.561
-2.365
1.670
-1.132
2.325
1.307
-5.660
-3.371
2.387
1.320
-2.112
-1.256
0.139
-4.510
5.802
-2.003
0.424
4.360
-0.092
1.123
-1.947
-0.966
-1.870
3.421
-1.252
-1.434
-1.717
1.268
1.746
-4.445
0.513
1.074
3.722
-2.587
-2.341
1.890
0.203
3.659
2.993
1.020
0.191
-0.028
0.278
0.496
3.761
-4.539
-0.657
0.841
-1.097
-0.337
-0.709
3.478
-0.666
-1.380
2.223
-0.934
-0.054
-2.306
-0.624
0.266
-2.686
0.110
1.582
-4.430
-1.215
6.480
-0.141
3.083
0.284
-0.442
2.590
3.223
-1.792
-2.284
-2.934
-1.758
3.077
0.425
3.192
-2.130
-2.057
-0.592
1.062
0.014
2.025
1.344
1.520
1.994
2.981
-5.555
0.320
2.373
6.407
0.110
-4.924
3.771
-2.572
1.455
1.641
0.653
-4.771
-0.522
-3.417
1.439
-1.774
-4.748
2.058
-2.692
0.673
-1.419
2.433
2.333
0.921
0.092
-0.708
-2.542
-1.062
1.498
5.041
1.720
2.066
0.091
1.613
-4.805
-1.383
2.039
2.082
-0.954
-2.790
0.180
-0.693
2.607
2.038
4.068
3.015
-0.308
1.187
5.233
-0.611
0.770
0.339
0.390
-1.748
3.490
-1.851
4.809
4.283
0.952
0.364
-1.515
0.520
2.942
-1.292
3.873
2.810
0.095
2.261
-1.840
0.103
5.671
3.216
1.546
0.515
0.172
0.281
-1.507
1.915
2.857
-0.255
1.472
-1.396
0.190
-1.681
-0.195
0.637
1.801
-1.120
1.493
-1.945
1.111
5.656
-0.541
-2.851
2.502
1.036
1.450
3.403
-1.356
-1.285
1.657
2.845
0.919
0.179
1.125
2.111
-3.125
-2.026
0.137
2.006
5.562
0.078
0.939
-1.246
1.927
-2.285
0.323
-1.930
-4.720
6.815
2.275
2.291
2.531
3.770
0.740
2.434
-0.851
-0.063
-3.334
0.835
-0.922
0.031
2.340
1.075
2.822
-1.068
1.266
-1.185
-0.073
-0.386
-2.083
-0.641
1.736
-1.848
-1.243
3.335
3.753
2.347
4.449
3.625
0.138
5.124
4.093
0.176
0.953
-1.238
0.120
-3.381
-1.058
2.255
-2.108
-0.402
1.690
-0.345
3.114
3.223
-1.133
-0.699
0.458
-1.246
4.271
-0.640
2.536
-3.243
-1.505
-2.255
-2.636
-0.889
1.232
4.030
-0.135
0.546
1.164
-1.398
0.293
5.360
1.282
5.360
0.408
-1.139
2.854
3.383
-0.842
1.225
0.197
-2.964
-2.825
-0.143
3.110
2.391
-1.849
-2.344
-1.747
-1.948
-1.766
-4.511
-5.512
-5.794
-3.371
3.149
9.003
5.198
0.947
-1.512
-0.685
0.687
5.311
-2.030
0.357
0.584
0.138
-4.471
-0.312
-2.896
5.841
1.720
3.029
-1.774
-0.728
5.251
2.808
1.362
3.575
5.057
3.992
2.869
3.100
-0.441
0.820
1.984
1.114
1.557
0.011
-6.203
1.974
0.609
0.655
5.633
1.206
-1.582
2.001
0.555
3.029
-1.082
-1.606
-0.946
-3.800
-0.700
4.165
-1.394
-2.907
-0.917
0.879
-1.440
0.522
0.953
0.354
0.136
4.583
0.774
-1.548
2.161
0.206
0.521
2.782
3.570
-2.384
4.507
0.195
0.211
-2.074
2.142
-3.062
1.642
4.313
-0.405
2.946
0.547
-2.991
0.637
-0.095
2.501
-0.522
1.547
-2.184
1.381
0.407
0.044
0.425
-0.352
0.690
-0.123
-1.986
-2.761
-0.836
-0.411
-6.861
0.396
5.637
2.006
-0.061
-1.607
-3.725
2.483
1.371
-2.614
2.662
2.365
-1.261
-0.351
0.950
1.677
-2.277
1.711
0.492
3.016
2.180
0.489
2.550
-3.273
-0.548
-1.985
-0.983
-1.012
-2.681
2.637
2.152
-1.107
-5.206
-0.862
0.233
3.607
-1.003
2.698
-0.862
1.715
2.288
1.738
-1.947
-0.523
1.759
-3.442
2.245
-2.560
-2.894
-0.928
-1.294
0.786
0.991
0.519
-2.009
3.251
0.505
2.583
-5.155
1.634
-1.025
2.172
4.637
-2.454
2.410
-1.087
-4.141
2.575
4.717
5.417
1.071
-3.117
-0.148
0.088
2.981
0.291
-4.632
1.863
0.523
2.519
0.946
2.004
0.385
1.031
-1.862
1.200
-0.094
1.526
-2.488
3.708
0.946
2.254
0.361
1.798
-5.038
0.092
-1.553
-0.514
2.776
-3.489
2.125
1.457
3.423
-4.627
1.765
0.957
0.222
3.816
-4.709
0.650
2.804
-3.551
1.777
1.131
-4.762
2.982
-1.790
4.138
1.728
1.069
2.781
2.496
-4.352
-3.742
0.006
-2.228
4.333
-2.028
0.571
1.749
6.216
3.108
-1.237
1.609
2.026
1.843
-2.003
5.226
-2.588
1.982
-1.767
1.288
-0.120
-2.776
-5.590
2.476
-0.992
0.684
4.670
1.847
-6.605
-2.589
-4.069
-1.651
-0.300
6.482
2.766
1.205
1.415
1.490
-3.856
-3.033
1.443
0.362
1.075
4.203
-1.311
-0.537
0.942
-3.735
-3.185
3.621
-0.356
-0.827
0.929
-3.657
-0.386
-1.029
1.232
-4.715
-1.573
-0.755
-0.814
2.874
-1.539
7.732
2.143
-0.818
1.801
2.094
-0.395
3.114
-1.992
1.757
0.098
1.045
0.899
0.393
5.094
-1.054
-1.545
0.138
3.478
0.442
0.178
-0.984
-0.817
2.917
0.200
0.961
-1.325
2.214
3.286
-1.876
-1.815
-1.677
2.836
-1.956
-0.476
-2.013
4.410
-0.926
4.342
0.286
-0.834
2.267
0.256
3.734
-0.170
-0.734
-0.744
3.333
0.952
-1.420
-3.095
0.857
-1.902
-3.893
2.963
-2.608
-3.939
0.020
-0.369
-1.746
0.876
-0.362
5.628
-0.113
-2.704
1.070
1.269
-0.454
-3.642
4.062
-2.680
2.471
3.309
-0.394
2.461
2.671
-2.223
3.881
1.140
-4.845
0.826
-0.991
1.420
-1.186
-1.171
-2.136
0.890
1.599
0.343
-0.356
0.582
2.887
-2.146
-2.858
-2.532
-3.584
-2.083
3.089
-3.729
-0.253
1.950
0.378
2.444
-1.042
-0.833
-0.585
1.678
6.903
0.332
-0.218
-1.961
4.527
-0.578
-1.133
-0.154
4.724
-0.997
0.290
-5.689
2.703
-0.337
2.539
1.871
0.731
-0.730
0.502
-2.867
0.889
1.678
0.547
0.437
-1.105
-0.035
-2.283
-0.959
5.306
0.563
1.515
0.287
0.507
0.673
-0.228
1.774
-1.368
-3.210
0.822
3.034
-1.208
2.232
1.964
4.095
4.823
1.742
0.062
-3.529
2.694
3.065
-0.268
1.195
-2.114
-1.086
-2.822
0.996
-0.609
3.349
0.913
1.197
0.377
4.141
3.836
-0.062
1.066
3.745
-2.472
1.075
-0.490
3.884
1.623
-3.821
-0.648
3.719
2.491
-2.152
-1.999
0.537
0.219
-0.266
-0.618
-1.061
5.763
-0.528
-1.232
1.564
0.107
-1.862
-0.250
0.206
1.383
1.101
-2.087
1.811
2.491
-2.232
-1.514
-0.071
0.877
0.968
0.247
-3.086
2.779
-2.030
3.591
3.152
-2.322
1.196
3.617
1.763
-3.725
0.260
2.351
4.384
0.025
-3.649
5.602
0.056
3.817
-0.269
1.669
-1.295
-1.249
4.693
2.605
0.283
2.593
-1.277
0.354
0.595
-1.470
-1.785
-4.183
-1.972
4.737
-3.915
0.267
0.716
-0.249
2.448
-0.310
2.638
1.668
-2.898
3.138
-0.403
-3.949
1.481
-0.339
4.259
2.979
-1.815
2.628
-1.320
-3.627
-1.125
-2.840
0.317
4.983
0.539
1.457
-2.058
-0.947
1.659
0.185
-1.380
2.757
0.687
5.282
1.932
-2.373
0.628
-2.540
5.162
-2.023
3.024
2.640
-1.288
1.138
0.964
2.349
0.775
-1.253
1.696
1.704
-1.885
-5.183
1.770
1.246
1.386
3.516
2.453
3.454
2.229
0.695
-2.601
4.049
-0.153
-1.104
1.879
-4.056
-1.424
-1.160
-1.229
4.995
0.152
-1.183
0.234
2.399
-4.225
0.625
-0.737
0.997
-2.400
-0.082
0.022
-2.699
4.824
1.346
2.561
-0.500
0.865
-2.534
-1.186
-1.807
1.062
4.447
2.518
4.698
2.255
1.359
-1.864
1.126
-0.788
2.347
-2.912
0.091
0.392
4.638
-2.106
3.154
2.326
-0.264
1.333
-0.250
0.385
2.157
6.457
2.664
0.944
3.767
-3.059
-0.621
0.511
-2.143
-0.948
-3.624
-2.719
-0.238
-1.907
1.360
0.993
1.207
-0.861
2.948
1.552
0.889
0.909
-0.148
3.514
3.090
-0.527
0.746
-0.602
6.267
-0.263
3.219
6.780
1.111
-3.831
3.975
-0.878
-1.299
4.620
-2.774
3.793
-0.187
-4.097
2.472
-5.054
0.240
-3.573
-0.437
2.023
1.364
0.849
2.772
0.350
-0.169
1.035
-1.238
2.421
0.520
2.068
-0.076
1.548
1.946
-4.497
-3.157
-0.990
0.035
3.411
1.439
1.606
4.050
3.653
-2.070
3.309
0.602
-0.887
-0.354
-1.151
0.689
0.151
3.316
4.989
-0.622
-2.760
1.953
2.610
1.263
-3.343
-1.551
0.703
-1.128
-2.045
5.497
-2.049
3.246
1.340
1.810
3.081
-1.303
-0.369
1.484
-4.088
4.309
0.628
-1.911
2.975
0.570
-1.382
2.620
-5.231
1.357
3.495
-1.649
-2.726
1.366
-1.274
5.745
-0.922
-0.117
1.601
-4.014
0.493
3.037
0.155
-2.405
-0.692
-4.246
-0.348
3.014
-1.148
2.028
-3.208
4.861
3.065
-0.831
-2.825
-0.870
1.027
2.956
-4.715
3.243
0.966
-2.442
-5.768
0.680
0.878
-1.129
2.539
5.231
-0.609
-1.442
4.470
-0.180
1.932
-1.107
3.087
-2.637
0.698
1.060
-0.088
-1.177
4.653
2.291
-1.726
-4.171
3.898
-1.873
0.498
0.570
1.036
-3.702
-0.488
0.312
0.217
2.066
0.746
1.419
-1.087
4.447
-0.344
1.140
0.624
1.432
3.231
-1.668
2.332
2.119
0.766
0.894
-2.423
-0.465
-4.227
-0.385
0.198
-3.007
1.068
3.247
0.867
0.337
-0.911
1.242
-2.089
-5.438
4.141
2.656
-2.288
-3.121
0.605
0.505
2.309
-0.454
3.122
-0.170
3.261
-0.085
-1.724
-0.549
1.920
1.199
0.476
-2.155
0.206
-1.217
-1.279
2.739
-1.489
-1.626
1.104
-1.849
-0.980
4.971
-0.052
1.972
6.387
0.829
1.609
1.100
-0.431
0.652
-0.079
-1.836
2.349
-3.993
0.368
-0.320
-2.137
1.845
-2.102
-0.629
2.097
-4.271
2.936
0.263
-0.392
-2.960
0.567
0.410
1.662
-0.777
-1.991
1.103
-1.036
1.561
-2.125
2.256
3.926
-0.050
3.587
2.158
1.158
0.318
-0.956
3.225
2.740
-2.159
0.626
-1.603
1.490
2.148
-3.402
0.150
1.369
0.569
4.631
-3.425
3.602
-1.770
-4.794
1.119
0.049
0.571
1.602
1.669
-0.924
2.298
-4.490
0.123
3.060
1.036
0.470
-0.476
1.183
-0.323
1.855
-0.896
4.012
1.663
4.701
-0.581
3.289
-2.687
2.083
0.072
0.636
2.100
2.134
2.362
1.194
1.650
-0.182
-1.196
0.750
-4.799
1.356
2.438
1.838
-1.117
-4.557
1.925
-1.543
-2.740
2.626
-2.903
-0.062
4.616
-1.251
-2.208
1.567
1.135
-3.628
0.476
3.178
3.710
-0.275
1.540
1.651
2.770
0.132
3.459
-1.401
2.223
-2.055
-3.946
1.819
7.443
1.119
-0.152
3.331
-0.717
-3.886
2.612
4.081
0.659
1.100
-1.111
-0.040
0.884
0.458
0.436
-7.188
0.746
-2.836
1.492
2.888
1.695
-2.405
-1.652
0.190
2.398
2.737
1.216
-1.964
3.167
0.288
-0.604
-0.818
-3.303
2.989
0.050
-1.311
1.807
2.240
-3.808
4.072
5.681
0.595
0.924
6.094
-2.273
-0.902
1.745
3.104
0.441
-1.603
3.441
0.332
0.353
2.582
3.964
0.925
1.498
2.861
-0.193
-0.966
-0.533
-1.859
-2.261
5.681
-1.797
1.002
0.144
2.867
0.629
3.679
0.040
0.939
2.152
0.828
1.615
1.031
-3.043
2.187
3.176
0.039
-0.143
1.054
5.020
-0.333
1.844
-0.070
1.784
-2.712
4.660
1.232
-0.319
-0.254
1.018
5.157
4.062
-0.295
0.576
0.697
-4.334
-0.203
0.854
-1.829
4.495
-2.352
-2.087
2.010
1.019
-0.736
2.767
0.935
4.788
-3.918
-0.902
4.320
1.503
0.097
-0.618
1.190
-2.398
-3.093
1.702
2.403
2.608
-0.680
-0.775
0.342
-2.034
1.944
-0.361
0.190
-0.071
1.584
1.037
4.925
-0.572
4.653
-3.998
1.525
-3.455
-2.107
-1.989
-2.176
-1.109
5.631
-1.757
-3.523
1.535
0.931
5.669
0.252
-5.140
-0.676
-0.724
-2.609
-1.000
-0.009
0.204
-2.963
1.812
4.276
1.023
3.005
0.785
-2.162
1.000
-0.856
-2.313
0.163
2.319
-0.467
5.006
2.632
-0.965
-1.038
5.497
-0.457
1.224
1.362
-3.787
-3.756
2.405
-2.164
0.378
-3.274
-0.438
0.863
-4.594
0.480
0.612
-0.774
-2.291
-0.554
-0.550
4.970
0.060
-0.764
0.055
1.367
1.278
1.430
1.797
-3.155
1.590
0.792
-1.145
0.605
0.086
0.300
0.768
-3.678
0.981
1.911
0.935
-1.390
-1.722
0.787
2.277
3.491
2.186
1.578
-5.752
-1.123
1.101
-1.282
-1.882
-2.200
4.586
-2.770
-0.159
-1.397
-1.723
1.337
2.325
-2.475
0.476
0.077
-0.735
-1.891
3.011
-2.132
-2.777
2.987
0.830
-2.485
0.165
-1.148
3.923
-0.230
1.626
0.295
3.799
0.838
3.128
1.649
-0.977
0.354
-0.161
-1.026
-2.235
3.613
-4.597
3.546
-2.860
1.654
-1.055
-3.650
3.099
-5.408
2.261
0.662
2.872
1.853
1.821
2.505
2.360
1.432
-0.453
-0.200
0.606
-0.289
5.596
0.142
-2.410
0.061
-1.662
5.049
0.585
1.874
1.586
2.620
0.922
-0.607
0.463
-2.594
-0.009
4.655
2.114
0.095
5.178
-1.113
1.173
-0.377
-0.141
1.295
1.732
-0.137
-1.657
4.747
0.593
-2.139
-2.103
5.128
6.263
1.158
-1.123
1.148
-0.384
1.727
1.190
0.272
0.147
-0.178
2.627
-0.113
5.283
5.507
-0.558
-0.516
0.232
-1.190
2.393
3.193
3.431
-0.149
-0.179
-4.429
-1.227
-1.887
-2.307
-0.819
-0.387
0.291
3.613
3.147
-2.350
1.377
-1.569
0.705
3.496
-0.817
-2.020
0.474
3.519
5.162
-1.129
0.666
1.011
-3.061
-3.193
1.129
-0.552
-3.013
1.999
0.497
0.378
-2.279
-3.745
-1.085
0.467
-1.351
-2.283
-0.543
0.434
3.745
0.711
-3.171
-4.503
-5.539
1.166
-2.176
1.545
3.182
1.767
-0.195
4.786
-0.756
-1.818
1.151
2.206
-5.855
3.015
-3.550
-4.575
-0.476
-2.200
1.348
1.205
1.090
3.288
-0.407
1.232
-3.656
2.655
-0.853
-0.332
-0.472
0.111
-0.536
-4.845
3.326
-1.211
-0.548
-0.113
1.609
-0.833
2.908
4.849
4.276
0.958
-1.034
-1.098
-0.537
-1.692
1.348
-0.194
0.311
-0.389
1.433
0.964
-0.498
-0.006
-0.009
1.960
-1.517
-0.767
-4.210
-2.230
-0.217
-0.699
-4.360
1.610
-1.763
-3.538
1.224
2.352
-5.499
1.988
-0.168
-0.264
-2.338
-0.022
0.131
5.758
1.603
0.344
3.187
2.474
-3.140
1.938
0.584
-1.331
-2.132
-0.002
0.325
3.107
-5.055
-2.671
0.820
0.017
0.615
-0.750
0.947
-3.464
5.384
1.352
1.447
-2.209
-1.063
1.577
-0.491
0.993
-1.521
-2.861
3.016
-1.801
2.534
-1.663
-0.030
-0.579
-0.154
2.169
4.267
-0.110
0.641
-0.297
0.558
-1.373
-2.135
1.130
0.886
3.076
0.468
0.237
1.592
2.714
-0.030
-5.830
-2.170
2.918
4.443
3.550
-0.703
-0.438
2.125
1.791
-5.616
0.454
0.221
-2.415
-1.083
0.984
-0.172
2.587
4.575
2.619
1.423
-0.007
2.261
-1.144
-0.963
-2.606
-3.371
3.424
0.998
1.625
0.047
4.885
4.571
0.310
0.282
-0.178
-2.325
-0.633
-0.406
-4.971
-5.118
0.196
2.348
-1.499
4.549
-0.325
-1.683
-3.067
0.584
-4.475
-1.449
0.457
-3.004
-0.904
0.409
-2.572
1.912
2.610
-2.076
-0.131
0.051
1.182
-0.364
-1.384
-2.186
2.358
-1.039
-1.514
2.863
0.697
-2.104
-0.118
-1.977
-2.484
-0.959
-0.142
-1.132
1.650
1.913
-1.349
-0.071
-0.780
-2.025
0.728
-4.162
-1.952
-2.442
-1.818
-2.256
-3.529
-0.350
-0.541
0.325
0.916
1.324
-1.581
0.498
-0.279
0.092
-0.748
-1.575
-0.239
-0.793
1.068
2.618
-1.907
-0.939
5.915
-4.020
-3.515
2.878
4.942
3.836
1.104
-0.685
-0.309
1.312
2.594
1.638
-4.486
-2.474
1.017
-2.972
-4.220
2.448
0.969
4.067
2.682
-1.144
0.942
-1.550
-3.522
3.219
-0.116
3.585
0.611
1.017
1.734
-0.091
-0.220
0.931
3.340
1.562
0.391
-0.636
0.066
-1.723
-2.007
-0.220
0.364
2.095
-2.360
0.375
1.375
-2.005
-0.754
2.173
0.208
-4.491
2.208
0.564
-3.504
-1.757
0.047
1.100
2.819
-1.813
-0.733
2.471
2.858
-0.426
-0.929
1.550
-4.621
0.318
0.285
-0.773
1.482
2.970
-1.992
-1.397
1.949
-3.136
-0.928
5.554
0.804
-0.331
-3.788
-5.426
2.902
-2.442
0.459
3.409
-0.845
-0.753
2.021
3.602
2.383
3.879
-5.188
1.361
3.432
1.431
0.005
-2.590
-1.411
3.949
0.263
-1.163
-3.372
1.468
-1.583
0.273
4.491
2.262
3.493
0.695
2.061
3.542
-1.639
0.262
-1.304
-1.111
-0.005
-1.939
-0.539
1.996
0.118
-1.512
2.237
-1.849
-2.301
3.232
2.379
-0.466
4.899
-1.007
1.987
-3.443
-2.086
2.820
3.760
-0.010
5.821
3.492
-1.321
-0.558
-2.977
-0.713
0.924
0.447
0.424
2.744
0.750
1.994
1.422
1.039
2.562
2.275
-2.353
4.715
0.639
-1.932
0.194
0.976
1.761
2.655
2.193
4.762
0.604
-0.031
-3.172
2.678
1.813
-1.008
0.933
0.326
0.770
-0.308
0.621
-3.295
-0.624
1.089
-1.342
1.284
5.307
-2.421
-4.049
3.244
5.373
1.241
0.365
-1.199
1.644
0.313
2.389
-3.761
1.135
-1.652
2.624
-2.398
1.861
-1.047
-0.694
2.389
-1.561
-3.252
0.524
-1.237
-2.939
1.190
1.046
0.630
1.568
-4.438
-1.481
1.016
2.837
0.926
3.154
-1.275
-1.125
-0.542
0.152
-3.910
0.300
0.268
-1.121
-1.495
1.002
1.764
0.697
0.692
0.262
0.387
1.984
4.241
3.933
-2.251
-4.716
1.623
0.401
0.206
1.264
-0.237
-3.537
-2.390
-2.244
1.950
4.876
-0.778
6.593
-4.201
-0.869
0.790
-5.775
4.003
-1.311
0.431
1.426
-3.468
6.188
0.671
-0.467
-2.316
0.841
-3.432
0.684
3.702
3.147
-0.983
-0.318
1.649
3.187
4.029
4.261
-1.889
2.158
-2.970
-0.762
-2.468
-2.418
0.931
-1.311
1.038
-2.551
1.512
-0.682
-0.350
-2.771
2.796
0.687
1.646
-2.714
1.972
0.449
-0.840
3.655
1.331
1.436
-4.366
2.945
1.424
3.321
-1.072
-1.362
4.226
2.650
-3.079
0.389
2.804
0.777
-0.970
-1.255
0.504
2.801
-2.039
-4.772
-0.623
1.430
1.962
-2.083
0.997
-1.183
2.115
0.033
2.362
0.512
1.550
-0.713
-1.354
-0.333
1.830
6.408
3.374
3.998
0.099
-0.938
-4.939
-1.085
-2.961
2.195
-0.122
-2.818
1.662
1.111
-2.371
3.982
-1.456
1.782
0.050
4.304
2.561
-2.286
4.717
-2.690
-2.192
4.246
0.284
1.099
1.365
-2.234
4.863
5.617
-4.134
-0.730
1.982
0.082
-0.954
1.698
1.933
4.411
-3.812
-2.070
-1.460
6.102
3.974
1.010
0.148
1.408
3.169
-0.258
1.007
-0.458
-2.999
-3.945
-1.308
-0.544
1.398
0.995
-2.989
0.373
-0.960
-0.249
0.543
3.424
-0.754
4.378
-2.770
-1.756
0.119
-2.456
-2.817
0.526
-2.829
-1.953
0.152
4.437
-0.111
0.663
-2.409
-2.166
-5.151
-2.011
2.186
-1.030
0.712
0.886
2.117
4.333
1.807
-0.222
2.262
1.080
-5.022
-2.529
-0.190
-1.054
0.055
-5.474
2.369
0.230
3.269
0.412
0.833
-2.136
-2.542
0.669
0.355
-3.590
2.606
0.470
-0.865
-1.737
2.165
-1.320
0.917
-0.054
-0.923
-2.765
3.473
-2.062
-1.718
3.563
0.105
1.118
3.984
3.925
-0.967
3.115
-3.498
-3.870
0.457
0.147
1.904
1.652
2.010
4.196
5.061
2.456
0.298
-0.143
0.315
-1.028
2.567
2.848
-1.173
-0.047
-3.895
0.132
0.442
-2.307
-0.917
-2.418
-3.429
3.906
-3.423
0.624
2.692
3.762
-2.197
3.417
0.737
1.725
4.573
1.816
-1.878
-4.583
1.886
1.327
-1.557
0.790
-2.903
1.213
-2.866
3.253
5.392
1.044
1.280
1.760
1.015
-2.282
3.741
1.430
1.694
2.771
2.666
3.313
1.441
-1.712
1.350
0.290
-1.750
3.834
-0.010
0.898
-1.398
0.220
2.583
5.260
-3.154
0.403
-7.163
-0.680
0.631
0.741
4.281
-0.195
4.098
0.943
-0.875
0.808
0.660
0.827
-1.324
-1.353
3.075
2.882
-1.639
0.027
1.270
2.305
0.802
3.120
0.163
4.062
6.474
0.524
1.251
-1.907
-0.061
0.780
2.026
-0.141
2.142
-0.551
2.771
1.346
1.237
-0.755
0.149
-0.547
2.435
-2.903
-1.345
3.246
0.800
3.285
2.342
2.588
1.360
-1.228
0.531
-2.646
-0.047
-0.958
-4.117
1.373
1.137
3.379
-2.587
2.944
-5.216
-0.003
5.093
0.281
-1.414
0.150
2.386
-0.327
1.292
1.264
1.668
2.837
5.101
0.560
1.125
-2.499
2.618
3.616
2.002
-2.977
-0.621
0.473
-1.706
5.498
1.333
2.586
2.624
0.619
-2.532
2.243
5.177
-0.558
-1.010
2.363
2.567
3.098
0.011
0.005
-5.958
0.471
-1.004
-4.946
4.895
0.930
-3.930
1.254
4.816
3.239
2.670
-2.606
-0.956
-1.734
0.393
2.211
1.400
-1.828
-0.092
2.854
1.576
1.309
-1.757
0.734
-2.374
-1.632
-3.200
4.498
4.595
-2.060
-1.512
-0.412
3.274
1.809
3.665
4.399
1.511
1.066
3.619
2.943
2.929
1.490
2.850
-0.371
-1.012
-0.464
5.803
-2.155
2.612
5.103
1.303
-0.414
1.684
-0.834
-1.833
3.580
3.426
-0.415
-0.821
0.869
0.120
-1.613
-3.307
-3.150
-2.532
-2.146
0.860
-1.579
-1.516
-2.659
-2.614
-2.679
0.159
2.851
3.955
0.477
2.897
-1.528
1.714
-1.742
1.394
-1.617
-1.424
0.223
4.235
2.399
-1.401
-2.180
-1.612
1.895
0.874
1.915
-0.883
1.155
1.000
3.387
4.141
2.519
3.383
0.302
-1.328
0.277
0.033
-0.129
0.325
-0.060
-0.749
0.036
2.274
-1.726
3.579
2.948
0.558
-5.368
-4.876
0.618
1.978
4.604
-0.623
-0.884
-2.572
1.787
0.367
-0.795
0.406
0.124
2.673
-0.674
0.343
2.389
-0.285
-1.429
-2.725
-2.148
-1.194
2.657
-1.419
-0.166
-2.120
0.479
1.039
1.202
4.565
0.316
1.053
-1.004
5.564
2.384
2.472
2.964
2.147
3.079
-0.100
5.787
-3.360
-0.309
4.505
-0.060
1.941
-0.782
1.421
-0.514
3.155
1.048
-3.850
-1.602
-1.990
3.725
-2.629
-0.294
5.418
3.344
-1.701
-1.772
-2.003
0.845
-0.840
0.903
1.092
0.463
0.704
0.557
-1.502
-3.121
0.480
-1.526
2.693
-2.651
-0.506
0.722
3.376
-0.592
0.792
1.831
2.181
1.230
4.690
-0.603
4.504
2.005
0.939
1.126
2.600
-1.376
0.700
-0.232
4.196
-1.211
5.145
-0.724
-2.982
-1.739
-1.690
4.329
-2.877
1.125
3.872
7.000
0.086
0.619
-2.449
-0.564
5.596
2.442
3.266
1.905
2.914
5.003
-0.746
2.120
-1.309
-4.536
0.986
0.648
0.170
-1.184
0.679
1.366
5.058
1.634
1.759
-1.448
-1.941
-2.004
-0.361
0.495
0.868
-1.613
-5.029
-0.657
2.600
-0.553
0.172
-3.476
0.648
1.333
-1.018
2.665
3.227
5.428
-1.874
1.037
-2.500
1.801
1.512
-4.275
1.003
-0.128
-2.494
-0.351
5.299
1.726
-1.635
-0.445
-4.295
-2.243
4.392
2.550
1.433
1.286
3.750
1.119
-0.330
0.130
-0.278
-0.310
4.422
-2.186
-0.862
-4.030
2.776
1.172
4.522
-1.185
-1.557
-2.446
1.444
-0.490
1.070
-0.668
3.803
3.386
0.557
2.878
0.032
0.240
-4.844
1.567
0.405
2.462
2.064
-1.447
-0.111
-0.797
2.857
4.126
2.266
5.115
1.607
-1.989
-2.980
-1.858
-0.738
-1.276
0.480
-0.084
0.529
6.210
2.452
0.997
2.898
-1.586
-1.689
2.549
0.349
0.644
-2.393
-0.787
-0.633
-0.804
5.498
5.440
3.082
0.582
-1.059
-2.133
1.170
3.407
2.217
0.595
1.953
0.305
-0.317
-2.083
-0.440
1.078
-0.650
-2.394
0.625
1.079
-0.536
0.297
-5.724
2.130
1.042
3.747
-0.161
2.111
3.178
0.409
1.176
0.692
-3.488
1.279
-1.909
-1.710
1.608
3.453
2.224
1.747
1.160
2.435
4.392
-1.034
-0.956
2.105
-3.742
0.113
0.977
-0.952
-4.252
3.675
-1.089
-0.982
3.538
-6.738
3.977
5.693
-1.785
-0.824
1.522
0.951
2.713
1.545
2.343
8.603
-3.476
3.572
3.900
-2.285
-1.567
1.555
-2.649
-1.125
0.924
-1.291
-0.196
-1.731
-1.912
1.482
0.107
0.646
2.040
0.791
-0.454
-1.763
1.428
5.137
2.463
-3.262
-4.509
-1.414
-3.339
-2.733
-5.351
0.909
-2.430
-2.453
-1.243
-1.192
-0.280
-3.011
2.714
1.020
1.343
-0.706
2.929
1.523
0.807
2.746
-3.659
0.816
-1.257
-1.393
2.268
3.642
3.404
0.366
-0.427
3.328
-2.007
4.423
-0.576
0.231
-0.930
0.434
-1.836
-0.544
0.719
0.095
-5.624
6.288
4.146
-2.446
-1.142
-0.062
1.945
1.484
-2.287
5.972
-0.602
4.682
-1.100
2.886
1.252
-1.703
1.760
0.790
2.563
-1.512
0.149
2.291
-4.037
-2.420
0.447
0.782
0.121
2.266
0.109
2.804
1.126
-2.333
0.738
0.162
-1.261
-3.291
-2.482
-1.685
2.891
-0.430
3.283
-2.103
-1.344
-1.000
-0.349
0.927
1.854
3.364
-4.928
5.208
-2.196
0.591
2.656
1.891
3.039
2.793
1.351
2.150
-2.621
-1.354
-1.987
-5.339
-1.904
-2.133
-1.885
1.952
-1.490
2.378
-3.412
-1.218
-0.587
3.197
0.497
1.050
-2.283
2.394
0.209
-3.858
2.031
1.050
-0.476
-0.478
-2.219
3.131
2.095
-2.190
0.471
-1.352
-2.711
4.083
-0.499
-1.668
-2.507
-0.230
-4.738
-0.015
3.256
2.575
1.506
6.122
0.965
-1.837
2.353
0.673
0.446
1.060
-0.601
4.836
-3.557
2.309
0.669
1.443
-0.563
3.983
2.473
-1.498
3.037
1.070
-1.051
-3.712
2.195
-1.388
1.614
3.858
-1.597
3.577
-2.407
3.909
4.720
2.509
1.402
2.487
-0.458
-2.837
-1.426
5.842
-2.445
2.652
0.084
-0.507
4.404
0.573
2.588
6.108
-0.152
1.486
2.041
-0.424
1.531
3.057
2.228
0.631
-6.570
-3.121
4.753
-1.941
3.153
-2.593
-1.962
1.982
4.080
1.912
1.206
-2.916
-4.757
-0.688
0.721
0.226
5.656
-3.351
-0.381
4.359
1.912
-2.276
-4.966
-0.593
-2.078
-0.718
5.840
-2.080
-1.202
2.543
1.056
3.947
2.315
-1.306
1.585
0.629
-3.874
5.539
-2.194
0.092
-0.783
0.630
0.813
1.739
-0.792
2.947
-1.279
-0.926
-3.778
0.902
3.998
-0.245
4.586
-2.266
-2.908
3.683
-0.056
-1.988
0.981
1.148
2.619
-0.444
-2.905
-0.306
0.303
3.053
-3.270
-0.554
1.054
4.059
-1.255
-1.602
1.946
-5.115
-1.010
1.768
1.197
0.835
-3.586
-2.711
3.572
0.123
-0.174
-1.545
0.394
-0.822
2.407
-2.179
2.354
4.296
1.833
-2.612
2.321
-0.825
-0.906
0.674
-0.243
-0.764
1.996
0.627
-4.238
2.805
3.228
1.793
1.935
-0.184
-2.521
0.776
4.066
1.005
4.338
4.454
0.264
-0.763
-0.680
0.047
-1.988
1.686
2.646
-4.091
4.632
-0.917
-0.359
1.089
-1.662
-1.068
-1.644
0.346
-1.045
1.255
-2.808
1.416
-2.355
2.776
2.301
-4.784
2.372
-5.915
-2.462
2.829
-0.949
4.096
2.049
-0.680
-1.026
3.958
-0.799
-4.114
-1.878
0.646
-1.535
6.087
-1.203
-1.148
-2.014
2.465
-0.320
2.303
3.122
1.222
1.090
-2.531
-3.285
-3.241
0.524
5.881
-1.010
2.810
1.611
0.431
-0.234
-0.682
-0.727
1.803
2.415
-0.668
-0.701
-1.047
2.750
2.460
3.893
-1.598
-1.132
4.321
3.527
-2.028
-1.797
0.958
3.330
-1.820
0.558
2.964
-0.137
0.167
3.761
-0.653
3.393
-0.009
-2.255
1.686
-1.129
-2.460
5.065
1.356
-0.416
-0.372
4.024
4.202
-0.958
0.985
-0.531
2.193
-0.499
-4.287
-2.125
2.850
-1.378
2.235
1.241
-1.360
-0.022
-1.151
-0.563
-3.934
0.074
-1.039
0.534
1.615
1.840
-1.012
-1.196
-0.014
2.975
-0.884
-1.292
-2.292
1.568
-0.349
-2.063
-1.562
1.956
0.696
-1.256
1.728
2.834
1.925
0.846
4.375
3.528
0.500
2.772
1.913
-0.931
4.191
4.399
3.225
1.863
2.620
-0.453
2.979
-2.746
-0.432
-5.669
1.310
2.821
4.308
-0.166
0.906
0.315
4.691
1.146
4.801
3.338
2.157
-0.986
-2.251
0.564
0.584
-2.443
2.948
0.791
1.760
4.427
-1.513
-4.649
-1.057
4.502
0.370
-0.105
-0.890
0.335
-1.019
-0.831
2.861
6.568
-1.672
-0.937
-0.989
4.169
2.170
-0.267
-0.856
4.100
0.449
0.256
-4.835
2.260
0.333
0.606
0.597
2.606
-5.008
-2.521
5.051
-2.594
-1.481
3.352
0.471
0.493
4.167
-1.030
-0.938
2.175
0.733
2.818
-1.197
0.828
0.175
-0.589
-2.727
-0.660
-0.943
3.357
1.711
1.416
-0.087
-1.791
0.884
3.754
-1.710
1.439
-0.738
0.337
-0.024
1.430
-0.025
-0.858
-3.435
0.878
1.815
0.500
0.175
3.918
4.240
2.922
1.153
0.583
-2.178
-4.224
3.640
0.624
8.490
-1.051
1.375
2.803
-1.217
-0.297
-0.116
-0.627
1.307
0.482
-4.538
0.615
1.247
0.252
4.303
1.185
0.407
2.533
5.790
0.006
2.879
4.763
-0.204
-2.464
1.402
3.584
-0.335
2.980
-1.713
-0.243
0.128
0.016
-1.713
-0.455
-4.371
2.013
0.437
3.110
0.135
-3.966
1.116
-1.239
2.916
-0.158
5.186
-1.796
0.941
1.787
-0.443
-2.849
-0.131
-4.015
-1.326
-0.077
2.752
1.021
-0.620
-0.768
-0.972
2.557
-3.213
-1.682
-3.225
1.756
3.984
1.728
1.901
-0.910
1.521
-1.452
-1.030
0.260
0.451
4.652
2.430
0.628
4.453
6.118
0.398
1.269
-2.623
0.747
-1.278
-4.177
2.725
0.605
-1.736
-4.036
-1.111
-1.268
0.085
-3.834
1.381
1.889
-2.775
-3.717
2.785
-0.008
1.885
0.615
0.138
2.834
2.367
1.273
1.438
-0.692
1.680
4.078
2.807
-4.143
1.434
1.632
3.069
3.321
1.539
-2.623
0.079
-1.555
-2.448
3.702
-0.763
5.124
-0.573
-1.364
1.794
0.161
1.016
-0.944
-0.944
-0.824
-2.151
2.669
0.844
0.718
1.949
1.207
5.784
1.374
-4.574
-0.835
-1.887
1.472
-0.642
1.553
-1.291
0.816
-0.915
-0.465
0.892
1.433
3.779
3.065
2.614
1.386
-0.821
1.843
3.216
3.217
0.389
-0.475
2.251
-5.495
4.182
3.297
-0.323
-0.445
5.332
-2.133
-0.279
4.555
-2.226
0.738
-0.223
5.295
-0.953
-2.906
0.931
-0.953
1.783
1.391
-2.457
4.766
-1.116
-0.859
1.736
4.269
-2.736
-0.760
2.647
-1.024
0.728
-0.643
1.538
-2.645
1.110
1.515
1.984
-0.908
3.825
-4.689
-1.242
6.216
0.419
3.050
0.805
4.522
-0.111
0.887
2.449
4.029
-4.078
1.594
-1.697
0.218
-0.936
-5.029
2.889
-2.799
0.184
0.093
-1.559
1.883
-0.527
-1.367
-3.143
-1.870
1.364
-4.447
4.377
-0.015
-1.732
1.778
-0.653
2.486
-2.200
-2.026
1.780
3.226
0.819
0.904
-1.652
-0.887
-1.227
3.459
3.688
1.599
5.176
1.834
3.188
-0.175
-0.028
-0.025
-1.897
-0.708
1.140
-1.088
1.685
-1.427
-1.538
0.381
-4.552
2.940
2.045
2.309
2.135
0.075
0.936
1.285
-3.133
0.834
-0.555
4.783
-0.110
0.048
-2.579
-0.589
-4.724
4.812
1.751
-0.531
1.560
-1.956
-0.086
-2.310
-3.324
2.184
0.098
-3.800
-1.637
3.483
-1.387
1.843
-1.417
0.935
1.609
-1.237
0.029
1.090
-1.013
-0.152
-1.915
0.601
2.933
-2.442
-1.344
-4.555
1.578
-3.488
1.556
1.719
2.534
1.235
-3.272
0.032
0.820
1.629
1.720
-0.676
0.090
0.113
-2.689
-1.970
0.177
-1.661
-3.161
-3.296
2.018
1.201
0.705
-0.435
-1.047
-4.489
1.775
-0.627
1.842
-1.901
4.304
0.800
0.060
-2.097
0.747
1.830
-5.028
0.026
0.065
1.433
-3.676
2.270
2.118
2.210
-1.238
3.044
-1.601
-4.722
1.096
0.203
3.278
-2.132
-0.479
-0.696
2.278
-2.252
3.406
-1.415
-0.712
0.451
-2.085
1.290
0.981
-1.137
1.034
1.101
1.721
2.993
1.351
1.514
-2.298
-3.331
-0.977
1.136
1.346
-5.712
0.666
3.052
5.773
3.809
-0.901
-1.042
1.530
2.291
3.046
1.784
-2.590
-2.990
3.852
-0.047
-1.975
-2.368
-0.953
4.175
-0.234
2.085
1.189
0.210
-4.388
2.359
-1.434
-3.625
-4.082
1.763
2.285
-5.134
-0.903
1.223
0.722
-0.884
0.148
2.622
1.399
1.903
-0.698
-2.704
0.933
2.271
-1.276
0.910
0.343
-3.640
-0.029
0.768
-0.766
2.972
-2.641
5.513
0.341
-0.111
2.547
-3.240
5.815
-1.287
2.479
0.355
-2.093
2.794
1.620
7.671
1.279
-1.170
-4.102
-1.435
0.965
-0.547
2.182
1.220
-2.643
-0.632
-1.727
1.177
1.385
-1.093
-3.586
7.099
1.124
1.119
-4.149
2.088
2.903
1.162
0.672
0.677
-1.782
-1.322
-0.202
2.989
0.992
-1.429
-1.203
-4.839
1.430
-0.153
0.798
7.625
-0.723
0.865
-1.165
-0.051
-1.987
-2.286
-3.981
-2.250
0.910
-0.402
-0.178
-0.731
0.720
0.572
0.425
-0.432
2.101
-4.466
-1.483
-1.565
1.900
-0.944
-1.986
0.765
2.270
2.124
2.579
0.635
1.024
-0.272
-0.433
-1.987
2.014
-3.962
-2.787
4.831
0.072
0.686
-2.559
1.515
3.649
3.832
-3.290
3.154
0.375
-5.715
-3.346
-4.164
1.794
-0.098
-1.213
0.122
4.565
-0.357
1.139
1.863
-2.564
1.705
2.557
2.750
-0.001
2.598
1.528
0.513
2.548
4.536
2.566
0.172
-0.822
1.615
0.720
3.044
-1.931
2.839
-3.000
-0.070
1.750
0.080
1.403
3.676
-1.011
-3.019
-2.374
0.137
3.340
-0.403
5.524
-2.701
-3.847
0.912
-1.010
-1.456
0.401
-2.607
1.659
0.819
-0.509
0.856
4.939
-0.240
-0.828
1.962
-1.242
1.505
2.321
3.709
-0.420
-2.818
-0.267
0.774
-1.132
0.667
4.533
-1.020
-1.591
2.602
-2.624
0.381
-0.907
-3.618
0.007
-1.156
1.566
0.830
0.771
-1.926
-1.007
0.953
-1.784
0.258
1.190
2.147
-0.947
-0.591
0.821
-1.408
-2.969
1.198
-0.278
1.636
-1.024
0.560
-3.980
1.809
-0.938
0.016
-0.016
-0.484
0.505
0.382
0.876
-2.670
2.202
0.052
1.167
0.040
-2.207
6.425
0.652
-3.437
0.129
-0.592
-0.039
-3.577
0.422
-1.744
3.892
0.094
2.075
2.472
1.421
0.740
2.985
-1.142
2.146
-0.647
0.569
-2.554
-2.779
0.168
2.922
-0.137
4.406
1.304
-0.054
3.906
3.492
-2.918
0.258
1.582
2.080
1.812
-0.046
-0.395
0.098
-1.449
-2.925
1.592
1.732
4.565
-1.067
1.228
-0.260
0.000
-1.166
0.465
3.672
-0.685
1.322
-1.081
-3.162
-0.024
4.944
-1.607
-1.970
-1.751
4.687
3.003
1.871
3.600
2.526
0.090
-0.730
2.819
0.618
-1.850
1.608
-0.417
3.016
-1.973
1.713
0.734
0.789
1.017
-0.111
1.553
1.025
0.627
3.245
-2.874
1.758
0.881
1.554
1.796
1.934
-0.574
-1.214
1.482
3.891
-0.146
-2.080
2.247
-1.651
1.101
-2.054
-0.342
0.321
-0.361
0.910
1.118
-0.876
-0.970
3.382
-0.219
1.061
-2.942
4.661
1.446
-4.506
-2.077
-1.377
4.454
6.409
1.626
2.980
3.347
-2.293
0.175
0.140
3.667
5.382
5.670
1.547
1.277
-0.714
0.494
2.908
2.638
1.673
-1.676
4.996
1.484
0.832
2.507
-1.179
-1.410
-0.531
-2.072
0.631
-4.533
-0.797
-4.373
-0.269
-0.163
3.163
1.038
-1.515
-0.579
3.787
-2.265
5.480
1.359
-2.760
-2.137
2.346
2.122
1.382
0.627
0.100
-1.520
1.283
4.233
0.277
0.980
2.813
-0.900
1.339
2.269
-1.412
-2.767
-0.194
2.402
-3.175
0.931
-0.096
-0.187
1.074
-3.721
3.209
-1.788
1.221
2.036
3.856
0.267
-3.159
-3.468
3.409
-0.992
-0.556
-2.359
-0.573
4.535
0.428
-1.589
2.867
-5.633
0.327
-0.505
-0.311
-3.100
-0.002
-0.609
-1.945
-0.617
-4.300
5.572
-7.875
-0.005
-0.047
-1.016
-0.223
1.875
-2.668
-3.910
-0.929
-6.177
-1.753
-0.947
0.570
3.449
1.065
1.174
-1.393
-1.115
-1.059
0.042
-0.714
1.123
1.836
3.420
1.012
1.125
3.129
2.079
-0.512
-2.153
-0.800
-1.637
0.634
1.523
-0.625
-0.530
-6.012
-1.017
7.879
3.043
3.545
1.517
2.575
-0.476
-1.601
3.919
-2.270
1.527
4.628
2.670
-0.267
3.418
0.870
0.029
2.128
-1.764
-3.106
-0.212
-1.218
-3.145
0.425
-0.950
-1.936
0.311
-1.925
3.136
4.621
2.034
-0.676
1.334
-1.256
1.949
2.083
2.238
-0.535
2.048
1.530
0.983
0.566
-2.223
1.349
-0.323
-2.729
-1.346
1.385
-0.807
-1.025
-4.640
2.969
-2.296
0.493
-0.776
0.987
0.946
-0.141
1.020
0.396
-2.945
3.246
3.997
-1.762
-3.366
3.357
-2.223
3.456
3.145
-0.029
-0.072
-2.034
0.508
1.528
1.219
1.820
2.894
0.237
7.119
1.427
1.306
1.288
1.321
1.308
2.860
-5.664
-0.235
-3.604
3.624
-3.032
-1.547
-1.247
-2.559
-0.381
-4.683
4.013
1.363
-1.478
1.725
1.128
-1.911
2.046
-0.160
3.070
-0.815
-2.893
2.693
-0.203
0.291
0.988
-2.006
-0.352
-0.934
-0.598
3.349
-1.512
-1.631
3.707
-2.015
0.503
1.993
1.978
-3.022
-1.367
-3.837
2.349
2.867
2.767
0.291
-0.206
-1.000
-3.304
1.598
-1.979
-4.561
3.506
-1.132
0.935
0.003
3.068
-3.182
2.181
0.238
1.441
-0.621
-0.544
2.556
-1.448
-0.914
-0.231
-3.127
-0.295
-0.147
1.998
-0.915
-4.174
0.425
-0.793
-2.498
1.125
1.219
1.815
1.255
2.115
1.154
5.204
3.885
0.919
-3.793
4.838
-0.291
1.853
1.484
0.070
-0.803
-0.477
-6.084
-2.454
-0.828
0.470
1.772
-1.030
1.987
-0.199
-0.516
0.475
2.111
-0.212
1.226
2.140
1.658
-1.253
-0.801
1.751
0.025
-1.520
0.457
2.217
2.544
2.801
0.426
1.267
3.001
-1.182
2.696
2.025
2.035
-3.704
-0.968
-1.130
3.766
-1.772
-2.209
-2.567
-0.547
1.318
4.757
-0.567
-1.469
4.091
4.458
-3.872
-0.892
0.868
0.800
5.668
-0.973
-2.403
-1.508
2.965
0.318
4.193
1.901
-1.278
2.421
3.236
3.850
-3.018
1.024
-2.326
-0.359
-0.210
1.026
1.503
-1.099
3.273
3.550
0.797
4.491
0.160
-4.091
-1.862
-0.716
2.559
-2.006
0.203
6.299
0.907
4.209
-2.526
-4.502
-3.512
2.950
-0.209
-0.437
4.485
2.962
1.469
3.226
-0.018
1.187
-2.558
-1.484
-0.290
0.287
2.718
3.322
7.212
5.871
3.097
-3.221
3.787
4.889
0.686
-3.718
0.846
2.496
0.940
-0.623
0.169
3.450
1.490
3.885
2.963
-0.115
2.366
3.959
0.712
1.965
-3.298
-0.710
-0.004
-2.105
0.666
4.421
1.093
3.560
2.052
4.479
0.201
-1.256
2.229
-3.412
1.783
-4.948
-1.744
1.191
-2.705
-0.633
-2.801
2.057
3.076
0.358
5.623
-0.212
-2.852
-3.078
0.001
1.126
6.345
-2.218
-1.166
1.497
0.584
-1.095
0.246
-2.371
-0.722
-2.316
2.853
2.130
0.225
0.388
0.887
-0.743
-3.704
-0.467
1.521
2.636
0.522
-1.098
1.695
0.768
-2.149
-3.969
-0.942
4.009
1.683
3.912
0.268
0.258
-6.116
-4.243
1.455
0.809
-5.092
0.667
2.763
1.104
-0.928
-5.626
1.321
-1.786
1.577
2.026
2.560
1.265
-0.481
1.756
-2.085
3.519
-1.288
4.698
-0.248
1.537
0.652
-3.973
1.637
-1.496
0.062
0.463
-2.120
-1.101
3.364
-2.811
1.768
-0.558
2.749
2.045
-1.317
1.993
-1.017
4.455
0.639
-0.462
-0.658
-0.503
-0.354
2.074
-0.842
-1.665
2.926
3.616
-1.521
-0.351
3.334
1.452
4.187
2.026
1.513
-0.519
-1.994
-2.546
0.279
3.731
-2.165
0.054
-3.633
3.672
-1.593
5.794
1.458
4.054
-3.816
-5.596
-0.572
0.449
1.850
4.046
-0.392
-0.671
-0.196
1.228
-2.632
-3.961
1.131
-2.894
3.092
-4.951
-1.535
-2.895
-1.266
-1.761
3.051
7.092
-2.592
-1.313
0.003
-2.193
1.691
-2.976
1.814
0.564
2.162
0.322
2.109
1.625
-0.083
1.690
3.768
-3.938
-4.520
3.466
2.509
3.781
0.090
4.559
7.294
3.117
1.746
2.113
0.754
1.122
1.427
5.804
-1.476
-0.184
0.357
1.855
0.940
-2.739
0.527
0.098
0.329
2.366
3.220
-1.665
4.979
-3.242
-1.356
-0.183
2.039
-3.800
5.667
-3.962
4.070
-0.644
0.577
-4.981
2.133
-0.020
3.166
-2.989
3.782
-3.769
0.957
-3.153
5.056
2.632
4.178
-0.283
-0.399
0.253
0.022
-0.596
-0.164
3.170
2.676
-2.463
2.060
-3.005
3.930
-1.939
2.257
1.879
-0.382
-0.569
-0.203
1.523
2.375
5.659
4.523
1.741
0.986
-0.940
1.910
3.649
3.117
1.032
-1.086
0.684
2.094
3.200
0.919
2.642
2.901
-0.347
-1.032
4.419
2.065
1.695
-0.949
-4.578
1.502
1.517
1.998
0.353
-0.997
0.997
3.371
1.669
-2.873
-0.084
-1.205
4.180
-0.170
3.944
0.885
-0.634
-1.953
-0.496
0.381
-2.333
1.886
-1.685
-3.149
-2.819
-0.803
1.665
4.286
-0.226
1.148
0.181
-4.763
1.256
0.298
-3.434
4.406
1.790
-3.649
1.607
7.613
0.366
2.007
-1.014
-0.728
4.104
1.876
2.917
-0.214
1.435
0.166
1.825
0.078
4.618
-0.217
1.372
-3.971
3.208
-2.468
-1.201
-2.621
-3.070
2.683
-1.547
-3.152
-3.297
3.010
-0.521
0.231
2.563
1.770
0.812
3.400
-2.738
-0.388
2.528
4.778
5.042
-2.521
0.529
1.532
-0.042
2.018
5.773
-1.810
-2.661
1.879
-0.765
1.972
0.816
-0.097
-1.307
0.581
-0.588
3.029
0.601
-2.709
3.709
0.020
5.354
-0.298
-1.567
-0.367
0.108
-0.267
-1.168
-0.744
4.311
-0.254
5.500
2.857
0.199
1.930
-0.922
2.909
3.541
1.782
-0.864
1.778
-1.320
-2.975
0.976
-3.562
-0.647
1.233
4.104
-1.184
-2.080
2.244
0.872
0.529
-3.220
2.957
-4.714
0.818
3.292
0.624
-0.242
-2.139
-1.022
5.613
-0.965
1.444
-1.651
-0.376
-3.559
0.231
-0.518
3.590
-1.678
-0.679
2.521
0.270
-0.043
-0.066
-2.027
-0.690
0.542
-2.440
-2.201
3.268
1.552
1.075
-0.955
0.880
-5.418
-2.547
1.851
-1.270
-0.154
1.210
-1.455
-1.137
-0.512
0.713
-3.562
1.074
0.293
0.613
-1.427
0.228
2.645
1.984
3.295
-1.811
1.989
-1.147
-5.095
2.587
2.203
3.914
-3.162
0.744
-0.185
3.095
-2.984
-0.258
0.575
2.130
1.345
0.272
-0.396
0.136
2.155
-1.632
-0.212
-0.212
-4.657
-4.345
-3.229
-0.162
1.552
-1.131
-3.549
2.615
1.023
-0.190
0.934
-2.182
2.827
1.115
-0.004
-0.467
0.521
1.508
-3.832
-1.528
-0.444
-0.541
-1.359
2.216
-1.307
-2.217
-0.774
3.965
0.382
-0.807
-0.443
-3.855
-0.100
0.919
1.401
-0.031
-1.443
2.521
-0.548
-2.005
-1.496
-0.458
-0.358
-0.950
1.098
0.140
2.471
0.539
-0.505
-0.865
-0.607
-2.234
-0.217
1.500
2.217
0.779
8.471
1.127
-3.811
1.345
3.063
-0.287
-3.164
-3.994
0.119
-2.084
-0.153
-0.551
3.872
2.358
-1.004
-0.648
2.583
0.636
1.110
3.184
-1.502
2.634
-0.596
-5.037
-2.453
-1.877
3.567
0.050
-0.380
3.939
-1.518
-0.598
0.422
0.224
1.160
1.665
-1.640
-4.142
1.302
-4.095
1.124
2.110
3.051
0.038
5.169
-2.988
3.843
-1.490
0.437
0.727
3.585
-2.284
5.476
-4.795
0.158
1.727
2.830
-3.078
-4.377
3.497
0.934
-4.222
-0.873
-1.423
3.072
-0.519
-0.089
-0.263
4.361
2.528
2.009
0.836
0.812
-1.833
2.440
-0.552
-2.724
-0.003
0.382
3.580
2.406
-2.021
2.842
-5.881
1.350
-1.301
-3.020
-2.481
3.866
1.434
1.257
2.678
-0.213
3.657
-0.183
-7.210
4.209
-6.729
-0.290
2.157
-5.291
0.001
-0.040
2.552
1.509
-2.867
-1.207
-2.224
-4.106
-1.212
3.910
1.417
1.373
-2.554
-4.331
1.714
2.773
0.741
2.173
-0.452
0.484
-1.382
1.276
-0.096
1.803
2.228
-0.498
1.583
-1.320
4.660
3.738
1.057
-1.472
0.937
-2.560
1.332
-4.765
-2.238
1.234
3.693
1.231
-0.416
-1.965
-0.878
-3.891
-0.603
5.636
0.655
1.351
-4.113
3.723
4.001
0.866
1.824
-1.255
-0.313
6.814
-0.773
4.743
5.279
1.412
0.061
-2.830
1.643
0.386
0.095
-0.796
1.073
1.472
0.270
3.175
0.304
-0.010
-2.347
-0.154
0.193
-5.548
1.581
2.548
5.629
-1.882
0.090
1.439
0.218
-1.447
-3.176
0.523
3.302
0.362
0.202
1.276
2.160
1.138
-2.619
1.452
-1.156
-1.377
-2.242
0.142
-0.941
-0.354
-2.044
2.499
-0.589
-1.393
-3.705
4.387
-3.381
1.039
1.939
-0.580
1.356
1.540
2.368
1.799
-0.401
-0.611
5.268
2.975
-1.325
1.142
1.297
0.306
4.565
0.102
0.152
2.324
-1.918
-0.916
3.877
0.279
-1.580
0.770
0.694
3.558
2.961
0.841
4.329
3.412
1.208
-1.682
4.648
3.394
-2.557
-1.077
-2.851
-2.227
3.395
0.566
-1.245
2.164
2.368
3.557
1.814
1.887
-1.625
0.584
0.275
-5.283
1.209
-3.750
2.080
-0.576
-0.535
-0.853
-1.113
-0.199
2.576
-2.252
0.377
5.417
-1.262
0.311
2.370
5.593
4.075
0.013
1.293
-0.149
2.972
0.064
4.436
-4.283
1.822
2.145
-5.694
-3.573
3.505
1.596
2.251
4.379
-0.481
4.360
7.372
3.387
1.390
0.216
0.854
0.771
0.416
-2.295
1.373
0.908
3.628
1.720
-1.405
-2.281
0.336
-1.734
0.698
-1.274
3.417
1.756
2.732
-0.045
0.826
2.552
1.228
2.050
-1.284
2.409
-1.054
5.356
0.818
3.001
-0.711
-0.165
-0.283
-3.875
-5.978
-0.342
-4.182
1.037
-0.032
-6.414
-0.928
0.290
3.737
-0.746
-3.590
-3.897
-0.901
-2.014
-0.145
0.760
1.638
1.709
-1.090
1.861
-3.316
0.678
0.862
0.651
-2.137
-1.876
1.902
-0.653
1.765
-1.111
7.198
-0.321
3.215
6.054
3.015
-0.498
0.116
-7.588
-5.268
0.308
-1.047
-2.333
0.432
-1.064
-1.980
2.760
-2.744
2.023
0.926
3.628
-0.788
-2.881
-1.173
0.251
2.721
2.283
-0.172
0.165
2.024
2.883
1.134
1.042
0.921
0.996
0.999
-2.043
-3.534
-1.755
-0.765
1.927
-0.300
0.837
0.519
1.541
-0.678
-1.392
-3.604
1.148
-6.834
0.742
2.483
-0.009
1.227
-0.684
0.336
-0.038
2.018
-0.333
-2.502
1.134
0.045
-1.323
1.901
5.142
1.481
2.262
0.714
3.782
1.916
-0.986
1.781
1.386
-0.598
3.333
-2.685
1.243
-0.686
-3.505
0.631
-0.643
-1.052
-2.193
5.174
-5.554
-4.838
1.605
1.461
-2.985
-1.085
1.854
-0.311
2.261
0.241
-0.903
-3.149
0.193
-1.189
2.739
2.643
-0.239
0.263
-0.541
-0.924
-2.219
0.512
-0.346
3.926
-0.496
6.124
4.688
-1.377
0.169
-3.377
-0.658
1.248
0.843
-1.589
0.167
1.551
0.044
3.587
0.136
-3.460
-3.492
-0.552
-2.505
-3.536
-0.675
2.262
-0.762
1.143
3.799
1.270
-1.889
0.291
-0.701
1.557
0.798
-0.329
0.542
-0.419
-3.485
-4.304
2.448
2.817
0.798
2.613
4.467
-0.734
-1.406
2.114
3.704
-1.265
3.889
-0.557
0.889
-0.521
0.950
-2.170
2.820
-3.575
-1.892
3.462
5.781
-0.918
4.032
3.454
1.329
-0.802
3.718
-0.102
1.466
-4.838
-0.617
-1.116
0.653
-0.403
-0.869
0.341
-1.510
-3.625
-0.723
-0.194
2.151
-0.143
1.286
-1.386
0.307
-3.804
-1.157
-6.183
-2.508
-2.706
1.827
1.195
2.914
-2.817
2.322
-1.035
4.656
-0.079
4.203
7.254
1.366
4.626
-0.445
3.497
0.197
1.711
1.561
-0.074
-3.209
-2.906
3.135
0.799
2.683
-0.853
-0.484
-0.508
-3.657
-0.481
-0.405
0.326
-0.253
3.620
-1.044
2.359
1.072
0.425
2.154
-0.462
-0.908
-0.517
0.845
-4.052
-0.052
2.012
0.292
0.633
1.456
0.562
-3.546
3.850
6.623
4.010
-0.163
-1.776
3.983
0.693
2.582
-2.031
1.577
1.279
3.674
2.314
0.752
4.891
-0.295
4.032
1.707
2.131
7.486
-4.789
-2.984
3.169
2.547
0.658
3.037
-2.331
5.043
3.678
4.395
-3.427
2.911
0.354
6.081
0.977
-1.781
1.751
-3.713
2.888
-0.670
-0.079
0.948
-0.402
4.256
-0.328
1.592
1.694
0.450
-1.543
-5.119
3.006
-2.138
5.174
-1.135
3.397
0.662
4.149
1.261
1.503
-2.426
2.174
2.579
0.768
2.990
1.336
3.265
0.636
3.015
0.984
5.288
-0.456
0.126
-1.241
-0.580
-0.893
5.293
5.371
0.065
3.764
-0.036
1.390
4.036
-0.209
-2.050
1.481
-1.588
0.437
1.138
1.985
2.014
1.088
2.414
4.099
2.397
2.888
-1.783
0.898
1.360
5.940
-4.907
2.490
1.683
2.127
-2.910
0.833
4.860
-2.406
2.077
-1.046
4.384
2.370
1.494
-1.430
0.004
-0.514
-1.747
-0.010
-4.326
2.091
-0.644
-1.340
-3.092
1.355
4.981
-0.373
3.650
1.741
-0.030
5.023
-3.793
0.697
-0.497
1.114
-2.425
2.283
-3.556
1.896
-0.858
1.459
-1.343
-1.694
4.162
4.436
-2.397
0.732
2.207
0.192
0.273
2.085
1.662
-0.728
1.614
-0.283
-0.502
-1.418
-1.411
0.971
-3.322
-3.390
-0.053
0.359
-2.169
4.553
-1.440
-1.221
-1.421
2.629
4.420
-1.968
2.367
0.989
-1.480
0.982
-2.816
-0.250
-2.053
-0.457
0.515
3.938
0.478
-2.039
0.390
-4.627
2.402
-1.596
4.910
2.544
0.609
-0.364
-0.682
-0.524
0.333
-0.621
1.684
3.876
0.598
3.004
-2.826
1.206
0.556
-2.998
-0.263
2.404
-6.107
-0.130
-0.737
0.996
2.525
2.028
2.682
3.184
-0.522
-5.476
1.964
-2.069
1.028
-3.051
-1.429
1.742
-0.716
-3.657
-2.901
3.056
-0.498
-0.443
-1.116
-3.297
-0.293
3.319
-1.517
-4.182
2.208
0.552
0.806
1.258
-3.837
0.078
0.932
0.247
0.230
3.127
1.406
1.858
-0.027
-5.792
-0.431
0.291
-0.115
0.170
0.863
2.629
-1.708
-0.143
4.039
-3.541
-0.315
-4.887
-0.269
0.594
-4.011
0.853
-1.277
2.942
1.490
-0.951
-0.149
4.071
0.073
-2.880
-2.391
-0.102
3.050
-0.826
-2.277
0.371
1.136
1.589
-3.733
1.108
0.974
-0.707
3.076
1.436
-1.707
1.476
-4.180
-0.796
-0.633
1.937
7.645
-0.354
3.866
3.609
-2.842
3.564
-1.341
0.372
5.862
1.590
-1.193
1.419
-3.320
2.899
-1.195
-5.552
-0.515
-0.884
1.547
-2.418
1.187
-1.283
0.181
2.909
2.988
3.411
-1.478
1.063
1.167
3.356
-0.437
-3.224
2.387
3.568
1.111
-2.273
5.547
0.639
-1.233
2.984
4.346
-3.506
1.640
3.464
0.100
0.705
0.039
4.034
-2.299
-0.268
5.507
-1.139
-3.349
0.325
2.942
0.260
-0.816
1.552
6.326
-0.265
5.323
1.342
-1.725
4.341
-0.487
-3.388
1.055
-0.768
4.706
1.323
-0.933
2.436
0.357
1.131
-5.372
-2.414
0.905
-2.726
-1.077
2.575
1.589
3.151
0.382
-1.287
3.739
0.461
-2.218
4.272
0.512
2.701
1.059
2.694
1.898
-0.376
-0.521
2.062
0.627
0.335
-0.690
-0.293
-3.272
1.573
-1.185
0.612
0.196
0.824
0.430
1.444
-1.758
0.177
0.418
-1.715
-2.005
-1.013
0.770
-2.258
2.610
-1.119
0.331
1.959
-3.189
3.626
-1.768
3.537
1.600
-3.982
-0.014
-1.530
4.288
0.854
-4.301
3.380
1.669
1.347
0.405
-3.059
4.145
-0.226
3.804
0.385
-0.107
-3.799
-1.349
3.523
2.081
1.609
1.770
0.358
-0.777
-1.568
-0.749
0.690
-1.501
0.390
0.540
-0.086
-3.595
-2.173
-0.038
-4.776
2.811
3.470
2.394
1.027
-2.609
1.086
3.722
-2.369
6.480
2.313
-2.195
-2.074
-0.863
0.221
-0.554
-6.372
-2.776
0.334
0.806
2.515
-1.248
0.709
0.373
-1.658
1.840
1.505
5.912
2.912
-3.359
2.588
-3.086
3.888
-0.357
1.112
3.504
1.480
2.300
-1.206
-1.886
0.417
1.932
0.107
4.290
1.713
-0.379
-0.023
-0.971
1.490
-0.590
0.829
4.025
1.443
0.227
-0.180
3.520
1.289
2.169
-1.042
-2.840
3.430
2.908
-2.188
2.359
3.635
-0.583
0.241
4.943
3.380
-1.409
-1.190
-0.204
0.980
1.621
-2.653
-1.110
-4.137
2.180
0.478
-0.178
-0.678
-0.032
1.329
-2.507
-1.416
-2.093
-5.821
4.624
1.980
-1.599
0.922
-2.446
1.552
6.114
2.638
-4.404
-3.333
-3.218
-0.655
0.190
3.738
-2.908
0.403
-5.981
-2.120
-2.868
-4.787
2.171
-1.218
0.778
-2.972
3.172
-1.938
3.018
2.922
0.966
1.196
-2.078
-3.538
0.809
0.870
-0.553
-1.622
-1.721
-3.200
2.643
-1.322
-1.920
1.863
-0.914
-1.085
3.065
-2.414
-2.276
-4.192
0.289
-1.064
4.817
-1.071
1.909
-1.740
2.309
3.835
-0.907
-0.054
-0.167
0.998
2.723
-1.146
2.870
0.836
4.135
1.162
-3.022
2.061
0.372
-0.328
1.597
-1.517
-0.107
-0.896
1.985
-0.429
0.692
0.746
1.533
-0.791
3.241
2.840
4.858
-1.816
0.788
-3.457
-2.346
2.137
0.068
-1.969
2.217
1.157
-5.393
3.002
0.496
-0.961
-2.875
1.459
-0.807
-0.006
0.480
1.609
1.039
3.984
-3.914
-1.025
2.947
5.297
3.148
1.564
2.455
2.379
-1.032
1.816
-1.968
0.679
-0.817
1.496
-0.918
0.530
-2.060
-0.533
3.143
-4.106
0.497
3.722
2.492
0.554
2.150
-1.416
2.112
3.304
0.916
2.760
-2.087
-2.432
2.226
6.284
0.568
2.475
-6.698
1.818
-0.829
5.154
2.209
0.551
-0.961
3.429
3.486
-1.588
3.163
2.787
1.013
2.340
1.711
-2.141
1.211
0.044
-2.258
-1.531
-3.631
-3.825
-1.034
3.009
-2.747
-2.533
4.949
-1.932
0.422
1.554
-0.123
0.242
-1.580
-1.205
1.125
-2.535
3.784
-3.948
0.864
-2.202
1.483
-1.980
1.768
2.307
2.516
-0.820
3.966
0.482
0.250
1.674
-3.571
-0.196
1.223
-1.050
0.258
4.365
-1.570
2.274
-1.151
0.545
1.634
2.329
1.248
2.137
-0.075
-0.684
2.833
-4.066
-0.618
-0.246
0.779
2.514
0.845
-0.172
2.355
1.032
0.661
4.194
2.676
6.721
-4.339
3.457
3.915
-1.287
0.071
0.557
-0.727
-0.467
8.285
0.355
1.766
1.249
0.574
-2.348
2.665
0.236
-3.386
0.738
1.089
3.135
-2.885
0.072
-1.284
-1.648
0.890
-0.718
1.559
-1.793
0.010
1.038
1.354
0.800
0.249
-1.037
4.161
0.864
-2.373
-4.364
3.223
-2.743
0.796
-2.516
0.694
1.099
2.272
0.130
0.140
-2.212
-0.262
0.442
0.449
-0.053
-2.229
-2.760
3.968
1.762
6.011
1.313
1.948
-1.823
3.875
-4.082
1.899
0.617
3.852
0.036
0.442
-4.287
-4.192
1.236
3.083
1.045
0.026
1.089
0.826
1.940
-1.959
0.964
-2.078
2.998
-2.277
-0.189
1.784
-2.819
-1.605
5.714
2.608
1.153
1.899
-3.740
1.858
5.041
-0.835
4.727
-0.760
0.641
-2.864
1.396
0.708
-0.184
-1.716
0.891
-1.157
3.005
0.972
-0.816
2.751
-0.684
2.684
0.633
-4.229
1.761
0.223
1.682
0.868
0.883
0.452
7.268
1.612
-3.894
-3.269
1.390
-1.024
2.926
1.125
1.254
-1.859
1.729
0.763
-1.897
-1.888
4.325
1.713
-0.568
-0.960
0.375
1.042
-2.885
0.050
-4.568
0.291
3.847
-2.773
0.014
-0.171
-2.348
-0.737
-2.821
-1.973
0.743
1.280
-0.440
3.571
2.106
5.073
0.066
-2.167
-0.103
5.188
-2.056
2.388
-2.121
-0.529
-0.851
-1.852
2.221
3.805
2.516
0.414
-3.218
0.662
1.851
0.129
3.538
-0.122
-1.089
2.719
2.430
3.946
1.604
-1.581
-5.869
-3.784
-1.044
3.534
3.287
-0.621
2.302
-2.953
3.329
-0.324
1.903
1.641
1.467
-2.531
-1.059
2.881
1.569
-2.244
1.253
-2.161
-2.686
-1.139
0.119
-2.535
2.490
-1.352
0.273
1.426
4.781
1.774
-0.381
-2.018
-2.655
-2.006
-0.009
3.244
0.041
-0.994
0.624
4.306
-1.462
1.450
-0.520
0.832
1.883
3.648
0.217
3.072
1.323
-2.761
-0.120
5.929
0.076
-0.405
-0.411
-0.767
-2.953
-5.165
-1.506
-0.494
1.671
-0.538
0.654
-2.486
-3.765
1.184
1.912
2.707
3.240
3.515
1.999
-1.019
1.029
-0.422
-0.202
1.290
3.388
2.175
0.330
0.586
1.215
3.178
4.805
0.662
-0.138
0.729
2.826
1.600
-0.877
0.380
0.388
-1.202
-1.231
-2.552
-0.004
3.065
2.795
0.287
4.631
0.219
-0.468
-4.396
0.828
-1.800
3.835
-2.634
3.439
0.842
-2.408
-3.637
1.239
-1.860
-4.380
5.101
2.434
-2.397
-4.012
3.184
-2.901
0.588
1.400
-0.885
-1.995
-4.215
1.452
6.063
-2.404
-2.042
2.210
-5.501
-1.545
0.852
-1.637
1.594
1.342
0.626
-1.471
-0.635
0.538
0.856
3.775
2.100
-0.554
1.705
1.868
-1.224
1.747
-0.215
1.051
2.772
2.812
-1.737
-2.322
4.617
4.628
2.108
-0.361
-0.354
-2.001
0.872
0.056
0.124
-2.411
2.639
1.427
1.445
-3.936
-3.292
-2.288
2.206
-0.824
-2.133
1.920
-0.428
1.245
-2.094
0.285
3.555
3.326
-1.553
-0.312
2.299
0.562
1.197
3.671
0.873
-1.075
3.364
-1.624
0.296
-1.039
-2.513
0.105
0.495
-0.252
2.751
-1.474
1.218
-2.560
6.105
-1.224
-3.538
-0.209
0.894
2.469
2.926
1.845
2.368
2.999
0.944
-1.480
0.564
-1.369
2.868
3.235
3.380
-2.411
2.898
-1.026
1.235
2.336
-3.100
2.420
-3.364
-0.128
2.694
3.535
2.291
-1.005
-1.090
0.008
0.479
2.451
0.196
-0.758
-0.511
3.076
0.485
4.007
2.632
-0.906
-0.728
0.090
0.022
3.125
-0.947
0.618
1.155
2.043
1.484
1.300
-0.796
-0.561
0.945
-0.103
-1.888
-0.705
0.761
3.201
-1.909
-2.292
2.175
-0.631
-1.683
0.306
-1.808
5.640
-1.508
0.807
1.593
2.625
-2.238
1.439
-3.591
1.092
0.211
2.154
0.975
0.083
0.266
-3.142
-1.604
4.001
0.841
1.987
-1.132
2.440
-0.320
-3.098
0.152
3.459
-4.610
2.116
0.728
6.573
5.857
-3.884
3.665
-0.587
-0.117
-1.032
-1.328
3.512
-5.300
-1.246
1.973
-4.543
-0.203
-2.550
0.912
0.470
2.590
-5.216
1.383
-1.450
3.832
-0.713
-1.611
-0.970
1.709
2.021
0.289
-1.998
-2.493
1.976
1.607
1.336
4.149
-1.554
5.096
1.160
-0.862
0.220
-2.512
-2.100
0.079
2.214
-1.340
5.508
0.248
-1.095
-2.732
-0.898
3.812
4.488
1.824
0.485
-3.095
-5.822
0.803
-0.605
-0.964
1.303
-2.861
3.858
4.820
2.006
-0.373
-1.101
-0.390
1.117
2.771
1.431
3.376
1.675
2.830
0.279
-2.408
3.438
5.594
1.059
-0.959
1.486
-0.496
0.426
0.553
-1.467
-1.375
0.178
-0.125
1.718
1.000
1.805
0.011
-1.586
-2.154
2.725
-0.815
-1.168
3.420
-0.594
-4.881
0.879
-0.968
-1.384
0.016
-4.564
-4.112
-0.754
1.697
-0.281
-0.386
0.346
2.486
0.444
0.228
-0.985
-0.585
0.780
3.507
0.920
-1.604
-0.371
3.009
0.537
-2.970
1.391
-1.195
-2.408
0.553
-1.669
2.300
0.566
3.575
1.183
-0.844
-0.875
-0.517
1.535
-3.110
1.006
-1.857
5.726
1.676
1.912
0.525
-3.478
0.395
1.288
-1.020
0.165
1.865
0.618
1.003
1.610
3.314
-1.650
5.005
4.999
-0.979
1.963
4.722
3.807
-3.772
-0.019
-0.858
2.405
2.620
-2.486
-1.347
-3.429
0.138
-0.341
1.465
4.681
0.992
-0.368
2.280
-0.493
-0.082
0.767
-2.508
-0.390
-1.566
2.287
-2.121
-1.905
-1.355
-1.529
4.367
2.953
1.526
-0.626
0.197
4.141
-0.393
-2.228
2.310
-0.215
-0.066
-0.190
-0.021
1.543
-0.382
1.090
2.855
3.897
-1.816
2.800
3.070
3.377
0.468
-0.224
-3.357
0.588
4.627
1.104
-0.168
1.743
-2.498
-0.305
2.306
1.691
-0.851
4.631
-3.153
1.102
2.382
3.315
0.643
2.188
0.360
4.354
1.125
3.134
-2.423
0.077
1.645
1.623
-1.014
-4.116
-3.874
-1.924
7.040
-6.936
-0.052
-0.356
0.451
0.152
-2.003
2.795
-3.566
4.838
1.434
-1.838
-1.307
3.096
-2.872
0.469
0.275
0.211
1.659
1.897
1.341
3.040
0.968
-0.854
-2.365
0.498
1.286
-3.892
1.414
-1.742
-1.812
0.711
-4.688
3.823
2.538
-2.504
-0.103
0.716
-1.447
-0.843
0.056
0.323
0.031
0.485
1.249
-0.456
1.390
3.157
1.435
4.529
-3.016
-1.049
1.223
0.932
-0.577
1.821
0.850
3.173
-2.194
0.484
-0.718
2.408
1.661
-0.806
2.752
0.297
-2.634
-0.259
5.914
-0.106
0.918
1.041
0.246
4.027
2.109
1.917
-0.296
2.019
-0.389
1.376
5.305
4.098
0.070
0.887
-2.285
-0.232
-4.987
2.543
-1.446
0.119
-0.738
2.822
3.635
3.737
-2.715
1.920
-1.742
0.707
2.662
-0.276
0.880
-1.135
2.970
-0.170
-0.932
1.167
2.559
-2.998
1.449
-0.846
1.951
-0.893
-1.722
-1.354
0.747
1.635
-1.149
0.482
-1.198
-0.548
-0.834
-1.348
-2.577
0.173
3.069
0.554
-0.365
2.284
-0.831
0.813
-3.384
0.340
-0.449
-4.120
-0.725
-5.288
-1.067
1.535
-1.827
-1.355
-3.298
1.042
-0.713
0.253
3.108
-2.050
3.385
-0.262
2.873
0.080
-3.573
-2.630
-0.276
-3.642
1.622
2.318
-3.210
-0.334
0.127
2.003
1.334
-0.643
-3.045
0.354
0.039
-1.618
5.433
0.765
-1.210
-0.994
2.348
3.204
1.831
2.790
-2.622
0.241
-2.412
2.279
2.503
-2.026
-1.089
-1.963
0.891
0.108
0.442
-0.434
4.749
2.654
0.005
-3.322
-3.718
-3.533
1.402
-0.044
3.307
2.070
-5.001
-1.621
-3.678
-0.615
1.095
0.531
0.308
-2.466
5.895
0.716
4.123
2.311
1.813
1.815
-0.982
-1.066
0.110
-0.041
-5.535
0.312
1.720
-2.776
-2.217
0.506
1.337
-0.051
1.179
0.669
-0.573
0.265
0.275
0.404
-0.008
1.168
2.625
1.393
-5.191
-2.978
1.771
-1.605
3.168
-3.197
2.330
-1.749
3.044
-1.423
-1.971
0.543
-3.172
-1.925
2.434
3.834
-0.195
-0.839
-3.306
1.873
-0.711
-2.555
1.017
-2.815
0.715
-0.591
0.811
-3.137
0.826
-3.915
1.001
0.135
-4.147
0.318
2.026
-0.715
-2.773
-0.680
-5.090
1.109
2.155
-0.776
-0.270
3.021
4.042
2.104
-2.084
3.318
1.831
0.921
1.095
2.912
-4.115
-0.014
-2.383
1.335
-1.610
7.757
2.155
-2.445
2.650
-0.632
0.571
0.009
-4.034
-1.100
-2.356
-5.442
-0.923
-0.277
-3.177
2.939
1.243
0.596
1.585
1.661
0.992
4.058
-4.678
1.627
-0.548
3.710
1.234
0.077
3.810
-0.089
1.355
-1.161
0.666
5.307
2.415
1.373
-2.947
6.009
-2.580
0.521
1.458
1.865
-1.345
1.959
-2.596
4.329
-2.732
-0.895
1.721
-0.060
3.988
3.371
1.535
-1.375
0.049
-3.155
-1.670
-0.234
2.460
1.369
-0.297
-1.471
2.185
-1.036
1.983
1.592
2.911
-1.704
-0.715
0.345
-0.389
-1.267
-1.288
-2.721
-1.504
2.027
2.490
1.057
-0.239
0.094
3.735
2.401
-5.920
-1.695
-0.896
4.025
1.868
-3.104
2.018
7.244
2.327
-1.736
3.954
1.154
-1.267
0.467
-0.231
-1.332
-2.572
-1.094
0.230
2.259
-2.712
-2.961
0.602
-0.440
-0.595
-1.856
-1.739
-2.344
-3.950
1.160
1.537
4.342
1.766
0.265
1.488
-0.546
-1.696
1.905
1.104
-2.714
0.259
-1.647
2.558
-0.675
4.448
3.180
-2.269
-1.250
1.963
0.484
-0.322
0.483
0.051
2.768
-0.334
1.475
1.463
3.334
0.181
0.726
1.248
-1.208
-0.030
-1.830
1.999
4.110
-4.232
2.745
0.244
3.380
0.975
2.681
0.099
0.465
2.662
6.237
-0.916
0.627
-1.389
-0.223
-0.882
-2.044
1.569
0.839
-1.797
-2.445
2.432
-0.837
5.733
0.147
0.455
-0.194
-3.035
-3.041
3.679
3.561
-2.012
1.545
3.548
-2.831
0.323
-0.910
0.746
3.308
1.305
1.765
-4.975
2.030
0.264
5.532
1.788
-0.434
4.878
0.178
1.011
-2.969
-1.165
-1.375
-0.088
-2.576
-3.780
0.606
-3.173
2.097
5.079
0.895
0.981
-4.980
1.849
0.169
1.499
-2.460
-0.292
3.304
-1.479
-0.428
2.515
2.021
2.886
-1.364
-0.024
-1.805
-1.951
-1.938
0.253
4.159
3.396
1.645
-1.839
-2.098
-0.344
1.332
1.689
0.925
0.127
0.863
-0.972
-3.111
-0.345
0.789
0.043
-3.309
-0.160
-1.122
3.557
1.698
-6.879
0.471
-2.378
-3.137
-5.145
2.454
2.782
-3.250
3.036
5.396
-0.146
-1.818
0.175
3.155
3.508
0.266
-1.855
0.933
0.116
0.636
-0.578
0.810
-4.124
1.211
3.077
-0.106
0.652
-3.504
1.599
2.575
4.288
-5.349
1.618
-3.826
1.289
-0.980
1.551
1.384
0.549
-0.746
0.739
2.603
0.992
2.247
-2.983
0.504
-0.812
2.216
1.624
-0.883
0.719
0.013
1.291
1.186
0.514
-2.861
3.914
2.883
0.565
1.595
1.793
-1.307
3.331
-4.527
-3.740
-1.365
1.156
0.670
0.525
0.178
-0.420
-2.711
-2.954
-2.732
-2.273
-3.045
-3.096
-0.307
2.884
1.407
-1.873
-1.306
4.903
-0.848
-2.259
-0.342
-1.016
-1.705
0.433
3.390
-2.819
1.282
2.721
1.431
2.833
1.640
-1.324
4.660
1.598
5.833
-4.118
6.086
2.423
1.479
-1.863
2.129
3.225
-3.868
1.718
-1.201
1.737
-2.122
3.401
0.158
2.149
2.669
1.068
-1.735
1.869
0.120
0.806
-0.526
-3.946
0.491
-1.086
1.070
0.264
-0.913
5.470
-0.400
0.542
4.858
-2.070
2.366
-1.443
-0.204
1.301
3.101
-2.104
0.964
-1.433
1.898
2.677
1.953
-1.582
-2.297
-0.063
-2.596
1.584
3.742
-1.539
1.605
-1.552
3.365
2.778
0.158
2.186
2.359
-2.511
1.538
-1.143
0.648
-0.476
0.419
2.559
-2.394
-3.848
-0.724
3.003
-1.806
-0.888
3.151
3.673
2.012
1.329
2.753
-0.647
2.012
-1.564
4.234
2.854
1.930
-0.471
2.014
0.306
-0.985
1.754
-4.216
2.478
-2.122
2.109
-3.226
-0.643
1.439
2.440
-1.308
-1.870
2.803
4.913
-1.834
-5.925
4.000
-0.003
-1.823
0.490
5.017
1.928
2.223
0.738
1.495
4.424
-1.816
2.174
0.267
0.199
-2.397
1.360
1.747
-0.098
3.823
0.550
-4.746
1.670
-2.440
3.778
4.853
2.767
0.349
1.792
-1.445
1.820
-1.558
4.861
-2.016
-3.582
-0.045
1.772
5.912
-1.387
0.500
0.348
-2.177
-2.053
-4.176
4.016
-1.557
-4.656
-0.578
3.275
1.587
1.576
4.235
2.851
-5.931
-0.796
1.393
0.804
1.684
6.790
-1.977
-5.049
-5.490
2.562
-0.034
-3.223
-0.214
-0.802
-0.498
-4.242
1.773
2.073
0.659
0.167
0.779
0.468
-3.911
-1.661
0.864
-1.415
2.471
-2.894
5.987
5.327
-0.330
-3.243
-0.937
3.263
-0.464
1.296
0.473
1.723
1.552
-0.362
3.838
1.572
3.186
-0.238
-0.048
6.783
0.261
3.358
-3.144
1.208
-0.629
4.043
-1.272
-0.679
1.741
-2.173
0.656
-1.094
0.687
0.131
4.756
1.460
-2.785
-1.856
-0.699
-1.330
3.757
-0.990
0.261
1.793
7.048
-0.001
4.337
-0.685
2.693
-1.659
2.272
-0.543
2.540
2.285
1.853
1.377
-0.795
2.089
-3.494
6.478
1.897
1.651
1.483
-1.435
-1.082
0.928
-0.818
-2.494
0.157
1.191
0.321
2.876
0.742
4.155
5.886
0.031
-2.326
-2.395
0.232
2.275
-0.485
0.413
-0.898
-0.411
0.612
2.692
2.589
-5.016
1.980
1.906
0.139
-0.459
1.802
0.666
-0.199
5.562
1.576
-0.925
2.142
1.401
1.262
2.436
-0.784
0.983
-1.682
2.282
0.392
-1.597
0.232
0.913
2.516
3.280
2.591
1.643
2.126
-0.283
-2.270
-1.247
0.466
-0.138
-0.238
1.002
2.730
1.028
-0.813
-2.565
-0.024
-4.556
2.966
0.583
4.598
3.563
1.672
-0.851
-0.539
4.090
1.507
-2.803
-0.450
3.737
2.996
1.328
3.623
-2.633
-1.074
0.089
-0.854
2.149
2.272
1.571
-2.098
4.597
1.164
-3.473
-2.539
-1.472
4.315
-1.745
-2.194
2.978
2.498
-0.991
1.570
-0.256
1.837
-0.383
1.619
0.406
-1.066
2.585
0.519
2.707
1.578
0.252
3.178
0.966
1.475
-0.356
-0.750
0.801
-1.794
0.721
0.845
-2.114
3.446
3.845
3.636
-0.057
0.781
-0.463
2.134
-0.052
0.880
1.240
-2.264
0.278
2.564
9.541
-3.881
-1.167
-1.079
-2.625
5.061
0.268
-0.037
1.869
-1.048
2.123
-1.028
3.690
0.687
3.689
1.837
-5.247
-2.558
4.306
-0.393
-3.888
-0.823
-0.492
3.420
-1.624
0.100
3.008
-0.750
-1.658
1.265
2.258
0.211
1.874
-0.911
-4.365
2.465
-2.053
-1.089
0.914
2.685
0.163
-0.850
3.918
-0.380
-0.259
-3.426
0.630
3.826
-3.138
-1.351
0.261
1.645
1.075
0.445
-1.236
3.632
-4.712
3.079
5.210
2.128
-1.066
1.042
-2.435
-1.945
1.646
1.749
1.233
-2.515
5.991
1.721
0.068
0.549
-1.114
-1.717
6.283
-1.686
-1.237
-0.442
-1.357
0.378
-0.674
0.044
-0.423
-0.207
-3.343
-0.399
0.053
-0.305
-0.275
2.557
-0.878
2.780
5.179
-1.210
1.252
0.931
0.476
-3.531
2.481
-0.551
3.141
0.313
3.074
1.582
2.183
1.853
0.019
-0.519
1.429
2.026
0.333
2.218
-1.422
0.962
3.097
0.960
0.082
2.531
4.135
1.781
-3.443
-1.494
2.800
-0.789
0.561
-0.880
2.437
1.622
-1.170
2.410
2.545
1.793
0.933
9.243
-3.034
-0.331
0.371
3.405
-0.268
3.110
-0.998
1.488
2.475
-1.082
2.252
3.848
0.171
-1.953
-0.330
0.200
2.719
-1.738
1.957
1.759
1.557
3.313
1.051
-0.927
0.266
0.519
-0.794
-3.093
0.668
0.968
0.261
0.480
-1.793
-5.399
-0.260
-2.855
1.229
-2.216
0.245
-0.357
-1.419
2.756
-2.376
-5.300
-2.577
4.016
-0.296
2.954
0.314
3.238
-1.624
1.033
2.261
-2.689
-2.121
-0.251
1.495
-1.555
3.084
2.637
0.200
1.422
2.102
2.395
1.555
-1.048
-3.604
0.732
3.344
3.543
1.115
-0.744
2.564
-2.285
-1.130
-3.086
2.745
-3.577
1.330
5.932
1.314
-1.976
-0.653
-3.273
-1.798
-1.365
-1.650
0.679
-6.324
-2.632
1.727
5.388
1.384
-1.662
2.389
2.975
-1.455
-1.714
4.221
-2.242
4.557
1.699
3.432
2.783
2.861
-2.398
2.088
3.397
-0.226
-4.421
-2.797
-3.435
-0.569
-3.009
-1.157
5.209
2.373
1.832
3.071
-2.735
-1.913
0.598
-1.251
-0.542
1.840
2.615
1.638
3.108
-6.039
5.189
2.311
-0.505
-3.194
-0.071
-1.562
3.256
1.980
-1.199
-3.011
-0.244
2.759
1.660
-3.018
-0.911
2.702
0.034
0.226
4.885
-2.213
3.047
-0.666
-0.531
0.795
1.110
1.818
-0.031
1.972
0.678
-0.968
-2.633
1.871
1.083
-1.241
-3.050
-1.057
-4.343
2.691
0.086
0.982
-0.621
4.599
2.032
-0.539
-0.472
-1.150
-0.006
1.274
1.188
-0.297
3.831
-4.474
-1.058
2.003
3.729
0.822
3.943
4.457
-0.506
-1.674
-1.722
-3.074
-2.599
-1.924
-2.449
2.811
-0.721
-2.982
-0.583
0.951
-0.277
-0.171
-4.039
2.534
-0.494
-2.772
0.094
-0.841
0.644
6.484
-1.445
2.139
-0.437
-0.585
3.364
0.786
4.220
0.226
3.627
-0.453
-1.294
1.400
0.634
-2.861
0.828
-1.478
2.311
-1.243
-0.523
-2.110
2.761
1.376
5.813
3.375
-0.709
-3.372
-1.156
-0.028
-3.975
-1.689
2.788
-1.711
-1.747
1.594
-0.950
0.379
1.292
-1.134
2.202
2.008
1.130
3.977
2.460
-0.303
-1.479
0.722
0.184
0.209
-0.992
0.448
4.099
2.003
0.679
3.321
2.095
-0.435
0.223
2.512
0.924
1.373
-2.658
-0.913
0.212
3.066
4.888
-1.811
-1.140
1.423
5.454
-2.041
-4.361
0.744
-2.888
1.712
2.225
-0.178
-0.729
-1.360
0.506
-2.814
-0.755
-1.403
1.013
1.186
3.734
-2.001
-0.480
2.595
1.487
-1.235
-2.825
4.791
-3.472
-2.645
0.799
2.656
-1.755
1.987
-2.072
2.273
2.302
-1.757
2.457
-2.004
-5.604
-0.003
1.276
2.171
2.926
-2.146
0.323
-0.709
0.320
5.872
-0.110
-2.003
-0.264
2.379
1.513
2.847
4.786
4.684
-1.576
2.148
-3.847
2.970
-3.366
-3.355
-0.105
2.585
-1.904
-0.920
-1.654
0.705
2.562
0.392
-1.140
4.031
2.794
-1.530
-1.794
-0.625
2.703
-5.869
3.493
-0.509
-2.588
0.690
1.025
2.440
3.102
1.180
1.564
0.504
1.946
-1.115
-0.591
-3.411
4.313
-1.165
2.931
3.371
-3.359
0.678
1.925
-0.973
-2.932
3.911
1.906
0.449
-2.161
-2.086
0.752
-0.766
0.876
1.245
-0.733
4.415
-1.463
-1.927
1.358
1.506
-2.054
-0.474
-3.347
-1.006
2.277
-2.755
-2.269
-1.639
3.088
2.749
-4.684
-3.938
0.562
-3.509
3.247
-4.929
-1.455
0.849
3.886
0.340
1.110
0.776
2.608
1.089
2.121
2.168
2.965
-4.866
-3.301
1.974
5.063
1.131
-0.269
2.715
3.521
1.966
0.264
0.469
0.981
3.531
1.360
1.391
2.644
0.231
0.968
5.065
-1.176
-1.019
-1.712
1.108
1.251
-4.250
2.664
-2.247
1.430
0.655
-6.450
-5.331
-2.342
3.177
-4.147
3.019
-3.889
-4.896
1.062
0.267
-3.873
-2.535
1.082
-0.541
1.840
-0.457
2.719
-2.402
1.760
-2.693
1.088
1.885
-2.201
1.257
1.703
1.549
-1.441
-0.523
4.452
-1.774
0.687
-0.146
1.160
3.721
-1.070
1.227
2.051
-0.446
-1.687
0.592
0.405
-3.581
-1.538
2.093
-0.731
1.457
-2.171
0.651
0.647
1.068
-0.555
0.731
4.898
1.357
3.884
-0.065
-5.867
2.153
5.067
0.681
-1.020
0.563
3.149
0.677
-1.270
-2.019
2.065
7.866
-2.457
1.853
2.001
-2.341
2.283
5.236
2.642
-0.530
-2.918
1.425
0.001
1.928
-0.369
-1.845
0.524
3.145
2.303
-0.326
-2.480
-0.346
-0.409
0.229
5.101
-0.394
0.667
2.215
1.567
3.868
-0.955
-1.241
-0.533
-1.881
0.480
0.725
-0.449
1.663
1.732
-1.402
1.729
-2.419
-1.876
3.784
-0.195
-0.136
4.351
0.771
-0.271
-1.809
1.467
3.829
0.189
3.443
0.002
-1.463
-0.816
-1.438
3.656
3.065
1.286
-5.340
3.897
-0.565
-1.143
-0.449
0.446
1.383
2.961
1.618
0.419
-0.542
-1.757
1.262
1.621
-1.483
-2.180
2.231
-0.663
-2.453
-1.922
1.589
4.122
2.787
-4.158
0.119
2.308
-3.192
4.235
-3.974
1.802
-0.491
0.874
0.556
-1.751
1.636
-0.194
1.750
-1.211
-0.236
1.686
-1.386
3.161
1.059
5.109
-0.044
1.006
-0.191
0.364
1.683
4.234
3.784
2.224
-2.212
-0.534
1.753
-1.560
0.310
0.735
4.719
-0.027
-3.426
2.200
2.858
5.819
-0.706
-2.945
1.196
1.608
1.738
-0.618
1.378
0.606
-1.002
-2.283
-0.427
0.188
1.998
0.274
-0.879
1.638
0.176
-1.318
1.168
1.953
0.136
4.310
3.315
1.601
-0.526
-4.018
-2.570
2.487
-1.867
1.334
-1.795
-0.084
-0.803
2.357
2.526
-3.531
3.589
-0.278
2.956
3.507
-1.003
4.238
-3.942
-2.136
-0.654
-2.129
-3.121
2.813
-0.724
0.538
1.974
2.967
4.074
-1.745
4.063
0.738
0.754
-0.319
1.091
4.055
1.928
2.987
-1.738
-0.687
0.548
1.560
1.180
4.665
-1.248
1.469
1.572
-0.612
0.194
-1.241
1.059
-2.814
4.410
-0.236
-1.362
-3.820
-0.501
-0.219
1.084
-0.153
7.301
-2.699
1.824
1.324
-2.885
-0.432
5.988
-0.906
5.199
0.084
0.428
-0.549
-2.033
-2.563
-1.106
2.156
1.649
-0.540
4.860
-1.673
1.449
-2.790
1.075
1.586
-0.122
0.457
-0.794
2.583
2.450
1.402
2.031
1.677
-0.635
1.204
2.159
-0.141
1.718
-2.822
-2.494
0.549
-0.400
2.991
-0.092
3.107
0.287
1.193
-0.661
0.061
-1.403
-2.195
2.582
2.930
2.584
3.010
0.868
-0.705
-1.328
-3.863
1.636
0.658
1.256
1.795
3.680
-0.438
1.496
-0.843
-3.744
-0.075
3.854
-0.091
-1.780
1.274
2.486
1.578
3.603
-1.895
3.684
-4.577
-4.523
-3.161
1.502
-3.271
-1.182
-0.666
2.141
3.418
2.515
-3.084
0.779
-0.539
-0.043
0.192
-0.764
-1.392
-0.726
-1.309
2.789
0.196
2.775
2.973
3.676
-2.669
0.981
-2.629
4.759
1.763
-0.777
-0.407
2.364
-0.534
-2.907
1.429
3.309
0.174
2.150
-1.070
0.652
0.590
-0.491
-1.917
-1.401
-1.294
-0.753
0.022
0.697
0.693
0.104
0.386
-1.706
0.808
-3.408
-2.077
-2.147
-1.021
1.044
0.769
1.006
2.291
0.783
-2.067
0.421
-1.889
-0.453
1.305
-0.055
1.893
0.370
-3.284
-0.597
1.875
1.446
-2.222
-0.755
0.846
-0.903
-0.464
0.947
4.748
1.094
2.014
-1.779
-2.638
-1.751
-0.071
0.894
1.503
2.489
3.368
-4.642
-2.004
4.342
1.188
0.094
-4.998
-2.759
2.473
-0.774
1.657
-0.611
5.587
0.244
-3.226
1.743
0.530
-1.144
0.831
2.861
-0.225
-1.942
0.847
-1.191
1.136
3.391
-2.391
-4.080
5.852
0.669
-2.642
-2.053
-0.790
1.075
-5.450
2.027
-1.299
3.910
1.277
2.497
-0.212
0.939
3.672
-1.695
1.411
1.636
3.620
-1.188
-1.686
3.204
-0.190
-1.807
-0.839
-2.976
0.283
-6.564
0.988
-3.350
3.395
-1.344
-1.637
0.451
1.294
0.435
-3.541
0.632
0.161
0.069
1.739
-1.506
-2.368
1.826
-4.328
1.029
-2.559
3.716
-3.142
-3.091
5.941
3.380
-1.587
-2.617
-1.873
1.215
1.032
-0.607
4.468
-1.537
-4.187
6.757
2.545
-0.142
0.851
0.640
-3.545
0.310
1.387
1.270
-5.371
0.802
1.466
0.228
-2.565
3.497
0.270
-0.163
-0.024
-3.167
5.042
3.061
-1.306
-4.267
1.615
2.146
0.507
-0.457
-3.649
1.786
-3.689
1.012
2.094
-0.389
-0.259
-5.701
-1.875
-0.799
-3.525
3.429
-1.514
-0.766
4.630
2.802
4.570
3.411
2.014
-1.576
-3.185
2.264
-0.959
-5.283
1.399
0.906
-2.774
3.702
-1.740
5.697
3.504
2.776
-1.107
0.766
0.994
-0.346
0.389
4.509
-1.327
1.447
-1.004
-3.428
2.897
1.320
2.712
-1.949
-1.142
1.296
2.206
3.214
0.108
1.559
4.640
-0.569
1.025
0.001
0.854
3.676
-1.078
-1.672
2.453
3.973
-3.149
-0.462
1.106
0.457
0.684
0.513
-1.412
-5.798
0.288
-0.196
-3.237
-1.281
2.488
-0.121
0.798
-2.218
1.774
5.688
1.606
1.401
0.954
-1.234
2.654
0.058
4.487
4.638
-0.941
2.189
-1.061
3.142
-1.765
0.918
1.596
2.199
-2.102
1.445
0.866
-2.373
3.126
4.206
0.494
0.031
-0.532
6.431
2.604
-1.366
-3.471
-0.674
-0.659
0.963
0.457
3.097
-6.150
1.641
2.495
-3.963
-1.732
-0.811
1.565
-0.642
0.268
-1.542
0.503
-1.165
-1.756
0.687
2.424
0.979
-0.190
2.771
-0.750
0.159
3.158
-0.683
-0.948
2.135
-2.046
3.234
-4.300
0.529
-1.212
1.165
3.864
-2.427
-3.022
3.111
-0.203
0.152
-0.288
-0.520
-1.840
-0.232
-1.673
2.753
-0.977
3.496
1.956
-2.055
-2.202
-0.179
-1.408
-1.424
2.366
1.009
3.303
-2.223
-4.049
-1.403
2.934
-1.155
4.278
-0.930
1.752
0.288
-4.354
-1.234
1.502
0.237
-0.701
-0.055
0.711
-6.182
-0.989
-1.591
2.011
2.169
0.758
0.622
-4.479
-1.831
-0.498
0.088
0.338
-4.326
2.690
-2.106
-5.091
2.230
-1.840
2.011
-3.835
-0.622
-1.964
1.293
-1.787
1.293
-0.666
-1.228
2.508
5.039
-0.526
-1.507
0.017
0.609
-3.956
-2.084
-3.265
-2.415
3.835
-5.138
1.244
-0.539
0.934
-2.454
-0.754
3.287
-0.741
3.734
-6.190
1.644
0.450
-3.102
2.548
-1.447
0.905
-2.019
-0.874
2.043
5.996
-1.805
3.349
3.566
1.881
2.192
-1.347
-1.977
-0.785
0.990
-0.373
-1.443
-1.336
-0.380
2.414
-2.239
1.709
1.610
-0.904
1.060
3.197
-0.428
-1.504
-1.959
-1.678
2.248
0.213
-3.495
3.361
-0.083
1.502
1.794
-1.652
-2.603
-1.971
-0.118
1.400
4.822
2.505
-4.365
-0.016
-5.109
2.655
-0.128
0.435
-0.217
0.531
-1.296
0.586
-1.930
1.048
0.999
1.498
0.112
2.844
4.715
-3.332
-2.690
-0.060
-0.735
1.490
1.491
1.069
-3.634
0.821
4.795
1.589
0.190
1.833
-1.726
1.352
0.299
-2.395
0.940
0.456
2.288
0.669
0.845
0.707
0.671
3.084
2.069
-1.901
0.049
-3.030
3.929
-1.322
-1.475
4.731
-1.081
-1.930
1.931
0.329
-1.796
1.158
1.855
2.422
0.960
2.479
2.382
-0.761
4.448
1.913
3.697
0.018
2.382
1.004
2.678
-0.655
-0.984
3.308
0.933
2.708
-3.037
-1.584
-0.905
3.465
3.373
0.560
1.504
0.754
-2.044
0.493
-1.818
-0.564
-0.189
4.312
0.729
-0.628
1.823
-1.236
6.728
1.382
-5.584
-1.580
4.673
0.705
-0.785
1.323
-3.465
-1.982
-3.028
-0.533
4.212
1.784
1.499
-1.234
2.221
-1.513
-0.141
2.161
0.155
2.545
-0.131
3.609
1.352
-1.766
-0.954
-0.186
2.647
4.760
-3.219
-0.577
3.293
0.216
-0.023
1.729
-2.882
1.806
1.085
0.824
2.943
0.185
0.447
0.783
-4.565
2.865
1.775
1.646
1.167
3.610
0.861
-0.164
-3.812
-2.698
-0.381
0.590
-1.067
-0.201
-1.821
2.616
-0.334
3.179
-0.279
1.219
1.474
0.735
-2.300
-0.470
-4.634
4.292
-7.715
2.371
0.610
-3.818
0.975
-2.306
1.388
0.212
0.901
-0.536
3.542
-2.088
-1.269
-0.061
0.105
-2.366
-4.439
1.203
1.136
4.437
3.354
0.509
-1.271
3.058
-1.686
2.493
-3.093
5.068
-2.214
-2.026
-4.226
-0.604
1.396
-1.085
-1.783
-3.128
1.022
2.019
0.743
2.011
-2.566
-1.169
-0.131
3.416
3.402
2.254
2.195
-1.544
0.598
-3.650
2.195
-0.249
5.250
0.977
-1.463
-0.307
-1.165
-1.046
0.296
-2.018
0.210
-4.388
0.735
-1.473
-2.886
2.088
-3.896
1.850
1.475
-1.791
-0.309
0.988
0.907
2.543
2.107
2.834
3.110
0.623
-0.348
0.059
-0.470
3.825
-1.470
3.072
-0.806
3.001
2.095
0.256
0.972
-2.313
1.736
2.624
3.561
-0.430
5.630
-0.412
-0.730
-0.051
-0.029
-3.091
-2.365
-2.582
0.914
3.941
-1.254
0.042
-1.589
1.935
0.991
2.565
-2.064
0.260
-0.211
-0.059
2.738
-1.020
-0.728
-1.550
5.528
-1.937
1.777
-2.938
1.460
-2.406
0.715
1.097
0.170
2.045
1.466
-1.289
1.531
0.895
2.647
-3.134
0.619
0.579
-0.542
2.892
-1.355
2.060
-1.388
3.533
1.323
-3.387
3.078
1.699
0.569
-1.185
-1.699
1.563
-3.349
-1.274
2.025
-3.026
-2.917
1.601
-0.289
4.345
-0.382
-3.373
3.070
-2.841
-2.074
-0.456
0.740
1.264
2.656
-5.831
-1.909
2.890
-1.797
0.228
3.583
-0.061
-0.279
-0.034
3.441
-3.497
4.640
-0.193
-0.469
-1.597
-2.374
-5.263
3.272
-4.968
0.227
-0.711
1.053
-4.440
-1.632
1.489
0.793
-1.243
0.598
4.485
2.964
2.682
1.669
0.785
-1.291
0.483
5.070
2.557
-0.510
-4.679
2.168
2.597
-0.953
-1.253
-4.327
3.364
-0.646
0.976
-2.287
-3.125
3.939
-0.585
-1.451
7.316
2.714
-1.382
2.119
-3.502
-0.416
-1.661
1.354
4.326
-3.716
4.807
2.149
-2.048
-2.002
-1.365
-1.729
-1.654
-4.004
-0.119
2.142
-1.028
1.064
3.051
-3.238
-1.252
-3.264
-3.014
3.617
-0.861
1.461
0.747
2.050
0.704
0.606
-3.209
0.434
0.407
-1.910
-4.615
0.938
3.288
-3.897
-0.054
-5.010
1.910
3.192
0.116
1.849
0.503
-1.979
0.027
0.284
0.001
1.241
0.668
-0.116
-1.189
1.549
1.383
0.775
-1.641
-2.365
1.972
-1.790
-0.460
-3.383
1.413
-2.625
-2.749
-2.024
1.380
-0.169
-1.171
4.316
1.603
-4.430
-1.746
-4.397
-0.797
2.837
0.947
-0.211
-0.782
1.118
-3.716
0.061
0.755
-2.707
-1.781
5.072
1.616
-3.741
-1.451
0.280
5.890
2.486
2.966
1.305
-2.013
4.178
2.401
3.411
4.432
4.084
0.311
1.006
0.813
2.578
1.147
0.698
0.097
-0.007
1.072
3.466
-1.935
0.525
1.179
4.325
-0.687
-1.521
3.973
1.573
-0.664
2.883
-4.154
0.222
1.056
1.765
-1.633
-1.673
4.047
0.389
0.732
-1.398
-1.851
-1.012
3.219
-1.143
-0.218
4.220
5.478
-3.170
-4.751
-1.360
-1.997
1.495
0.317
0.040
2.456
-4.757
-1.133
0.070
2.827
0.209
1.337
-0.431
0.247
-0.353
-0.202
0.531
3.821
1.344
-0.143
1.657
0.787
1.759
-0.595
1.531
1.574
-3.057
-0.574
-0.061
-0.432
-2.119
-5.582
2.818
-4.849
5.099
-0.217
-1.252
-3.370
-3.634
-1.790
0.808
3.739
-3.368
1.212
-4.092
-1.824
1.556
-2.091
4.055
2.162
1.539
-0.989
-1.730
-0.746
0.950
0.948
-1.615
-1.393
-3.364
5.821
-1.804
-3.693
-5.620
-1.262
1.324
0.098
-0.104
2.101
1.751
-1.806
0.975
0.516
-1.072
3.780
-1.515
-1.034
-0.792
2.574
2.959
3.591
2.208
0.110
2.658
1.251
0.053
-0.764
-0.062
-0.794
1.347
-0.160
1.522
1.567
0.368
-0.733
-1.830
0.091
1.054
-2.926
-3.917
0.056
-1.798
2.772
3.482
-2.077
-3.736
1.732
0.839
1.295
2.192
-0.654
-0.123
2.300
1.421
5.263
1.055
0.966
2.465
5.308
2.066
-0.339
-1.237
0.739
-2.290
1.900
1.064
1.594
-3.916
3.583
-2.340
-2.670
-4.492
-1.102
0.718
0.104
2.021
3.412
3.615
-0.265
-0.001
0.020
-0.641
5.209
1.100
1.568
1.983
3.263
-0.201
1.579
1.762
-3.393
-0.820
-0.044
2.725
8.730
-0.698
-0.799
1.412
-3.791
-3.933
0.020
-0.950
3.031
-0.545
-2.785
-2.093
3.202
-1.401
-0.477
-0.376
-1.048
1.083
4.603
1.674
2.321
-1.964
1.242
3.634
-0.207
0.340
2.183
4.022
3.198
-2.692
1.158
-1.105
-0.421
-2.778
-0.289
-1.692
-0.035
1.532
1.028
2.474
-0.819
-3.705
4.182
1.665
1.776
1.644
0.969
2.730
-1.225
2.244
1.205
0.666
-0.827
0.952
-0.150
2.405
-0.759
-2.123
1.706
5.407
0.965
0.002
4.642
1.453
-0.006
4.468
-1.420
-0.450
1.164
7.131
-1.872
-2.372
0.893
3.925
2.518
-1.265
-2.407
-1.223
0.600
1.103
-0.230
-0.290
-0.309
1.801
1.187
1.844
1.171
-4.138
0.376
-1.258
4.146
-2.402
-4.239
2.247
0.940
0.682
1.322
0.130
-0.755
0.751
-2.197
3.908
-1.215
-2.567
1.280
-1.634
3.217
-4.437
-3.610
-0.543
0.663
-1.424
-0.289
4.500
-1.333
-3.514
-0.210
-2.368
1.729
1.543
0.030
1.257
-2.217
2.617
-1.011
4.379
-0.425
-0.731
-0.122
1.755
3.821
1.208
5.478
-1.623
-0.141
-2.309
-0.859
-1.234
-3.170
2.595
1.770
-0.610
1.120
-0.642
-0.188
1.564
0.309
0.391
-4.239
2.320
3.478
2.813
-0.930
2.695
1.388
-1.727
-0.375
0.110
-5.245
0.817
-2.346
-2.184
0.724
-0.477
-2.050
0.715
-1.710
-1.717
3.174
0.734
1.143
4.112
-0.208
-1.172
-1.134
4.791
0.121
-1.883
0.670
-1.143
-0.634
4.260
0.653
-2.720
-0.707
-4.093
-1.471
2.756
-1.385
6.692
-5.921
-0.714
0.621
0.496
1.702
-0.309
3.358
-2.601
-0.221
-2.325
-0.838
-0.267
1.834
-2.082
-0.318
0.400
0.696
-2.317
0.911
3.151
3.122
-0.317
1.597
-0.039
2.907
1.978
-2.434
-0.017
-1.226
0.122
-2.416
0.065
-0.020
0.046
0.959
-3.351
2.223
2.365
3.724
0.117
0.975
2.860
-1.335
1.530
-1.418
1.591
1.292
-1.800
1.576
-0.701
-0.038
2.305
2.935
1.346
0.381
2.042
-0.431
2.499
-1.132
-0.172
-1.880
0.148
3.988
4.007
4.258
-1.188
6.848
3.190
2.795
0.949
-3.399
-1.153
-0.652
-0.007
-0.675
0.283
1.498
0.531
-0.130
-0.275
3.752
-0.577
2.219
0.402
-4.127
5.918
3.308
5.784
2.471
0.482
1.729
-0.796
-1.693
5.379
-0.334
0.684
1.480
-0.212
2.663
0.111
8.800
-4.224
-1.253
2.935
-3.419
0.822
-0.447
0.069
3.257
0.700
-1.452
2.795
0.911
-2.963
-1.255
0.148
2.195
0.042
2.644
0.520
-1.277
0.487
2.101
-0.092
-2.294
0.822
-1.830
3.948
3.083
-0.211
1.447
0.138
3.959
-3.514
0.818
-1.936
1.365
-4.170
1.139
5.003
-0.960
-3.268
1.934
-0.409
2.614
2.988
2.826
0.288
4.727
2.257
-1.386
-1.211
3.480
1.955
-1.381
-0.508
0.197
2.319
-0.185
3.505
1.219
3.621
-2.402
3.951
3.157
0.530
-0.910
3.476
-0.750
0.337
1.563
-2.375
-0.089
-1.862
-3.385
5.352
-1.222
1.847
5.377
-1.170
-2.675
4.579
-1.886
-0.636
-1.018
0.721
-4.021
1.843
1.467
2.427
2.378
1.439
-0.384
0.491
-1.214
0.815
-1.546
0.679
-0.706
-1.612
2.871
2.254
0.487
-3.833
-1.760
0.165
1.485
1.525
0.906
0.423
-0.167
-1.158
4.323
2.828
1.749
-2.372
-2.488
0.273
-0.882
-2.385
0.600
-4.171
0.131
1.573
1.495
-3.983
-4.096
-0.160
-1.165
-2.571
-4.816
-1.767
0.105
-0.217
-2.538
-2.057
-0.469
-1.640
1.124
1.692
1.438
-2.275
1.151
1.212
3.917
5.089
3.326
-0.748
-1.502
-0.132
-1.022
5.376
2.643
1.845
2.278
3.641
1.834
-0.109
2.131
2.111
-2.331
6.112
-1.122
4.052
-0.035
3.131
0.479
-3.114
2.916
3.886
0.333
2.409
-1.313
0.501
3.011
1.267
1.579
2.814
4.399
3.066
1.146
0.315
0.811
-2.731
0.993
-2.398
-0.548
2.151
-0.595
3.732
0.253
3.240
-0.313
0.092
3.118
-0.075
1.249
-0.670
-5.155
-1.083
3.859
1.155
2.495
2.581
2.220
4.179
-0.414
3.914
1.960
1.419
-4.584
1.314
2.552
0.909
3.351
3.459
-0.319
0.613
-0.287
-0.662
0.589
0.913
-4.667
0.256
1.322
0.661
0.180
-2.076
-2.785
-0.927
-4.000
0.246
-1.670
0.834
-0.996
-4.318
-2.005
0.797
2.221
-0.306
0.954
-0.090
-0.169
-1.597
0.274
-1.121
3.656
-1.270
0.773
-2.209
-0.129
-2.074
-1.017
2.691
0.241
2.339
-0.156
2.113
2.314
2.060
2.632
1.521
-0.677
-3.049
-1.477
1.290
3.020
1.524
-0.398
-0.673
0.433
1.807
0.436
-0.850
-1.688
-1.369
-1.318
0.196
-1.592
-0.993
1.996
1.759
4.421
1.167
-3.027
-3.348
0.654
0.234
-0.250
-2.484
-1.957
2.931
2.798
0.985
1.846
-2.403
1.110
-1.209
3.337
1.511
-3.364
-2.582
0.153
-1.830
3.029
-4.101
0.182
-3.455
-0.558
-2.628
0.182
-1.845
-1.313
2.903
-0.726
-6.223
-0.049
3.744
1.213
2.567
-1.116
1.878
-0.750
1.117
3.164
-2.230
-3.963
-0.660
1.140
4.303
0.560
1.854
-1.297
-1.230
1.182
4.161
0.408
0.988
-1.286
-1.004
3.040
-3.143
-1.480
-0.224
0.611
0.134
2.248
7.445
-2.187
1.004
-1.262
2.579
4.769
0.216
2.759
-1.972
3.391
4.490
0.036
1.960
-2.642
-1.138
1.656
6.046
-4.017
0.815
3.383
4.742
-0.131
3.460
2.127
4.614
-0.125
0.585
-1.136
-0.357
-0.371
-1.605
4.662
0.502
-0.803
-0.612
-3.363
1.817
-1.723
-1.121
3.080
-0.938
1.454
-0.973
-0.872
-1.161
-0.088
-2.983
2.180
7.092
1.779
-1.864
1.972
-3.355
-1.494
-0.701
2.858
2.026
-3.076
2.304
-0.983
1.810
-1.472
0.096
-1.630
0.104
-2.497
-1.698
-1.176
-1.979
-0.559
0.551
3.534
-2.337
-2.140
0.430
-3.576
0.936
0.387
1.658
5.720
0.490
-0.947
2.659
0.321
-0.044
4.639
2.152
-1.934
-1.862
-2.855
-2.291
3.058
-0.870
-3.936
1.448
0.756
-0.726
-1.178
0.392
0.526
1.314
-3.847
-2.286
-0.725
-2.851
1.495
1.970
-1.106
1.942
0.894
0.909
-6.557
-0.118
-1.087
0.011
-0.671
-2.527
-0.453
-0.645
2.515
0.012
-1.021
-2.642
6.895
2.738
0.746
-3.056
-3.293
4.360
4.217
1.010
-1.594
-0.967
-1.735
5.337
-0.140
2.299
2.638
-2.733
0.539
-0.325
3.441
1.798
0.220
0.704
-1.296
-1.928
-1.466
1.539
2.554
1.866
-3.409
1.127
1.822
4.440
-2.857
2.926
4.175
-2.279
1.910
-3.717
0.289
-2.143
1.987
0.231
-0.488
1.815
-1.697
0.398
2.019
-0.447
0.665
-0.262
3.783
3.739
0.153
0.070
-2.075
5.767
2.228
2.513
3.773
0.235
-0.293
3.929
-0.949
-0.085
1.097
-2.248
2.274
1.670
-0.948
3.146
-2.465
-0.538
3.936
0.033
-3.210
0.932
-0.325
1.608
2.982
0.189
-5.343
1.692
-2.074
1.574
2.428
2.900
2.386
-0.391
0.069
1.376
2.305
-2.024
2.561
-4.008
-4.658
-3.614
1.599
1.843
0.834
-1.003
1.486
-1.260
-0.432
-1.658
1.903
-1.044
1.279
0.562
4.192
0.517
3.335
2.291
-2.345
-0.986
-0.304
1.658
2.212
1.918
-1.558
0.306
-0.654
1.235
-3.554
0.292
-3.881
-2.253
4.267
4.416
-1.212
1.533
1.506
3.628
0.941
-2.165
-1.618
1.301
-4.036
-3.767
2.379
6.691
-1.147
-0.036
0.156
0.937
-1.703
0.103
2.265
-1.038
0.376
2.835
0.273
-3.338
-5.107
-2.391
3.189
-0.275
1.183
3.462
-2.641
6.743
0.099
1.636
-1.343
-1.968
0.410
-1.114
0.569
-4.761
-2.948
-0.891
-2.381
7.645
0.788
0.991
-2.271
-1.323
-0.859
3.103
-3.054
-0.472
1.409
-5.197
-3.639
-3.019
-0.094
-0.744
2.582
-4.978
-0.645
3.171
-3.428
0.072
2.152
3.728
-2.659
1.244
0.448
-2.142
-2.607
-2.685
9.261
3.181
0.515
-1.676
1.698
-2.571
1.131
2.358
-0.036
-1.090
-0.886
2.676
0.235
4.322
-4.035
-2.694
0.551
1.434
0.188
3.715
-1.917
0.390
2.952
4.626
-0.141
6.793
0.571
4.424
-0.477
-0.020
3.161
2.315
0.308
-2.154
6.652
-0.306
0.520
-4.271
-0.993
2.483
0.004
6.715
1.049
-1.071
4.458
6.239
3.585
0.674
-0.090
-3.587
1.203
1.300
-2.386
0.536
3.039
-0.327
1.131
-4.472
4.723
-1.257
-0.361
0.973
-0.121
2.656
-0.538
-1.041
2.590
-6.206
-2.711
0.932
2.361
2.382
-6.185
-0.812
2.415
-2.115
-0.210
1.432
0.507
1.524
-0.065
1.717
1.774
2.400
2.263
2.714
-0.809
-0.675
0.835
5.052
0.898
4.377
3.903
3.919
3.740
-1.927
-2.239
-1.716
3.035
-0.313
-1.093
-0.651
1.498
-1.322
-0.852
-0.380
2.552
-3.631
0.371
-0.507
1.809
0.076
-1.853
5.508
4.057
0.940
1.771
-1.438
0.851
6.723
3.326
-2.184
1.321
0.546
1.600
4.627
-1.833
-0.135
-2.347
0.866
0.609
5.349
-1.693
2.524
-5.940
4.989
0.419
0.684
-0.185
1.486
-1.077
0.695
3.587
-0.586
-0.378
-0.324
2.649
-0.014
-0.719
0.781
2.901
-2.779
2.145
1.197
1.302
0.395
0.426
2.040
-3.369
-1.590
-3.702
4.698
3.373
-4.863
1.219
-0.176
1.777
1.153
0.009
0.203
2.792
-1.078
-0.572
1.903
2.404
1.054
-0.804
-3.661
-3.562
-0.139
0.748
-0.497
-2.173
-2.545
0.740
3.607
-1.438
0.291
-1.356
1.794
0.049
2.721
0.632
0.638
-1.698
-1.656
1.454
0.902
5.183
-2.283
2.729
0.663
-1.988
-6.070
-1.175
-0.873
-0.878
2.514
-0.749
1.005
-2.995
1.283
-2.769
1.972
2.671
-3.249
4.966
-0.741
1.219
2.185
-1.267
-1.332
-0.667
1.448
1.752
3.699
3.334
3.304
2.448
2.264
-0.618
-0.979
-3.353
3.707
0.464
1.151
-6.401
-1.230
2.687
1.143
-1.238
0.069
5.099
-0.215
0.641
0.334
0.849
3.240
6.307
3.894
0.910
3.213
-3.236
0.307
-1.330
-1.017
2.656
3.630
-2.844
-0.073
-1.214
1.953
3.018
5.789
3.223
3.099
-2.053
-1.271
0.484
6.513
0.533
3.785
-0.655
0.293
0.299
-0.833
1.999
-2.756
-4.037
-0.279
1.671
-1.474
5.932
0.345
0.535
-2.055
1.859
2.811
0.827
1.103
0.933
-1.816
3.809
-0.398
4.495
-2.546
2.526
0.797
0.570
-1.069
1.958
1.636
4.638
1.957
-0.630
-0.683
1.127
3.916
1.280
2.805
1.060
-4.157
1.441
-0.112
3.299
4.315
4.679
-0.063
-0.783
-0.417
0.070
0.747
-1.862
0.400
-4.529
5.513
-0.203
-0.672
1.658
2.363
-4.521
-1.297
3.762
2.449
-2.461
3.198
2.167
-1.591
0.339
-3.732
2.297
4.048
-0.467
0.336
1.364
-0.194
-4.610
2.937
3.244
1.996
3.702
0.034
1.413
-1.331
-1.751
-2.776
1.177
0.561
2.987
-3.828
0.983
4.493
0.633
2.512
5.975
3.626
-3.071
-0.398
1.214
0.195
3.502
0.303
0.181
2.953
-3.031
1.523
-1.166
2.212
-0.528
1.581
-0.961
-4.401
1.216
-2.767
3.942
1.703
2.091
-0.329
0.304
-5.329
1.293
-2.390
1.108
-2.281
1.826
0.787
-2.805
3.593
-0.121
-1.766
2.836
-0.970
-0.057
4.024
1.305
1.834
0.080
-1.240
-0.442
-5.323
1.962
1.770
-3.218
1.259
-6.829
5.475
-1.022
-0.886
2.138
1.470
-3.323
0.462
1.375
-1.656
2.245
-2.707
1.792
-3.235
-0.668
-3.560
2.272
3.350
4.445
-0.642
-1.505
2.784
0.496
-1.184
-1.212
0.420
3.281
-2.182
3.513
-0.083
3.270
-0.147
2.361
-1.643
1.366
1.915
-4.113
4.278
-3.137
2.950
-0.836
2.195
1.371
-0.480
-1.775
-0.239
-0.803
1.234
0.556
-1.560
-2.596
-0.642
0.155
-1.457
1.261
-0.181
2.710
1.248
1.782
-1.022
3.430
0.965
3.511
2.451
-0.141
-1.103
0.596
-0.337
-1.341
-2.191
4.969
-2.900
-4.270
1.275
-1.383
-0.365
-2.938
1.327
1.030
2.632
1.674
-0.345
-3.518
-1.564
-1.690
-2.296
3.457
3.687
-0.881
2.292
0.972
-1.050
0.579
-4.362
-3.423
1.365
2.612
2.522
-2.177
2.467
1.939
1.450
0.012
-0.907
2.112
2.264
-0.150
1.378
1.463
0.103
-1.315
0.519
2.428
-1.730
3.130
-1.416
4.713
2.269
-0.709
-2.898
-0.969
-0.383
-0.442
-1.263
0.431
0.134
-1.542
2.887
3.045
0.385
2.623
1.889
-1.094
1.391
-1.764
-1.905
1.812
1.582
1.431
0.690
-3.761
-3.246
1.249
2.115
-1.357
4.420
-1.185
3.197
-3.634
-1.653
1.183
-0.410
2.333
0.982
3.813
-0.849
-2.274
-0.190
-0.631
-1.260
-1.734
-3.089
3.453
-3.213
0.149
0.661
1.211
0.239
-3.098
-1.552
0.220
0.332
-2.526
1.857
-1.816
4.365
-4.275
1.630
0.688
-0.074
1.832
-1.395
-0.423
-2.271
3.555
-0.952
-1.035
3.488
-3.750
4.319
0.098
2.783
1.594
-4.330
1.955
-2.218
-0.237
4.423
-0.999
3.035
-1.964
3.884
0.066
1.408
0.121
0.406
-2.903
-0.876
-1.388
-2.791
0.536
3.716
-1.790
4.367
0.016
-0.738
-0.296
5.743
1.248
1.252
1.820
-2.814
2.997
-1.641
-1.930
-0.770
-0.230
0.354
-0.385
-0.971
-1.225
0.436
-3.886
0.412
3.403
1.091
2.127
3.661
1.852
-1.042
-0.843
0.621
-2.608
6.413
0.363
3.947
-0.045
0.519
0.242
3.412
6.316
-3.157
-0.234
1.368
-3.840
-1.159
1.366
-0.835
0.407
1.551
-0.902
-1.948
-2.018
-5.028
1.645
-0.042
3.255
1.898
0.535
1.208
-3.805
1.213
-0.149
-1.375
-0.671
1.943
-1.016
-0.230
1.724
-0.263
0.777
0.097
3.002
0.761
-3.584
2.262
-1.208
-0.885
-0.166
5.637
1.607
4.959
0.493
2.111
4.652
2.319
1.340
-2.936
-2.084
1.065
2.779
0.025
1.969
-1.679
-1.176
1.503
0.490
-0.562
-0.930
-3.251
0.294
-3.149
-0.391
-0.054
3.781
-2.175
1.500
0.766
-2.183
0.500
-2.826
0.498
-0.172
2.480
-1.364
-4.983
-1.037
1.843
0.704
-1.025
3.255
-0.321
2.232
0.408
1.964
2.196
3.566
-1.524
1.720
-2.605
1.693
-3.698
4.974
1.150
0.891
-3.598
2.779
3.340
-0.199
-0.696
-0.552
4.495
0.115
0.747
2.630
-5.503
0.154
-0.327
0.714
2.287
2.688
-0.215
0.002
0.409
2.168
3.105
-3.022
1.251
-0.130
5.267
-2.295
-2.434
-1.075
1.774
1.799
-0.964
2.790
-0.694
2.394
-2.993
-1.965
-0.646
0.204
-1.663
-1.701
1.433
2.313
-1.515
-2.871
0.583
1.464
-2.169
4.368
-1.757
-0.285
-0.247
-1.602
4.706
-1.891
4.518
-0.372
-0.368
-1.207
1.986
5.110
-1.004
-0.375
3.860
-2.332
-1.525
3.637
1.362
-1.726
1.842
-3.348
2.954
-4.372
-2.102
1.249
-2.679
0.375
1.709
-1.423
0.064
2.362
1.426
3.993
-1.665
-2.041
3.509
1.262
-0.255
-1.052
2.304
-0.577
2.220
3.390
0.599
-2.908
1.714
3.008
3.230
0.746
-3.768
-0.740
-0.842
2.399
1.340
2.508
-1.283
0.861
-5.156
-0.632
-3.211
4.524
1.471
1.373
-2.590
0.040
1.935
-1.742
-0.747
3.005
-2.223
-0.686
-1.613
1.164
2.210
4.205
1.300
3.344
1.231
-2.930
0.446
0.482
2.908
0.124
-0.541
-1.694
-0.277
0.136
1.781
-1.607
5.967
-1.820
-2.720
1.574
-2.718
0.411
-1.312
1.916
0.722
3.092
1.367
0.464
0.841
-1.975
-1.329
0.876
1.777
-0.431
-0.160
-0.596
1.253
0.359
1.836
-1.132
0.220
3.976
5.238
-0.215
3.508
3.393
2.318
-3.913
-3.058
-0.866
-0.849
-1.842
1.685
1.818
4.649
-1.106
-1.212
0.799
-2.741
4.837
-0.508
0.159
0.677
-0.005
-0.311
6.002
0.557
1.507
-0.835
1.827
0.425
0.948
1.496
2.468
2.029
0.294
0.364
-2.320
-0.070
0.609
2.550
-5.333
1.092
-1.505
2.214
3.540
0.234
3.793
2.433
0.684
-3.497
1.274
-1.638
-6.512
-2.290
3.586
0.660
3.296
4.130
1.015
-1.035
-2.182
0.198
-1.791
-2.370
-1.200
-0.293
-0.227
0.135
1.371
-0.084
2.159
2.063
2.748
0.068
-2.626
-0.227
-1.974
2.263
-3.197
1.168
0.834
2.110
1.004
0.237
-2.273
4.445
0.226
-0.494
0.626
3.059
-0.254
3.112
0.843
2.113
0.968
1.966
2.455
1.389
4.179
0.071
3.192
-1.142
1.324
-1.638
-1.600
3.505
5.362
-0.037
-2.065
0.324
-1.500
3.465
1.797
1.747
0.076
-1.374
2.885
0.086
-2.137
4.074
6.280
0.728
1.205
4.699
-0.364
3.050
-1.023
1.504
-1.966
-0.264
-3.629
1.530
1.310
-2.099
5.619
0.533
0.013
-1.997
2.225
-1.803
2.186
-1.752
1.393
-0.115
2.232
-2.772
1.446
-2.004
-1.202
1.742
0.462
1.246
2.154
0.748
0.020
-2.052
5.621
1.664
0.351
-0.419
0.848
0.338
1.619
-1.027
4.381
2.006
-3.987
1.041
2.283
-2.817
2.993
1.863
-2.791
-0.065
-2.392
2.358
-2.093
-1.893
0.547
5.320
3.281
-2.024
-2.589
-1.069
-3.015
2.239
1.931
2.543
0.467
0.638
-2.208
1.010
3.384
-0.683
1.326
0.513
-0.930
1.586
4.712
3.650
-1.669
0.635
2.105
0.549
-2.734
-1.466
1.856
4.979
-1.203
-1.936
3.058
0.913
-0.583
-0.114
0.010
2.153
0.896
-3.323
0.045
4.756
3.012
3.360
-1.655
1.217
2.629
0.528
3.190
-1.706
0.862
-1.074
3.894
0.218
-0.155
-2.377
2.338
1.411
0.306
1.798
2.921
0.835
1.417
1.650
-3.877
1.481
-3.579
0.368
1.702
-4.034
0.474
-0.499
-0.247
2.214
4.911
2.115
0.410
-2.881
3.632
-0.042
-3.697
-2.424
-2.696
-2.324
2.784
0.826
1.648
-6.373
2.192
1.861
-3.949
-2.638
3.081
-1.081
2.773
0.374
-0.881
0.014
-4.429
1.264
-2.528
-4.041
-3.206
-1.831
1.754
-1.568
2.156
2.475
2.665
4.760
1.481
1.745
-1.193
-5.200
1.125
-2.934
-3.006
-2.445
1.906
2.669
0.736
-2.310
-0.329
3.736
-0.287
-0.854
3.596
5.824
-0.438
-3.560
0.536
-0.460
3.902
-2.725
-1.853
-0.538
2.014
-2.190
2.925
-0.829
-3.283
-1.682
-2.931
-2.750
4.974
0.682
2.899
-0.637
1.812
-1.584
4.459
-0.257
-1.679
-2.713
-2.400
-2.707
4.493
-0.171
-0.349
8.251
4.011
-2.657
3.581
-0.506
0.038
-1.072
-0.012
-1.098
-0.464
-0.655
1.476
1.557
0.676
3.906
2.912
3.513
-1.435
-2.427
1.020
1.347
-2.046
1.146
-3.779
-0.470
-2.774
1.348
2.248
-4.653
-7.091
4.152
-2.463
-0.969
-2.174
3.142
2.610
-0.475
1.982
1.023
1.082
1.860
0.329
-0.891
2.489
0.735
0.320
0.617
-1.142
-2.816
-1.170
0.883
0.141
-2.271
-3.035
-2.571
-0.069
4.184
-2.545
2.061
-3.002
2.193
-1.291
0.136
2.038
0.556
0.931
0.588
4.791
-2.716
0.010
0.374
-1.784
2.267
-0.696
2.303
0.553
-0.527
4.484
-4.047
1.837
3.709
-3.227
0.283
1.487
-1.728
1.703
3.770
2.111
4.860
-2.186
-0.194
-3.310
-0.783
1.578
0.982
-0.973
0.047
-4.403
0.441
4.082
-3.356
0.290
3.630
-2.104
-0.127
3.147
6.585
0.980
1.180
-2.462
1.224
-0.407
1.161
1.508
-0.200
3.462
1.664
-1.385
-2.606
3.830
3.022
1.022
-2.766
-0.368
1.603
-1.873
4.871
-2.542
-2.477
0.886
3.375
-5.727
-1.679
-6.213
3.493
-1.670
4.344
-3.758
-2.213
-0.537
1.441
0.472
-1.217
-5.524
-0.324
-0.130
-0.829
3.556
-0.284
3.820
1.559
1.674
2.400
1.223
-0.595
1.507
2.432
1.576
-3.207
2.293
2.131
2.378
-0.406
-1.431
0.256
2.604
-3.122
0.430
-4.429
-3.044
2.959
0.986
-2.343
1.887
-1.125
1.354
1.402
1.960
2.518
-0.129
-0.199
3.575
-1.756
1.581
-1.241
0.472
4.602
-2.607
-3.092
3.735
0.929
-1.341
0.043
-0.130
-0.329
3.601
-1.834
-0.181
-2.233
-0.153
-1.220
1.105
0.002
1.750
3.572
-2.467
0.697
-3.453
0.479
1.672
-0.438
1.292
1.113
1.748
-2.536
2.957
-0.419
-3.618
-1.854
-2.671
-0.937
-1.714
-3.324
-3.663
0.293
3.762
0.673
-1.078
-2.193
-2.718
-0.281
-0.127
1.674
-0.507
3.683
-2.756
-2.348
1.335
-0.824
-0.993
-1.528
-2.975
-4.697
-1.262
-2.376
1.060
0.217
-1.205
-0.879
2.971
-1.617
2.603
3.598
1.050
-0.566
-0.125
2.197
-0.472
6.089
-1.546
2.027
2.609
-3.590
0.852
-0.384
-0.420
2.748
-0.173
3.800
-2.670
-2.453
-0.392
-1.147
-1.633
-5.164
2.847
1.224
1.583
-1.507
1.668
5.570
1.741
0.361
0.595
3.308
-2.409
0.085
0.430
1.246
-1.403
-4.427
0.491
6.029
1.375
-2.449
-0.838
-0.293
4.141
0.034
2.983
0.826
0.546
-2.058
2.261
-0.954
3.052
0.417
0.125
-1.428
-0.774
-0.752
0.459
4.157
-3.113
0.666
4.611
-2.478
-0.646
2.413
-2.547
3.988
3.368
0.996
-6.746
-0.807
2.729
-0.531
0.372
5.216
1.119
0.910
-0.556
4.127
2.819
-0.793
-1.385
-1.608
-0.756
-1.513
0.640
2.388
-1.549
-1.339
-1.104
1.142
-2.074
-3.215
-0.235
0.531
0.028
0.086
2.355
3.173
0.203
0.644
4.758
-0.256
-0.656
-2.887
1.985
-3.107
-1.171
-2.083
-2.729
3.980
0.677
-3.468
1.109
2.768
1.483
3.068
1.702
2.238
0.124
3.967
2.303
1.023
-1.678
2.883
3.211
5.503
0.228
1.321
1.279
-4.323
2.421
1.504
-0.699
-1.603
-2.383
1.878
-1.277
1.604
0.175
1.030
3.521
1.622
1.402
-0.930
1.569
0.292
-2.767
-0.022
3.281
-1.770
1.193
0.103
0.399
-0.123
1.015
-2.083
1.694
-0.700
0.788
0.921
0.981
-0.200
-2.654
-0.958
-0.503
-3.788
-0.934
3.006
-2.126
2.179
-0.963
-1.053
-0.107
1.100
-0.697
-0.909
3.666
0.650
-3.012
-4.708
3.816
2.567
0.780
0.697
0.326
0.583
0.858
2.854
2.622
0.822
0.867
2.369
1.752
0.143
-6.380
2.014
3.027
-0.278
-2.316
2.598
2.636
-1.703
1.490
-0.744
1.175
3.699
1.483
-1.146
-0.943
5.103
3.417
-0.696
0.100
-0.473
0.802
2.250
1.594
2.037
-1.340
0.634
2.388
3.994
-4.794
1.465
3.273
-4.474
3.629
5.652
0.792
1.649
-1.976
5.263
1.030
-5.790
2.669
-1.826
-0.860
1.044
0.412
1.148
1.423
3.580
-2.897
1.636
0.750
-0.193
-2.670
1.302
-1.936
-3.700
-0.115
1.772
-1.381
-4.101
0.289
3.228
-1.382
-2.933
-3.494
-1.361
0.412
-0.780
0.958
0.608
2.747
0.022
1.836
0.449
0.785
0.760
-2.109
0.147
-1.167
-1.651
1.299
1.532
-1.163
2.022
-0.725
2.499
5.604
1.499
0.087
-1.299
0.837
-1.997
-0.221
-1.800
2.368
-0.923
0.274
-3.782
-0.472
-0.537
-1.854
-0.356
-5.623
-2.418
-3.661
2.175
0.286
-5.825
2.731
1.373
0.092
1.168
0.039
-0.500
0.547
0.489
-1.610
2.135
-1.557
-0.378
2.386
2.954
2.615
-3.716
-0.100
-2.434
-2.161
-1.186
-0.345
-0.985
-5.989
0.965
0.127
3.307
0.137
-4.185
-2.920
-3.730
-0.298
4.154
1.548
0.687
-2.284
1.377
-0.350
0.987
1.582
-0.773
1.027
4.782
3.377
2.531
6.064
5.048
4.001
-2.154
-2.500
-2.689
2.402
2.161
1.443
-2.199
2.666
-0.361
-0.161
2.068
-0.045
0.128
-3.060
-3.286
2.809
1.123
-1.860
1.185
0.413
-2.582
0.087
0.998
-3.691
2.484
0.853
4.436
3.399
4.222
-1.341
1.771
0.525
4.060
3.637
4.390
-0.229
-2.599
-1.807
1.350
-2.579
0.855
-0.136
-5.125
0.971
1.982
3.242
-0.958
-2.174
-0.586
-2.544
1.666
0.616
-2.525
-0.666
4.096
0.202
-1.390
-0.915
0.770
4.723
-2.170
3.778
-0.391
3.438
-2.424
4.075
4.624
4.825
0.341
0.357
-1.423
-1.993
2.509
0.388
1.503
1.370
-2.754
-2.571
2.237
1.386
0.064
1.308
3.829
2.566
0.982
1.424
3.888
-0.637
0.903
0.293
-1.175
-0.132
-2.091
2.900
-0.697
0.858
2.861
3.662
0.492
0.122
2.042
1.340
-2.398
4.302
0.921
2.311
1.201
1.582
-0.046
2.022
1.977
2.396
-2.934
-2.573
0.645
-0.611
3.320
-1.752
2.491
-3.653
-3.294
0.295
1.199
1.897
2.692
1.120
0.146
-1.559
-3.900
1.996
-1.768
0.696
2.432
7.579
0.170
-2.318
0.718
-4.017
-0.048
0.402
0.721
3.250
2.067
-1.311
3.581
3.415
-1.679
-3.596
-4.946
1.820
2.799
-0.620
0.296
1.668
1.083
1.242
5.424
-0.032
0.797
-1.010
2.984
4.015
0.919
1.284
3.663
-0.588
1.103
-3.517
0.675
-0.142
3.235
-0.060
-0.405
4.207
-0.129
1.890
3.761
-1.048
2.424
-1.430
1.911
2.430
-0.969
-5.094
-2.187
0.723
-2.208
-0.637
1.577
-0.334
0.544
-1.246
4.866
-1.382
0.233
1.647
-2.159
0.386
-0.152
2.203
0.442
-1.054
1.062
3.049
-0.366
0.498
0.159
1.303
-1.471
4.825
3.628
-0.467
5.427
-5.485
2.433
9.217
-0.238
2.481
2.487
-0.175
1.708
4.443
-1.705
1.597
2.677
-1.257
0.660
1.611
-1.274
3.953
1.088
-1.257
-2.294
-0.212
-0.306
1.398
-2.414
-1.090
4.076
-3.268
-1.016
-2.488
0.944
2.135
8.976
2.756
-2.504
1.751
0.142
-0.727
0.406
2.497
2.355
-2.888
0.455
-2.040
0.739
-0.705
2.318
-0.308
-1.329
0.494
0.303
-0.030
-0.721
-5.559
5.015
-2.873
0.929
1.256
5.577
5.901
1.328
-2.109
-2.035
-1.143
0.280
-0.765
-1.977
0.564
-1.672
3.669
-1.652
-1.292
0.620
-2.785
-0.541
-3.258
0.207
-1.638
-0.837
0.684
-0.613
2.111
-2.024
-0.784
-0.430
2.289
2.883
-1.984
-0.618
-4.292
0.348
0.459
3.750
-0.069
0.059
-0.721
1.619
0.967
1.382
5.489
-3.222
-6.218
2.060
0.238
-1.026
2.780
0.758
-0.626
2.494
2.154
1.913
-2.703
-1.623
1.056
1.483
3.720
-1.031
0.343
3.161
0.016
0.747
0.244
1.718
1.562
-3.506
1.901
4.375
-2.979
1.166
1.736
-2.819
-1.480
-1.286
0.872
-2.924
-1.297
1.223
2.417
0.424
-2.173
-0.306
0.836
4.003
1.370
5.357
2.336
3.266
-1.213
2.176
0.781
6.228
-0.483
4.624
4.472
-1.027
1.097
-3.087
4.700
-4.804
-3.519
-0.021
-1.908
-2.045
-0.468
2.648
2.744
1.451
1.546
0.443
2.839
0.648
-1.533
-0.304
0.928
2.407
1.139
-2.595
2.377
-0.532
1.608
-3.428
1.738
2.678
-0.877
1.317
0.828
-1.347
2.638
-0.158
-0.588
1.788
0.839
1.966
0.725
1.349
0.190
-1.238
-1.364
-1.251
-0.881
7.731
1.668
-1.358
2.793
4.862
-0.893
-0.749
-3.965
-0.323
2.275
-0.457
-2.137
-3.221
1.097
-1.146
5.215
0.478
-1.517
2.465
5.248
4.687
-1.858
-2.686
-2.757
2.028
-0.350
-1.294
2.330
-1.761
2.789
-2.059
-0.484
3.679
0.649
-2.128
3.986
3.074
3.803
-3.751
1.068
-1.339
-1.103
1.892
-3.850
0.730
4.030
0.698
2.975
0.639
-1.696
4.982
-0.111
-2.673
-2.980
-0.096
2.448
0.324
-3.244
0.551
2.968
0.044
3.846
-1.656
2.504
1.512
1.618
1.419
-0.439
1.070
-0.675
1.008
1.051
-0.209
0.008
-3.079
0.476
1.768
0.930
0.693
-3.097
1.267
-2.601
-1.453
-2.419
-2.124
0.692
-2.899
-2.607
4.147
4.830
2.738
-0.368
3.086
1.634
-4.326
3.134
-2.654
-0.881
1.076
1.056
1.270
3.223
0.999
0.730
4.030
0.159
0.073
1.426
5.151
-1.302
-3.769
0.326
3.703
1.753
-0.886
0.366
-2.009
-3.928
-0.332
-2.039
-0.401
-3.221
4.483
2.626
-0.929
0.461
2.898
1.089
-0.483
1.481
-0.282
0.006
4.544
1.375
0.161
-2.039
1.649
2.836
3.120
6.506
-2.003
-4.456
2.747
-2.529
-2.428
1.687
1.102
-1.187
-1.623
0.427
-0.801
0.647
-2.049
-1.758
-3.363
1.229
-1.204
2.099
-4.933
-2.977
-0.069
-1.275
-2.244
-0.323
-0.337
2.440
0.988
3.053
4.034
-1.171
2.996
2.447
0.251
1.611
0.813
0.210
0.971
1.133
2.800
-2.154
2.179
-2.413
0.149
0.977
-5.679
-0.349
1.420
0.088
-1.852
2.089
-1.550
0.849
0.085
0.145
0.755
-1.136
2.525
-1.600
2.361
-0.541
-4.422
-1.526
3.491
3.129
-4.341
-1.426
-4.311
0.590
-1.276
1.201
1.968
3.979
4.490
4.966
2.581
-0.003
-4.016
-1.556
-2.908
1.452
5.351
-1.794
-3.210
-2.120
4.584
3.378
2.917
-2.880
2.569
0.484
2.406
-2.203
0.290
-1.062
2.006
5.636
-2.775
-0.156
2.841
-0.634
-1.625
0.581
-0.617
4.553
1.117
1.550
-1.727
0.679
0.194
1.997
1.946
-1.000
0.660
2.687
-1.138
4.923
-2.465
-0.267
-1.806
1.573
0.378
-2.878
5.349
-1.050
-4.388
0.919
0.654
-1.162
-1.664
0.297
-2.176
2.401
2.203
0.522
-2.427
-2.350
1.212
1.363
0.406
1.621
1.621
0.401
0.542
-3.554
0.428
-0.026
-1.595
1.763
0.198
1.051
-4.403
-0.075
1.893
-0.563
-0.070
0.917
0.330
3.503
1.637
1.466
1.126
3.347
1.393
-2.261
2.839
-1.501
1.725
-2.428
-3.638
-0.306
4.345
-2.047
-2.266
-1.358
-4.295
3.530
4.847
-0.065
-1.477
-0.799
-2.083
0.588
2.477
4.449
-1.516
-1.799
1.789
-0.286
0.196
-0.333
1.010
1.585
0.330
-1.374
2.843
-0.023
3.766
-2.162
-0.837
-2.996
2.051
1.348
1.683
-0.527
2.208
1.684
-0.954
4.948
0.428
0.824
2.469
-1.465
0.319
-1.294
-2.577
1.644
-5.919
-3.337
2.154
-3.293
-1.100
0.972
1.562
1.576
1.974
-2.201
1.569
-0.786
-6.076
4.291
-0.722
0.352
-1.585
1.607
-0.653
-1.479
6.399
-6.427
-0.922
0.810
-2.529
-1.470
0.925
-5.761
3.888
0.781
0.694
0.282
-1.080
-0.397
0.594
-0.994
-0.578
1.330
-3.083
1.692
5.995
5.184
1.057
-2.648
3.669
-0.107
3.765
-1.483
-1.060
1.505
-1.298
4.855
1.703
4.606
-2.376
-1.745
6.888
-3.508
3.612
0.830
-0.669
2.740
4.255
0.522
1.031
0.751
0.172
-3.650
-1.738
3.336
-0.906
-2.125
-0.502
-0.243
-3.084
-0.045
0.573
-1.375
1.118
7.040
-0.396
-2.601
2.877
2.678
3.114
1.191
-1.055
0.724
-1.021
3.577
2.752
-3.446
-0.714
2.358
-2.592
0.414
-3.871
-0.615
0.272
-2.467
0.660
1.611
-1.871
2.083
2.816
-0.126
-3.928
-1.190
1.014
-2.422
-0.036
-1.708
0.309
-0.188
0.239
1.513
-0.311
4.330
3.731
1.416
1.503
-0.978
1.240
1.646
1.691
2.863
1.319
1.117
3.404
0.589
-1.093
1.720
1.934
-0.543
-0.545
0.666
3.413
-0.840
-2.981
-3.177
-2.764
-2.493
-0.915
-0.897
1.539
3.377
2.475
-1.354
-1.082
6.301
-3.282
2.544
-1.703
2.227
3.193
0.819
2.932
8.312
-2.891
2.925
3.165
-3.089
1.235
-0.012
1.917
0.920
2.408
-1.735
5.569
0.873
4.297
1.481
3.552
0.453
3.317
-2.012
2.837
-1.369
-0.041
-2.222
-1.207
-0.351
1.824
1.229
-0.543
1.782
1.514
-0.456
-0.577
-0.463
5.238
-1.165
3.002
-1.448
-0.675
1.505
1.989
1.168
2.054
1.906
1.860
-0.900
-0.394
0.362
3.062
1.999
0.607
0.787
-2.206
-0.236
-0.841
2.472
0.856
3.301
5.923
2.355
-1.893
-0.112
-3.560
4.631
5.849
-1.889
-0.635
-1.003
-1.674
-3.155
2.395
-2.222
0.346
-1.523
-3.749
-1.143
-3.080
0.358
1.796
1.741
0.959
1.907
-1.900
-0.402
-0.401
-3.143
-1.609
-2.307
-0.001
1.718
-0.672
-1.953
0.609
-0.676
-1.295
4.108
2.873
0.696
-0.867
-0.718
-1.646
-1.366
0.100
-5.592
3.720
1.306
-1.725
3.800
1.867
2.206
-0.477
1.613
-3.667
1.105
-0.492
2.641
-0.562
-0.988
3.182
3.030
2.226
1.416
1.996
-0.235
-1.731
1.133
-3.791
3.540
0.119
-0.040
-1.894
3.494
2.053
0.956
1.672
0.614
2.353
-0.484
0.401
1.665
-3.022
-2.734
4.765
-1.731
4.019
-0.506
-2.287
3.222
1.811
2.083
-2.496
1.423
-6.947
1.304
-1.795
3.783
2.597
0.793
2.941
6.100
0.229
1.177
-2.640
-1.728
-1.847
0.476
1.253
-1.274
1.034
2.749
0.784
2.970
-3.858
-3.444
1.874
0.941
0.545
0.629
-2.369
-3.743
2.586
2.985
-1.290
-4.728
0.023
-1.275
2.344
-1.947
2.064
0.606
3.480
1.690
-0.590
1.247
0.373
-3.307
1.819
0.240
-4.759
-3.108
-1.003
2.453
-1.179
2.146
2.250
-0.086
2.185
0.234
-1.436
-0.178
-1.520
2.303
1.487
4.061
0.202
1.299
1.087
1.650
1.424
-1.446
0.690
0.448
5.671
-3.767
2.257
4.049
-1.828
5.563
0.810
-0.098
0.633
0.861
0.995
-2.421
1.497
-3.737
-0.613
-0.433
0.530
0.209
1.038
-2.821
0.450
-1.769
1.121
4.586
0.630
4.134
0.990
-1.196
0.918
-4.553
0.963
3.412
-2.036
2.967
-1.809
0.029
-2.182
0.389
7.504
-1.043
-0.022
0.408
0.029
3.097
-1.139
1.142
-0.575
4.214
0.973
0.703
2.090
3.847
2.809
2.465
3.378
0.368
5.311
2.389
1.728
0.117
-3.219
0.538
-1.708
-0.710
0.671
3.608
0.071
-1.985
-3.093
-2.222
5.512
-1.002
-3.925
1.070
-1.092
0.310
2.471
3.312
0.123
1.171
3.516
-1.509
-2.678
1.536
-2.112
-0.691
0.364
0.845
-0.340
2.739
0.165
-3.571
0.900
0.711
-0.350
-0.227
-0.839
-1.701
3.963
1.851
1.979
-0.176
-1.789
-6.924
3.094
5.304
-2.899
-4.371
1.922
4.651
-1.457
5.046
1.532
-5.636
3.118
-0.244
0.039
-0.300
0.547
-1.702
-2.454
1.800
-2.581
-2.220
-4.405
2.600
6.052
-2.861
-1.403
0.320
2.322
0.175
4.299
-1.446
0.360
0.440
-3.859
0.047
1.095
-3.270
-1.438
4.715
-1.448
0.652
-0.380
-1.139
-2.525
1.222
-1.888
-0.638
3.304
-1.776
3.101
-0.746
-0.150
1.459
-3.036
2.084
-2.042
0.783
-2.463
1.229
-2.998
-1.003
-0.970
1.575
3.811
-0.762
-0.491
-1.385
4.097
-0.324
1.467
1.253
-1.597
1.657
3.323
-0.722
2.651
1.030
-2.503
4.066
2.161
-2.716
-1.902
3.444
-2.013
-2.868
-3.418
-1.255
2.043
0.957
-2.689
-0.339
1.851
-1.713
-0.076
4.494
0.510
4.218
-1.532
-0.668
3.368
0.495
-2.595
5.228
1.020
4.856
-1.271
-0.067
1.968
3.721
2.843
-5.434
-1.344
0.708
2.182
-0.506
-0.598
0.885
-1.730
-1.214
0.735
0.256
-2.440
0.979
1.348
3.655
0.247
3.075
-4.515
0.215
-0.849
-0.836
1.376
-4.033
-3.705
1.769
0.804
-1.404
3.468
2.807
1.181
-2.997
3.564
-4.202
-2.327
2.296
-3.238
3.657
4.975
1.879
-1.422
-2.764
-3.305
1.073
0.597
0.835
3.709
2.231
1.079
0.581
-2.097
1.542
0.923
2.955
0.999
6.076
3.213
-4.086
0.925
3.405
-1.125
-1.197
4.388
-2.005
1.771
0.100
2.024
-1.031
-1.247
3.016
4.171
-0.078
1.397
2.383
0.824
2.016
4.477
-2.807
2.755
5.488
2.918
-2.623
4.319
0.311
1.790
2.848
3.860
-1.615
0.504
1.040
-1.734
2.236
-0.268
0.555
-0.827
1.745
-1.057
0.257
0.378
-0.938
-4.022
1.996
0.280
-0.489
0.275
2.367
5.524
-3.772
1.373
-0.782
3.782
-2.806
0.584
-0.025
-2.336
-1.210
-0.386
0.713
-5.383
-0.328
2.183
3.532
1.110
1.662
-2.683
-0.463
-2.635
-0.097
5.860
3.858
2.250
1.113
-0.253
1.914
-1.095
5.548
2.343
2.676
-0.834
-0.756
-1.425
-2.649
3.689
1.992
-0.643
-1.097
3.858
1.596
-0.664
3.139
4.918
-1.037
-0.653
-0.183
1.063
0.267
-3.153
-1.847
0.656
3.973
0.865
2.576
1.171
-0.035
-1.751
1.249
3.306
-2.690
1.723
-0.987
1.196
-1.428
0.699
-1.922
2.678
0.483
4.643
1.082
-2.047
-3.464
3.760
-1.085
-2.017
3.577
-0.694
2.541
1.197
-4.246
1.887
-1.985
-2.610
-4.970
-2.423
-0.508
0.540
0.712
2.469
-3.733
-4.645
6.307
0.213
1.633
-3.104
1.986
2.866
-4.233
1.522
1.478
-5.635
0.788
-1.216
1.456
2.027
1.475
-0.386
-0.689
0.858
-0.271
-3.199
0.816
-0.088
-0.092
-0.507
-0.125
-1.212
2.406
-0.697
0.542
-1.347
-2.277
0.077
1.974
2.838
2.067
-1.917
0.483
0.149
2.096
1.572
-1.151
1.184
1.721
1.139
0.262
-1.227
-0.615
5.544
-2.492
4.867
4.849
-2.771
-1.144
-0.389
-1.127
-1.104
2.022
0.964
1.670
-0.019
-0.186
-1.447
1.500
2.796
-2.404
2.235
1.009
-2.426
-3.113
-0.314
-0.890
2.852
-0.590
-0.951
-0.711
-0.214
1.020
2.908
-2.610
1.301
-2.862
2.860
-3.382
3.288
2.614
-1.533
-0.932
-4.200
-3.876
-0.369
0.810
2.846
-0.327
0.026
-2.667
-0.003
0.583
1.760
0.237
2.604
0.401
0.025
2.269
2.286
-0.423
4.673
0.979
0.622
-0.403
1.424
2.442
0.574
0.873
-2.333
-1.660
-1.502
0.943
-2.366
-4.477
-3.004
1.629
4.372
2.627
-2.246
-1.707
-1.162
-3.365
-0.138
1.443
-2.014
-2.524
2.218
-1.826
-1.550
-5.399
2.556
3.508
-0.435
0.193
1.500
1.934
0.157
-1.059
-0.034
-0.580
0.918
-2.249
3.151
5.080
-1.387
-1.533
-1.693
-0.790
4.534
-1.032
0.657
-0.776
-4.574
-0.984
0.236
4.001
-3.850
2.616
0.891
0.105
-2.160
3.291
1.145
0.234
0.092
2.571
-1.721
3.765
5.605
-0.396
3.443
-1.068
-2.384
-1.063
1.321
-0.242
1.303
0.958
-0.694
-2.612
0.256
-2.970
0.499
1.135
-5.258
3.377
-0.479
1.558
-1.232
-0.644
4.189
-2.913
-0.890
0.458
-5.589
-1.891
2.290
-2.740
0.716
1.154
1.555
-2.196
0.727
-2.471
-0.369
2.426
-1.697
1.621
0.160
2.167
-4.379
3.172
-3.982
-2.600
3.092
0.167
-0.715
2.609
0.039
-2.032
3.342
0.980
-2.722
-1.500
-2.061
-2.491
0.024
0.167
1.367
1.693
2.379
2.796
1.518
1.205
2.673
1.341
-1.937
-2.993
-2.112
1.107
-0.384
0.895
-0.269
-1.856
-5.873
-2.578
4.544
2.661
-1.447
-0.934
-0.855
2.967
2.532
2.663
-2.081
4.636
-0.348
2.360
1.051
-3.755
-0.886
0.253
-1.629
-3.203
-0.752
3.488
1.674
-0.982
0.877
-2.918
0.294
-4.321
-2.510
2.255
-1.106
-0.771
0.080
4.019
-8.501
-1.923
6.009
3.079
1.539
0.915
-0.315
-3.014
-0.730
-0.013
3.028
1.118
0.435
-1.292
-0.852
-3.910
0.828
-2.700
-0.559
2.738
0.911
1.081
3.222
1.921
-0.039
-4.512
-0.720
0.082
0.301
-3.593
0.739
2.056
-0.604
1.362
-1.322
0.859
4.783
-0.713
-2.476
2.060
-0.372
-1.593
-1.519
0.853
0.385
3.363
1.282
2.586
0.330
1.455
0.162
4.625
1.404
-3.203
-0.169
0.833
0.252
2.286
-0.869
0.361
2.491
-3.051
-1.985
4.928
-0.559
2.355
2.922
-2.764
-1.715
0.372
-1.272
1.315
1.615
0.841
0.231
1.732
3.214
3.474
0.997
-1.754
-0.071
1.975
2.987
2.909
-0.073
0.891
1.598
3.856
-1.463
1.454
-0.885
3.154
0.272
0.922
-1.661
-0.677
5.113
1.827
0.798
3.641
3.971
0.254
-1.482
-0.016
-0.516
0.593
1.003
6.404
-2.143
-2.790
-1.062
-6.934
-4.191
-2.832
3.070
-2.894
-3.723
-1.676
1.309
-0.880
-0.470
-1.028
-2.828
-1.868
-1.612
1.871
-2.338
2.799
1.991
-3.404
1.276
0.483
3.616
-1.612
1.920
2.261
-3.838
3.492
-1.413
1.476
-0.180
-0.109
-1.583
-1.074
1.429
3.752
-2.572
-0.926
0.977
0.850
1.552
3.137
-3.765
-1.020
2.856
-0.080
-2.410
-2.687
0.320
-0.642
5.527
-0.027
-1.483
3.347
0.160
2.210
4.867
3.897
1.244
2.096
3.582
-1.945
-2.783
5.183
-2.653
5.794
-1.317
-1.817
2.255
-3.504
6.522
4.968
4.046
-3.311
3.458
3.205
0.749
2.369
1.832
-2.557
-0.699
-0.374
-3.291
2.159
3.061
1.437
4.847
1.186
0.400
-0.975
1.013
-6.118
4.582
1.291
3.071
3.101
2.117
-2.101
-7.715
5.589
0.394
-0.461
-0.283
-0.758
0.313
0.170
0.630
-0.233
2.483
2.094
-0.933
0.816
-2.444
1.847
4.405
2.470
0.154
-1.969
1.993
-1.076
0.419
2.190
-1.577
0.601
-2.141
-0.427
-0.723
3.292
0.871
-1.238
-0.633
2.816
-3.394
-1.577
-2.143
0.773
0.674
0.014
0.182
-2.849
-1.872
1.772
-3.135
-0.270
2.670
0.879
-1.272
2.091
-1.367
0.497
-1.501
-3.202
0.075
3.262
3.098
2.124
2.080
2.181
-0.129
-2.632
0.756
2.610
2.425
0.917
1.166
-3.006
4.095
0.077
-4.708
0.022
0.542
1.638
0.176
-1.035
-0.921
0.354
-0.088
5.134
-0.435
-1.495
2.955
0.355
2.536
0.141
2.070
3.380
3.774
2.178
-4.631
-3.283
1.074
-3.150
-2.253
2.508
-1.243
-1.014
-0.599
3.262
3.380
5.959
2.405
4.137
-1.341
-3.030
1.803
-0.111
4.354
-0.570
-1.120
-0.360
0.249
0.428
0.711
3.582
-2.413
2.474
2.028
1.115
1.427
-0.726
-2.992
1.267
-0.793
1.744
-0.417
2.399
2.896
2.566
3.357
0.317
2.753
-0.537
-0.958
0.549
3.499
-0.136
2.518
-2.052
-4.150
-0.812
0.227
2.740
-0.205
4.226
1.554
-0.209
0.909
-2.181
-0.193
-0.078
0.814
-0.352
1.469
-3.508
3.001
0.297
2.183
2.849
0.793
2.431
1.213
1.113
-0.823
3.249
0.612
3.698
-2.328
-1.074
-2.296
2.960
1.783
-3.340
-1.675
-2.371
2.816
3.249
-0.774
-4.615
-4.404
3.495
3.315
4.089
0.051
-4.586
1.528
-0.821
4.601
1.996
0.829
-0.600
3.572
-1.368
-2.978
0.544
2.963
4.290
-3.430
3.402
0.201
2.291
-3.077
-0.572
1.905
0.351
0.059
-0.463
0.363
0.404
-2.365
-0.987
1.776
0.034
1.536
-0.048
-1.021
2.806
1.894
0.090
2.211
1.840
-1.023
0.747
1.255
1.522
4.573
1.898
1.928
-2.256
6.719
-2.741
-0.976
-0.873
-0.405
-1.755
-3.539
3.181
-0.887
-4.737
-0.335
1.417
-3.479
1.835
1.107
-1.739
1.036
4.251
0.485
-0.847
-1.625
4.705
-0.151
-0.221
2.463
1.722
-2.958
0.839
-0.823
3.178
-2.413
2.255
-4.357
1.906
2.209
-1.811
2.428
0.049
-4.900
1.064
-1.582
2.583
3.495
-0.640
-2.264
0.288
2.108
-1.111
1.449
2.501
3.048
1.266
-3.787
-0.360
-0.154
0.561
-5.830
-1.566
-0.088
1.409
5.770
1.932
-2.043
-1.644
-1.284
-0.590
0.893
-1.915
-0.175
-0.129
1.162
-0.628
-1.489
-1.340
1.291
-1.391
2.028
1.230
-2.264
3.323
0.542
-1.249
4.741
0.321
1.210
0.387
3.810
4.623
0.971
0.521
2.593
-0.810
0.943
-1.214
4.892
2.956
4.629
-0.828
2.530
1.366
1.084
4.323
-1.840
-1.103
-0.931
-3.115
-4.431
-0.057
2.137
-0.185
-1.612
3.264
-2.373
-4.087
-3.307
4.102
-0.137
3.403
3.278
-4.288
0.499
2.205
-2.230
-2.742
1.558
-2.520
1.039
2.157
2.482
2.287
3.426
-2.067
4.402
-0.881
-2.243
2.929
1.840
-3.740
2.447
1.032
0.430
-0.791
3.492
4.150
1.905
-2.645
-2.585
-1.632
2.661
-0.427
1.840
-1.077
3.712
-2.419
-0.182
-0.218
1.995
1.215
3.906
3.463
-1.330
0.455
0.332
-0.948
-3.348
0.302
2.447
0.813
1.161
3.792
-1.746
-1.558
-0.679
2.938
2.500
0.985
3.780
-1.874
-0.664
1.222
-0.140
2.384
4.498
0.129
1.334
2.577
2.186
4.599
1.350
0.479
-1.980
1.191
-1.853
-1.950
1.343
-0.444
-5.459
5.922
-3.138
-0.261
-2.500
-0.263
-0.706
-1.265
0.118
-2.200
1.638
1.394
0.508
1.648
2.831
-3.025
4.209
4.364
2.411
-0.434
5.455
3.036
-3.240
-0.552
1.801
-2.693
2.997
-0.120
-2.018
-0.072
-0.980
-3.779
0.253
-0.655
0.628
-2.241
0.737
6.145
-2.649
0.506
1.117
0.509
0.291
0.538
-0.681
4.382
1.343
-1.146
3.256
-1.387
-2.374
-0.661
3.793
-2.332
-0.337
-1.052
2.406
-2.231
1.863
-2.851
2.973
1.689
2.111
0.783
-2.209
2.258
1.761
-1.479
-2.621
0.516
0.706
2.103
-1.151
1.275
2.704
-4.639
-5.240
0.778
1.034
-1.162
-3.201
4.723
0.510
0.617
-0.847
-0.012
-0.307
3.645
6.308
-1.544
2.970
4.220
-1.637
-0.999
-2.519
-1.073
-1.731
-0.178
-2.712
1.794
2.371
-0.688
-2.219
0.836
0.999
-1.353
-0.652
-0.764
2.255
0.822
-4.035
6.082
-0.691
2.159
0.499
-0.856
2.644
4.684
-2.336
-1.530
4.062
5.316
1.248
3.589
-0.785
-3.651
0.186
3.780
-1.380
4.239
3.347
0.767
7.243
-0.015
-2.771
-0.435
1.255
-1.249
-1.297
1.504
2.401
1.063
0.250
-1.017
-1.364
-0.273
-2.665
-1.079
1.090
-2.421
-4.612
-0.760
-2.523
-0.922
2.386
2.367
0.214
1.737
5.074
-0.260
-1.977
1.957
-0.859
-2.252
-0.247
1.295
1.221
-2.972
1.386
-3.155
-2.750
3.566
-3.780
-5.422
1.403
-1.091
-0.590
3.917
2.909
2.594
0.418
1.581
-0.812
-1.110
0.337
1.807
4.074
2.924
1.962
0.072
-0.278
0.898
0.774
-2.219
-0.553
0.417
1.894
0.197
4.969
-1.116
0.936
0.054
1.345
0.371
-0.392
1.685
-1.614
-2.804
2.654
0.402
3.966
0.368
-3.135
1.364
-3.953
-3.508
0.399
0.837
0.671
-1.474
-1.555
6.824
-2.360
-1.578
3.835
-1.580
-0.274
0.452
-0.476
3.108
2.780
2.218
3.844
0.070
3.399
1.478
-1.827
1.535
-0.701
-3.270
-3.268
-1.962
4.100
-6.182
-0.287
1.656
0.001
-0.482
-1.588
3.892
-0.735
-2.596
-0.835
0.991
-1.493
1.339
0.247
1.233
3.718
-3.932
-0.653
-1.781
-1.389
0.640
0.306
-3.723
-2.538
3.012
-2.931
2.002
-4.283
-3.557
1.581
3.934
2.663
-0.905
-1.454
1.372
-3.566
1.413
-0.987
4.249
1.062
-0.069
0.895
-0.513
1.539
-1.771
2.928
-0.520
2.346
2.185
0.714
2.010
-0.716
1.895
-3.496
-2.183
-0.082
-4.192
0.561
5.440
-1.358
0.457
-1.951
2.942
-0.185
0.317
-0.157
-0.271
-2.602
0.783
-0.273
-3.220
-4.063
-0.052
-0.376
-2.813
2.336
-0.902
1.688
-1.665
-0.553
-1.105
-0.569
0.886
-0.307
1.850
-2.434
-1.390
1.163
2.508
0.558
2.137
-1.789
-0.817
1.724
-0.521
-0.749
-0.570
-2.552
-2.174
-1.306
3.779
-0.668
-0.498
1.946
0.335
-0.804
0.138
-1.830
-2.526
2.666
1.102
-4.299
2.268
-0.157
-0.278
2.566
-2.010
0.480
3.786
-0.356
-0.662
4.296
-0.955
2.007
-2.726
2.254
-0.978
2.540
-0.969
1.608
-4.271
0.085
0.541
-2.020
0.435
6.763
-2.093
1.437
-1.069
3.243
0.985
-0.850
0.653
4.413
-0.797
2.490
-2.225
1.345
0.124
3.213
0.220
3.405
-1.579
-2.525
-1.968
1.472
-2.243
-4.990
-0.464
0.737
-0.731
-2.364
3.149
2.295
1.165
3.472
-1.813
-0.156
3.159
0.737
4.433
-3.850
-4.013
-0.841
1.750
2.056
-0.223
2.825
1.348
0.508
3.543
0.507
-1.395
-0.173
-2.099
-0.124
-1.614
-2.849
-0.798
-3.261
2.147
1.878
2.790
-0.926
1.438
-2.389
-1.020
2.810
3.169
0.646
1.978
-0.208
2.764
-1.835
0.639
3.192
-0.864
0.317
1.388
2.605
-1.429
1.252
2.700
2.692
0.246
-0.486
0.320
-1.347
1.636
0.673
-5.511
1.223
-0.823
0.744
3.992
-1.835
-0.598
-0.207
-2.776
0.591
1.391
-0.573
1.673
3.923
-1.306
-0.017
-0.355
4.608
1.724
2.920
-0.100
4.666
2.758
-1.798
-2.512
0.487
1.607
-0.528
-1.410
2.674
1.221
0.163
-1.407
0.191
-1.462
2.555
2.139
-1.920
-1.850
3.487
2.279
2.015
3.092
-1.974
-0.166
4.902
3.995
1.757
0.852
1.676
0.174
-1.320
-1.590
5.592
-1.055
2.860
-4.822
-0.901
0.079
-0.965
-1.497
2.604
1.183
-0.960
-1.172
-2.904
-2.310
-2.208
-0.726
7.711
-0.965
-0.725
-0.985
1.437
-2.712
-2.067
2.981
0.986
0.762
2.485
0.445
-2.512
1.537
1.703
-3.296
1.084
1.913
2.020
2.358
1.339
2.742
-2.045
4.064
-4.181
2.411
-1.941
3.341
2.081
-0.972
-0.302
-0.718
2.106
-3.029
-0.213
1.510
-4.218
-2.755
3.246
-4.192
-1.975
4.297
1.238
3.444
-1.543
-3.014
0.585
1.413
-3.613
0.361
-1.652
0.508
2.778
-0.312
3.177
-0.213
2.521
2.425
1.885
0.882
4.567
0.869
2.110
-3.169
2.113
2.790
-0.597
3.370
-2.015
-1.940
1.306
1.171
-0.945
-2.600
3.173
-3.431
1.412
-1.673
0.998
0.047
4.303
3.695
-0.062
3.150
-4.108
0.025
-0.302
-4.560
-0.727
3.137
0.788
1.625
-2.278
-1.809
0.053
1.190
1.810
0.434
-0.997
-0.893
-1.294
-1.419
-1.716
1.643
0.475
1.623
-0.352
0.146
-4.066
2.161
1.280
0.656
2.549
4.434
-1.531
3.748
3.382
-0.643
-2.270
1.025
3.065
-2.672
-2.643
1.755
0.682
2.401
1.050
1.236
0.738
0.446
1.926
-2.895
0.240
-0.707
-0.844
1.854
2.308
2.235
2.299
1.017
-3.078
-0.247
1.410
0.708
2.490
1.085
0.586
-1.559
-0.454
2.806
-0.381
2.274
-3.863
-1.637
-3.522
-5.116
-4.040
-0.045
3.839
-3.497
0.402
-0.192
0.469
-0.186
-1.273
-5.031
1.713
2.807
0.277
0.474
-2.909
-0.853
1.622
-2.082
0.084
5.503
0.864
-2.355
7.038
1.244
-1.622
0.108
-3.732
-1.619
2.445
-2.617
-3.044
2.609
5.621
1.672
4.595
-2.405
1.463
3.061
-0.871
-1.933
0.098
1.195
-0.195
0.850
-2.656
1.067
2.169
1.013
-1.521
-3.521
0.579
-1.022
4.238
3.755
-4.131
-0.285
-1.470
-2.500
-0.056
-1.547
-1.842
-2.092
3.535
-0.126
0.200
3.377
-0.409
1.118
-1.387
-0.842
0.643
0.830
2.139
2.921
0.222
2.943
-1.625
2.045
-1.414
-1.331
2.825
-5.009
1.940
0.826
0.754
4.234
-2.226
-2.475
3.013
-0.156
3.261
1.931
1.143
-0.150
-0.256
5.117
-1.119
2.847
-1.865
-1.791
0.788
-0.016
2.656
-0.316
-0.895
-2.702
5.959
-3.205
7.829
1.959
1.430
-3.267
1.661
-3.375
-0.046
2.987
-3.112
1.920
-0.519
1.704
-2.872
3.533
2.016
-1.669
-1.515
3.398
-0.675
-1.671
1.602
1.895
-0.983
3.787
0.346
2.540
2.532
-2.827
3.129
2.805
1.154
-5.438
0.913
-1.832
-2.926
-0.026
-4.882
0.101
2.972
1.668
3.163
-0.413
1.438
-2.262
-4.320
-2.317
-1.425
-1.522
3.297
-0.013
5.492
4.010
-2.071
2.813
2.862
-0.513
0.398
-1.232
6.071
4.229
-0.348
4.100
-0.718
2.632
0.964
0.138
-2.096
-1.045
1.812
0.517
-0.448
3.842
0.660
0.354
-0.941
1.058
1.773
0.703
1.762
-1.234
-2.250
-0.270
1.372
2.829
5.716
1.898
-4.521
3.163
1.349
-1.312
2.327
1.362
-0.809
0.642
-1.799
-0.128
-2.784
1.372
1.239
3.072
2.758
-1.233
1.278
1.361
-1.569
2.527
-0.409
-1.201
-0.054
-3.696
-3.899
1.749
-1.240
-2.585
-3.553
-2.700
-1.495
-4.433
1.928
1.346
-1.562
3.484
-1.361
0.259
3.545
-0.482
2.270
2.022
-0.819
-0.318
-2.929
-6.363
-1.508
0.920
-2.580
1.823
-0.720
2.731
-2.228
0.211
-2.548
-4.231
-0.280
-2.529
0.208
1.359
-3.142
2.342
-2.540
-1.365
-1.248
0.867
1.711
1.600
-1.320
1.624
2.404
-1.081
-3.398
-0.470
3.091
4.512
-4.773
0.987
1.232
3.859
0.750
0.794
-0.502
-1.940
-1.010
1.291
-2.463
3.248
0.986
-3.388
0.991
-1.005
4.332
-3.441
0.049
-1.668
2.026
2.624
-2.942
0.760
4.467
2.439
4.103
1.223
-2.934
-3.532
-1.002
-1.343
4.461
5.132
1.979
1.854
-1.782
1.575
-3.069
-2.327
3.961
1.079
2.058
-5.558
-0.742
-0.899
2.959
2.625
2.473
0.655
3.736
-1.563
-0.339
4.545
0.591
3.441
-0.735
0.650
2.885
3.543
0.148
-2.958
-1.839
-0.579
1.489
-1.488
1.458
1.053
-0.757
-4.172
1.554
-3.709
2.380
5.533
0.405
-0.881
3.994
-0.305
0.991
1.948
-1.577
3.993
3.077
5.735
1.741
-0.452
-2.577
0.661
0.597
3.380
-0.101
-1.388
-3.951
0.112
-1.357
-0.604
-0.138
0.580
-1.835
-1.297
3.832
-0.276
2.068
-0.576
-0.267
2.805
-0.924
2.442
1.770
-0.578
-2.398
2.219
-1.143
-0.349
-0.949
-3.778
0.396
-4.681
1.842
1.909
0.081
-2.609
1.661
-8.542
0.323
3.450
1.077
-1.176
-2.519
6.286
-0.646
-0.150
-0.902
-1.940
-5.643
-1.085
0.116
-2.147
-5.874
0.947
0.276
3.914
0.024
-4.299
3.411
3.499
-2.968
1.605
3.772
4.294
3.556
1.073
0.214
-1.091
-1.198
-2.725
1.466
-0.089
-0.646
-0.008
3.000
2.027
-4.424
6.210
3.052
-0.840
0.358
0.084
-2.144
-0.560
-2.067
2.558
-3.636
-1.211
-2.025
4.607
2.256
1.555
2.988
0.452
-0.012
0.045
-0.773
2.017
2.654
1.985
-0.718
-1.006
5.719
-0.522
3.722
-0.595
-0.534
1.391
4.021
1.279
-1.080
6.121
0.910
-0.210
1.841
-2.143
2.297
-2.153
1.934
4.175
-1.767
0.642
1.201
2.640
1.590
0.560
3.604
0.893
-1.223
-2.283
3.194
3.857
0.768
-3.186
-0.964
3.581
1.669
-3.248
1.557
0.228
2.476
-0.702
3.540
-0.246
-6.752
-1.141
0.954
0.676
-0.812
-3.387
3.115
4.264
-1.921
2.441
1.843
-2.652
1.245
7.181
-2.828
3.594
0.253
-0.319
3.403
-1.146
0.565
0.037
-1.990
3.327
1.488
5.800
0.716
0.090
-0.445
-0.332
3.998
-1.003
1.446
-0.483
-2.766
1.131
-3.362
0.943
-0.743
-0.589
0.048
0.405
-0.142
1.609
0.367
7.079
-2.293
-2.351
-0.575
-1.725
3.229
4.548
-0.613
1.586
1.333
-0.743
1.832
2.341
-3.654
-2.483
-0.351
-0.420
0.537
-1.855
-2.146
-0.517
-2.452
3.219
2.847
1.815
2.797
-0.679
-0.703
1.314
2.211
1.217
1.053
1.192
2.685
2.968
-0.211
1.854
-4.734
-3.631
-0.492
-1.179
4.557
-0.361
1.242
0.856
-3.023
1.046
0.430
4.106
-0.979
1.844
1.741
-1.679
-5.281
0.437
3.344
1.095
2.544
-1.170
2.199
-3.972
1.738
-3.631
1.784
-0.993
2.383
0.256
2.986
1.394
0.564
3.195
1.424
4.523
0.270
-0.154
-1.806
-0.986
-0.222
-1.308
1.883
-2.664
-1.729
-4.769
-1.307
3.272
-0.886
-1.664
-1.440
1.191
3.416
2.448
-2.826
3.695
2.792
1.482
-2.367
-1.819
-1.491
-0.936
0.812
-6.199
-2.729
-0.202
2.715
-0.385
0.799
2.987
-1.562
-2.071
-2.303
-0.316
-1.214
4.337
0.934
1.968
-1.701
0.232
-0.387
0.809
1.267
-0.499
-0.150
3.059
-1.850
2.079
1.048
2.147
-0.399
2.830
-1.180
1.552
1.544
0.725
2.813
3.002
1.991
4.612
-0.611
-0.292
1.036
-0.071
-0.525
-3.168
2.218
0.090
0.214
-2.093
-0.589
0.918
-2.542
-0.053
-0.693
0.102
-0.082
-2.880
2.387
-5.565
0.864
2.846
0.148
-2.957
2.244
-3.522
-0.458
3.080
0.083
0.400
3.306
-3.296
0.467
0.365
-1.500
-1.144
2.757
-4.110
-0.094
-1.341
0.810
-0.916
0.768
0.211
0.434
0.095
0.579
0.845
0.503
-0.106
2.773
-1.882
5.547
-1.754
-0.809
-4.033
-0.377
2.464
-1.956
3.629
-0.071
-3.040
-1.651
1.477
-0.929
4.212
-1.315
0.081
-1.173
2.553
-3.235
-4.598
-0.942
-0.169
-3.717
1.380
2.048
-0.499
-1.286
3.860
-2.321
1.625
-0.797
0.789
2.243
1.117
-3.997
2.542
-4.253
1.941
1.434
-0.333
1.461
-2.324
-2.851
1.676
-0.451
3.934
-0.520
-2.105
6.690
-3.067
0.710
0.608
2.063
-0.459
-0.307
-0.008
4.672
2.427
-1.698
-0.918
0.035
-1.800
-3.507
-1.284
-1.837
4.133
0.552
-3.248
-0.390
1.403
2.108
0.826
1.616
0.014
0.020
8.254
-1.094
-2.672
-0.701
0.089
-3.409
1.553
-1.113
-5.201
0.300
-1.599
2.784
-2.075
-0.949
1.178
-0.536
-1.917
-1.924
3.230
-0.933
-2.535
-0.255
-0.000
1.729
-2.732
4.429
-0.950
4.495
0.837
1.711
2.333
-0.645
-2.906
2.071
5.557
0.376
0.486
1.150
-3.155
3.174
-2.630
3.940
0.977
3.421
-3.932
2.459
0.803
-0.250
3.102
2.217
0.777
-4.846
-0.419
2.525
-1.153
1.079
1.913
3.369
0.883
-1.862
3.320
-0.227
1.586
-1.185
-2.768
-2.648
3.761
0.255
2.094
5.299
2.597
4.908
-2.175
0.361
-1.783
-2.211
-1.109
-1.442
-1.059
0.560
1.126
2.690
1.706
5.041
5.421
-0.834
0.958
0.399
-2.094
2.550
2.332
2.040
2.601
-1.143
3.498
3.376
-4.809
-0.695
1.549
7.232
0.983
1.165
-0.257
0.166
4.051
0.618
3.939
-0.159
1.350
-3.978
-1.023
-0.377
0.245
0.097
-0.011
3.366
-0.727
1.918
0.459
-0.390
5.495
1.848
0.066
1.855
1.762
0.135
-1.998
-0.561
-7.060
-1.142
1.931
1.064
-0.289
1.501
2.669
0.662
-0.269
-0.209
-1.775
2.296
5.337
-2.677
-0.949
1.095
-0.383
1.859
-1.722
-4.605
2.608
2.197
2.408
5.061
-0.798
4.801
4.001
-0.358
-2.445
-2.000
1.992
-2.175
0.906
-0.171
0.974
2.551
1.325
2.439
4.964
-4.249
1.016
0.246
0.377
-4.571
0.870
-0.863
2.040
6.515
-2.291
1.225
-3.944
0.705
2.629
1.511
3.621
1.957
-3.842
4.861
-3.205
4.786
1.980
1.227
4.487
1.750
2.691
0.816
-1.152
-2.154
5.411
4.010
0.050
-1.137
4.207
2.625
2.948
3.531
3.242
5.061
2.391
-2.815
-0.454
1.562
1.160
2.295
0.454
-3.127
1.066
-3.974
-3.733
1.629
-1.871
-0.667
1.546
-0.968
1.347
3.228
-1.668
-0.987
1.875
-0.695
1.860
1.586
-0.440
3.537
-2.529
1.817
-4.727
0.575
0.495
-2.542
4.032
-2.281
-0.460
3.183
0.892
-0.579
-1.087
0.401
-0.585
0.628
-1.202
2.478
-1.167
-3.228
7.111
2.754
-1.265
-1.772
2.000
-1.200
2.844
1.595
1.047
0.805
3.857
-0.131
0.688
-1.467
1.802
-1.723
3.281
3.514
-3.638
2.813
-2.631
-0.687
0.296
-0.733
-0.505
2.293
2.919
0.076
0.344
1.865
-2.177
0.441
-0.187
1.027
-2.449
1.226
1.031
5.101
-2.754
5.906
4.967
3.430
-0.862
2.712
-3.795
-4.538
-1.033
-1.984
-4.366
4.238
-1.367
1.466
7.103
0.081
-2.734
4.830
-0.002
2.387
-6.179
1.062
0.202
-0.531
2.674
-1.267
-0.318
0.600
2.431
-0.245
-0.028
-0.048
-0.061
-2.813
2.170
2.333
-3.551
-0.735
3.525
0.605
-0.420
-2.325
3.371
-1.333
1.998
4.961
0.646
3.764
1.471
2.775
-0.252
-1.762
-0.759
-0.502
0.996
2.062
-3.370
0.737
1.107
0.476
-2.154
1.340
1.248
2.335
-0.179
1.074
1.700
0.464
-2.858
-5.090
-1.599
-3.743
0.956
-2.100
-1.223
4.601
-0.597
3.199
0.444
-3.100
0.251
-5.214
0.878
-1.894
0.304
-1.224
3.192
0.453
-0.403
-0.834
0.859
-0.554
-5.202
-0.956
0.358
-1.461
0.942
0.608
-4.916
-1.354
3.525
1.634
1.860
2.688
-0.238
-1.000
2.378
3.024
3.313
-1.183
1.927
0.074
2.046
0.130
0.287
2.267
-0.440
-0.545
2.898
1.337
-2.016
3.138
3.849
1.064
-0.418
4.221
4.062
-1.774
-0.284
0.221
4.287
2.490
-0.423
0.339
0.089
-1.480
1.597
1.438
1.771
0.885
-2.256
-1.174
0.502
2.509
1.026
-2.603
-4.504
0.259
1.333
2.251
4.557
3.047
1.830
-0.941
3.814
-2.249
2.978
4.873
3.710
-0.584
-3.597
-1.447
0.460
-0.319
0.928
-4.001
2.255
-1.145
0.348
-0.796
2.148
-1.009
-3.763
1.694
-3.469
-0.069
2.965
1.730
0.418
0.514
-2.170
1.333
1.534
0.858
0.374
0.007
2.248
-1.123
-2.872
2.522
-2.818
-1.430
1.369
1.147
-0.040
3.728
2.691
0.095
-0.998
0.988
0.803
3.200
-0.125
2.812
-2.847
1.194
-1.351
0.365
-0.177
-2.314
-1.414
-0.761
4.538
-0.931
-4.201
-1.427
-3.880
-2.156
-5.500
-1.142
1.246
-0.641
-0.514
6.477
-1.096
0.874
0.604
0.960
-1.110
2.189
3.200
0.509
3.148
1.646
0.752
-2.135
0.054
2.739
-0.579
0.539
-2.232
1.242
1.463
5.975
0.909
1.075
-0.019
0.143
-0.373
3.613
-0.888
3.107
0.141
-1.658
-0.994
-1.308
-0.933
-2.548
-1.442
-5.600
0.604
-0.994
-0.181
-1.627
3.611
-4.169
2.594
-3.421
-1.433
1.227
5.030
2.219
-5.846
1.185
-1.590
6.105
1.095
2.637
-1.743
-1.890
0.231
-1.454
1.139
-0.724
0.285
2.674
0.425
-0.293
-1.352
-0.913
2.047
0.018
-1.950
-0.607
2.342
-0.417
-5.817
2.522
-0.239
2.256
-0.631
1.500
1.723
-1.420
-2.847
-2.398
0.838
-0.015
0.302
1.375
-0.428
-0.738
-1.629
1.248
4.429
-0.856
1.423
3.518
-1.273
4.562
-1.885
1.681
-2.316
1.611
-1.225
-5.183
3.698
0.847
-0.942
-0.211
-0.110
-0.507
-0.585
0.016
5.123
-5.121
-4.482
1.427
-5.851
-0.851
-1.533
0.257
-1.153
-0.006
-1.521
-2.668
-0.289
1.576
1.862
0.783
3.410
0.556
2.324
-0.284
1.447
5.052
0.777
3.223
0.374
-2.660
0.729
1.632
2.388
-1.285
9.389
2.941
3.366
2.461
-1.667
-0.654
1.701
-4.079
-0.789
-0.860
1.805
-2.034
5.175
8.091
1.390
3.336
1.541
-0.947
-1.900
1.173
-1.269
2.782
-1.194
0.879
-1.708
-1.871
3.816
-0.757
-0.624
-1.202
-0.856
0.093
-4.508
2.301
1.297
2.455
3.458
0.700
0.599
1.782
-2.809
-0.510
2.699
2.423
5.628
0.167
3.270
0.208
-2.291
0.774
-0.176
-0.661
-2.228
-0.271
-1.664
5.113
2.527
-2.454
-1.082
-0.598
-0.150
-1.660
0.084
2.786
-0.535
-2.511
-4.491
-4.353
1.033
0.654
-0.135
-1.047
-0.669
0.972
-1.074
0.467
-0.257
0.586
-4.886
2.293
1.017
-0.789
-0.409
1.615
0.040
1.803
0.622
2.583
-1.968
0.654
-3.924
-1.966
-2.900
-0.030
-0.458
-1.116
-2.857
-3.653
-2.380
2.441
0.419
-1.876
0.116
0.970
0.597
-0.952
-0.944
-0.778
3.251
1.772
3.445
0.630
-2.020
3.457
-0.441
-2.324
-1.970
2.005
0.681
-1.394
-1.413
6.833
1.426
-0.088
1.431
-4.219
-1.959
-1.602
3.512
-4.402
-1.921
0.448
-0.756
-2.006
-0.322
4.250
2.423
-3.622
0.536
-3.892
0.996
2.558
-2.937
1.253
3.988
-4.892
0.590
0.696
0.094
-2.185
1.055
-0.618
0.936
-1.380
0.427
6.717
-3.360
-6.607
0.666
-0.427
-0.137
-2.147
1.263
3.770
-1.379
2.676
1.015
1.346
0.760
-0.727
1.950
-0.991
2.700
3.081
-0.133
-2.198
0.300
3.033
-0.848
0.664
-0.215
-0.578
4.312
2.556
-1.547
-4.527
1.467
-1.680
0.946
-0.203
3.411
-0.050
0.865
5.596
3.179
-3.918
-0.331
-0.961
1.737
-1.009
-3.358
0.609
2.645
-0.012
-0.180
0.133
-1.479
-0.204
-0.365
1.795
3.206
2.136
-0.677
-4.130
-0.199
1.886
2.684
-0.215
-1.043
-2.543
2.305
-3.319
2.486
-1.044
-2.453
3.696
-2.633
-3.100
5.092
1.777
1.321
0.888
-1.282
-0.856
4.512
0.132
-1.235
3.560
-1.441
1.476
3.667
-0.090
-4.883
2.469
3.418
0.400
-0.174
0.309
0.571
-0.478
4.572
0.832
0.396
2.221
-0.657
-0.235
1.553
0.257
2.153
-0.395
1.350
2.287
2.796
-4.408
1.071
2.377
-1.961
2.933
0.855
-0.688
1.376
2.326
-4.819
4.236
-4.328
-2.300
3.772
2.568
-0.732
2.820
1.172
0.914
-6.580
-2.120
-0.532
-5.300
2.209
0.208
3.518
-0.885
-3.037
-2.024
1.085
2.999
0.411
2.730
0.331
1.865
4.476
1.663
-1.407
0.988
0.593
-0.514
-1.566
5.708
-0.283
-5.266
-1.175
-1.496
-0.246
-3.246
-0.966
0.954
-2.865
3.165
0.452
0.759
-0.609
0.885
2.191
0.923
3.067
0.687
2.361
1.370
-4.651
-1.768
-1.631
-1.569
-2.236
3.066
3.982
-3.589
2.250
1.782
5.687
0.165
-3.361
-3.371
3.032
-1.688
2.078
0.284
2.481
-3.365
0.514
2.240
2.008
2.661
-3.686
0.072
0.284
3.871
6.938
3.800
2.501
1.425
0.429
3.384
0.831
-0.785
0.202
-1.324
-4.110
-3.757
0.454
-4.567
-2.422
1.473
-1.450
-2.603
-2.330
3.215
2.336
-1.652
1.529
0.604
2.323
3.417
-3.793
1.359
0.441
2.981
-3.776
-2.732
0.580
-0.310
1.195
-3.587
3.216
0.786
0.784
-0.003
-2.407
-1.514
4.287
0.530
0.370
2.400
-1.541
1.382
0.717
-0.327
-0.817
1.941
1.681
-1.470
1.479
-2.349
-1.312
1.260
0.962
-2.244
1.201
-0.094
2.899
1.358
-2.371
0.789
-1.493
0.535
1.283
1.526
-1.952
-1.114
0.460
-0.706
-0.657
-2.215
1.249
-1.212
-0.430
0.449
-5.666
-3.491
4.158
-3.389
2.559
2.480
0.306
3.930
2.323
0.823
1.284
2.639
1.303
2.397
4.211
3.361
-0.396
-1.695
0.463
5.331
-2.476
-0.164
0.025
-1.686
0.636
-1.024
0.225
-0.053
0.430
-1.961
-0.870
-0.030
0.268
0.369
1.769
-2.285
-0.291
-1.880
-2.127
1.188
0.543
-0.951
-1.073
-2.791
2.874
0.020
-3.531
0.518
-1.478
-1.099
2.722
-0.226
4.338
7.556
3.647
-2.189
3.722
-1.026
1.549
3.669
-2.340
0.640
0.632
-1.742
-4.004
2.070
-3.045
1.913
-0.110
3.566
-2.364
0.169
5.379
-1.352
4.284
-1.531
0.735
-1.697
1.598
-2.681
-0.939
-0.865
-1.363
3.876
-1.500
0.643
4.806
0.949
-5.616
5.217
3.028
3.442
3.577
0.123
-3.182
2.717
-3.738
-3.082
0.331
2.840
-1.282
-1.109
6.478
2.579
1.428
3.905
1.802
-2.334
-2.543
-0.012
-0.325
5.406
0.075
4.546
1.259
2.339
-6.722
6.034
-1.463
3.019
-3.440
4.336
-3.403
-2.014
-0.753
-0.583
-0.451
1.254
-2.230
1.135
4.471
-2.213
0.094
2.387
-3.766
-2.760
1.636
-0.470
0.877
1.344
-3.663
4.532
0.096
0.183
-0.108
1.680
2.162
-6.664
2.275
-2.700
-0.925
-2.239
-0.991
-0.516
-0.201
-3.651
0.365
1.451
0.121
-1.045
-1.928
-6.133
1.531
0.971
-0.667
-3.697
-0.147
-1.044
3.551
3.032
-1.576
2.105
-2.330
3.393
0.785
5.334
-1.339
3.338
3.860
-0.773
-2.946
2.150
-2.036
-0.500
-1.616
4.914
0.462
1.174
0.343
-1.498
1.770
2.561
-1.155
0.557
2.862
-2.479
-0.053
2.320
-2.102
0.652
-0.944
-1.356
-1.328
-2.873
-4.993
-1.956
1.331
-2.011
-0.740
-2.962
0.677
4.513
1.699
-0.278
1.331
3.179
2.752
3.050
0.928
4.628
-0.503
3.819
2.052
-1.215
-3.801
0.839
-3.538
0.868
-1.986
2.273
-2.844
4.938
0.998
-3.786
2.201
-3.512
1.756
-1.615
5.786
0.181
-4.833
-0.091
-2.037
3.839
1.109
-0.677
1.354
2.421
2.245
-5.020
3.625
-4.032
2.963
-1.089
-0.470
-0.336
0.591
3.382
3.468
0.805
2.351
-0.197
-0.493
2.425
2.846
-1.069
4.261
3.523
-3.891
-1.676
-1.174
-0.529
-2.260
-0.028
0.852
4.495
2.932
6.046
-2.762
0.663
0.009
0.048
-1.031
-0.717
-0.604
2.109
1.139
-1.274
2.604
-3.379
2.301
1.543
-2.074
0.875
-2.186
1.444
-3.477
1.475
-4.695
1.478
-2.550
0.832
2.692
-2.511
-5.921
-3.075
-0.887
-2.582
-4.143
-2.325
3.132
3.831
-3.140
1.564
1.378
-1.994
5.836
-0.055
0.489
-4.012
1.730
-4.093
0.752
-0.995
-1.317
-1.352
3.669
2.594
2.356
0.190
-1.900
-1.075
-1.300
1.133
1.108
0.379
2.609
-0.306
1.493
-2.675
5.001
2.690
-1.541
2.493
2.377
-3.688
2.789
-2.187
1.809
4.605
1.217
7.688
2.304
0.084
-0.022
1.308
0.248
-3.751
-0.554
-1.577
2.306
-1.423
1.371
0.644
-0.386
-1.198
0.563
0.518
-1.491
-0.270
-0.346
1.513
0.410
0.883
0.580
-0.532
-0.909
3.382
-1.556
4.363
4.427
-1.241
1.730
1.687
2.160
1.379
-1.969
3.862
4.386
-0.926
-1.427
-4.513
1.512
-0.230
-2.469
0.740
-1.642
1.413
-1.302
-1.588
0.567
-0.537
-3.125
3.161
-0.561
2.414
1.032
-4.172
1.602
-0.576
-0.199
5.625
1.500
-0.000
-0.668
5.045
0.329
2.806
1.175
0.736
2.804
0.936
0.305
1.596
-2.393
1.456
0.641
-0.846
1.202
-1.152
-1.689
3.097
2.307
2.316
3.406
2.022
-3.352
2.675
-0.626
-0.905
1.778
2.759
1.510
-0.040
2.498
0.924
1.321
-2.051
-2.730
-0.445
-2.026
3.588
-3.189
-1.350
-3.802
1.302
-1.166
4.358
1.267
-0.339
0.947
1.409
2.244
2.746
-0.577
-1.698
1.260
4.477
3.402
4.925
4.244
-2.401
0.255
0.072
0.626
0.786
2.978
-3.755
2.262
1.776
1.790
-1.083
1.807
-0.881
0.986
-0.033
-1.429
-3.608
2.410
-0.779
-0.167
1.429
-2.630
1.833
1.009
-2.832
-1.162
2.621
3.221
2.546
-1.486
-1.024
-2.352
2.112
-2.654
4.529
0.202
-0.364
-0.801
-1.311
0.294
-1.866
2.702
2.362
0.870
2.385
-1.685
-2.328
1.466
0.023
0.524
-2.142
0.473
-2.375
2.945
0.235
3.711
0.772
-1.454
2.227
-2.371
-0.360
-0.060
-5.106
3.850
1.646
-3.074
1.119
-2.344
1.100
-1.854
0.517
1.315
0.962
-0.415
-1.245
-0.309
2.782
1.496
2.184
0.277
2.803
3.924
-2.911
-2.189
2.941
4.491
-2.308
-2.915
-1.467
-0.819
0.714
2.208
-0.092
4.503
0.238
-1.300
-1.939
-0.690
0.804
0.048
-0.592
-0.401
-1.543
0.897
5.135
-0.400
1.251
-0.811
4.434
-1.025
-0.629
-3.471
-4.145
-0.169
-0.986
1.557
1.610
0.825
1.510
1.833
1.347
-1.025
-1.613
-0.271
-0.599
0.782
2.751
-0.442
0.788
5.085
1.140
1.561
4.329
-0.137
1.897
-1.702
-0.514
-0.504
1.484
5.343
-1.535
3.023
2.397
0.910
1.004
2.072
0.411
-0.678
3.037
0.024
0.677
-2.052
0.187
-3.069
0.698
-3.072
-3.833
-3.135
1.444
-1.976
0.043
-1.181
1.377
-3.884
0.223
-0.636
2.114
1.807
-4.791
3.168
2.831
1.452
-2.990
1.576
2.029
-0.414
2.616
4.397
-0.592
-1.793
-0.148
1.620
0.315
-1.951
3.143
-0.059
1.802
1.896
-0.084
1.844
4.506
2.544
-3.536
-0.072
-1.311
3.239
0.344
-0.008
-3.249
7.697
0.610
-0.014
-3.280
0.769
0.216
0.658
-2.990
-3.650
4.414
-2.457
1.609
-0.324
2.738
0.808
0.571
0.693
-1.500
-2.436
-0.235
-3.324
-4.737
0.697
-0.307
2.692
2.376
1.590
1.554
-1.550
1.487
-1.116
1.746
6.963
-5.419
2.116
0.524
-1.141
2.148
-2.679
5.280
2.896
-0.981
-4.277
-1.151
3.784
4.959
-0.219
2.058
-0.637
-0.342
-1.749
3.707
-1.349
1.300
0.767
6.635
0.428
-0.861
-1.403
2.544
5.205
4.692
-0.827
2.299
-2.145
0.294
-2.944
0.458
-2.078
0.188
3.533
-1.688
-0.619
2.646
-0.558
-2.538
-0.648
0.411
1.834
-3.958
1.714
0.822
-4.698
-0.293
0.613
-1.738
-2.176
0.223
0.287
-4.764
-1.320
-1.602
-2.867
2.407
2.611
-3.144
-0.080
1.387
2.728
2.444
-0.503
0.559
2.975
-0.642
-1.858
3.055
-2.160
-3.790
1.045
2.070
3.273
1.944
2.242
-2.334
1.263
1.730
-1.117
0.367
3.146
2.462
3.233
-0.902
4.019
-0.953
-3.152
0.058
0.116
-1.691
1.282
6.200
1.554
2.419
2.120
-1.082
-2.158
-0.003
0.381
3.471
-1.464
0.423
0.346
-0.345
1.657
0.920
3.652
0.715
-4.293
-2.088
-0.922
-5.581
-2.207
2.699
-3.309
1.563
-2.749
0.298
0.340
0.967
-3.116
2.768
-0.735
-1.847
1.457
0.295
-1.373
-0.635
-6.493
-0.130
-0.661
-0.745
-1.471
1.825
1.368
1.026
-2.166
-1.221
-6.388
1.365
3.540
-4.640
2.729
3.156
-1.816
6.665
-1.902
-0.791
-0.249
1.611
-1.669
-0.826
-2.879
0.620
3.574
-0.151
1.992
-0.510
3.971
0.521
-2.196
0.579
-0.166
-0.219
1.297
-3.385
-0.101
2.935
3.483
-1.401
-3.595
3.959
-1.835
-0.667
-1.624
0.159
-1.075
2.367
2.034
-2.786
-3.322
-2.405
-1.226
1.743
1.109
4.143
-1.257
-2.260
0.273
-3.837
0.562
-1.058
5.039
-0.163
5.199
1.379
2.139
1.363
-3.350
3.637
2.237
0.535
-2.999
-3.709
-0.292
2.467
0.552
1.130
3.976
2.420
1.996
2.008
1.375
1.783
1.561
1.706
8.898
0.094
-5.030
-2.233
3.045
1.300
-0.340
1.363
2.588
1.668
3.781
4.879
2.570
0.210
3.592
-1.413
-2.450
-2.468
-0.252
-2.227
1.150
1.886
4.759
-0.479
3.083
0.988
2.044
4.822
2.325
-1.462
-2.320
-3.144
-3.876
-0.691
0.858
0.417
-1.128
-4.126
3.473
-1.329
1.600
-2.113
-3.539
-0.769
1.697
-3.714
-0.409
0.056
-0.662
-2.648
-0.008
-1.336
-3.145
3.170
2.705
-1.181
-1.076
0.113
2.394
3.505
-3.177
2.632
0.633
-0.061
-2.545
-0.031
0.059
-0.489
-0.061
2.921
1.100
2.654
-3.080
-0.504
-0.843
1.712
0.921
2.187
4.205
0.898
0.269
-0.269
-3.838
-2.650
-3.542
-0.943
-0.593
4.497
0.590
0.717
-1.453
0.010
-4.946
1.887
-0.639
-2.570
-0.060
1.950
2.204
4.663
0.056
-2.388
1.184
2.697
1.530
0.670
2.111
-0.483
0.505
1.000
-5.995
-1.250
-2.677
-2.987
-3.026
0.597
1.636
-2.380
-2.251
1.325
2.736
1.306
2.685
-0.090
2.218
-0.449
1.194
-2.395
3.764
4.464
0.784
4.323
1.463
0.116
-0.731
4.815
-0.012
0.330
2.578
1.268
-0.361
2.605
-3.443
0.135
0.423
-0.003
2.344
-1.653
0.066
6.371
2.076
2.728
0.087
3.670
-3.445
3.050
-0.235
-1.275
-1.445
0.159
2.698
-2.586
3.943
-2.063
-0.497
-0.986
0.454
-1.213
-1.043
-2.566
0.664
-2.862
-0.358
-2.048
-2.231
-1.446
-1.716
1.407
-0.988
3.501
-1.291
-0.085
-0.948
0.055
0.288
0.229
1.878
0.489
0.939
3.209
-0.370
3.426
0.743
-6.095
0.808
3.736
1.779
0.072
-0.948
4.269
0.549
-2.469
0.637
-1.694
-5.287
0.378
0.484
-0.477
-0.463
0.678
-1.274
-2.340
-2.753
-0.597
0.977
-5.045
1.525
-0.373
-1.074
3.878
3.137
1.631
-2.135
3.227
-2.127
-0.384
0.925
-4.696
0.940
-1.658
-0.764
-2.501
2.902
-0.491
0.360
4.250
2.644
0.478
-1.379
-1.399
1.395
-1.889
-4.173
-1.522
1.318
-1.148
2.825
-1.217
-0.108
-1.495
0.013
-2.356
3.465
2.689
-2.862
2.835
3.718
1.735
3.241
0.579
1.891
1.520
-1.876
2.425
1.227
-2.194
-3.560
0.993
-0.000
-2.649
3.271
1.456
1.459
0.714
-2.597
-2.218
3.288
0.884
-2.179
0.127
1.531
-0.915
0.846
2.829
4.539
-3.972
2.527
1.545
1.132
-1.759
1.397
-0.898
1.384
1.440
3.382
2.289
-4.231
0.464
3.515
-3.196
0.061
1.151
-5.075
1.175
-1.148
0.751
0.895
-0.262
0.333
-2.162
0.057
-1.029
1.245
0.438
-2.199
-1.545
-1.548
0.161
0.646
0.115
0.665
-0.972
-1.584
-2.945
-0.536
-1.159
5.872
5.213
1.498
-1.813
0.147
0.990
-4.913
0.278
-2.843
-0.456
-1.706
0.116
-0.726
0.846
2.146
1.696
4.802
-0.777
3.706
-2.080
-3.866
1.624
3.959
-1.594
1.614
-1.547
2.972
2.867
1.218
-2.373
1.306
-3.682
0.351
-1.580
0.592
0.437
0.698
-3.352
-2.475
4.620
2.358
1.059
-3.346
1.094
1.205
-0.699
-2.484
-1.237
2.767
2.177
2.696
1.718
-1.854
-3.658
0.193
2.667
2.765
-2.123
1.145
-1.400
-0.306
-2.711
2.043
1.563
-2.491
-0.406
-3.376
-3.719
-2.805
0.387
-0.886
0.452
-0.947
2.224
-0.511
2.977
-0.809
1.754
0.172
-2.616
4.060
4.570
0.165
-0.199
2.597
0.269
2.011
0.943
0.743
-1.213
-1.114
2.872
3.822
0.736
3.408
-1.516
1.632
-0.262
0.407
-0.226
-0.165
-5.925
-2.744
-3.878
-0.804
-2.202
-3.815
-2.106
-0.169
7.492
-0.002
-0.550
-2.999
-2.273
2.432
3.763
-1.871
0.742
6.485
4.888
0.942
-1.945
-2.069
-4.786
0.304
4.553
-1.325
-0.331
0.167
0.381
-1.829
-0.018
1.097
1.468
1.169
-1.570
0.197
1.100
2.854
1.611
-2.168
0.513
1.321
1.502
1.814
1.659
-3.402
-2.079
3.184
-1.980
1.046
-1.144
2.725
2.951
-1.863
2.037
2.436
1.758
-0.210
-3.782
3.147
-1.142
-0.193
1.471
-2.079
-2.330
-1.703
-1.873
-2.281
0.328
0.858
-1.320
0.490
-6.233
1.053
0.512
2.969
1.248
1.651
-1.332
-3.866
0.313
-3.342
0.488
1.511
0.094
-2.000
4.505
-0.347
2.754
4.059
3.447
1.973
4.538
1.213
2.768
0.858
-1.693
0.791
-3.083
0.599
-0.545
2.474
3.603
-2.232
1.305
1.341
3.533
2.509
3.040
1.289
-2.557
-1.374
1.384
-2.679
-0.867
-0.514
0.105
1.282
1.112
1.819
-1.868
-0.589
1.459
-2.389
2.152
0.615
-2.792
2.373
0.914
4.693
3.094
-3.542
-0.296
0.720
1.010
-1.879
0.554
-0.319
-1.687
-0.840
-0.790
4.771
3.161
1.047
-3.693
3.731
-4.511
-2.738
-3.296
-1.901
4.385
2.224
0.968
0.372
-1.899
2.320
3.848
2.509
1.841
2.773
0.513
-4.420
3.086
-2.158
0.418
4.707
0.293
4.280
0.717
-1.658
0.164
-0.933
2.965
-0.083
2.074
1.287
-4.065
-1.430
0.463
-0.504
0.732
1.698
2.948
1.144
0.638
1.788
-1.126
0.913
1.359
0.593
0.309
1.993
-2.014
-1.656
-0.149
2.928
-3.059
2.783
3.748
0.867
-2.168
-3.628
5.413
-2.552
-0.867
-4.040
-4.610
1.983
-1.051
2.394
-0.475
3.274
-0.433
2.651
-2.036
-1.538
-1.948
-1.153
-3.606
-2.088
-1.999
4.997
0.018
-0.613
2.135
-0.752
1.070
1.931
1.800
0.268
0.601
1.204
1.618
1.168
0.725
-1.909
1.693
-2.558
0.412
0.698
-3.166
-1.408
3.428
-1.618
1.743
-2.513
-2.989
2.146
3.025
0.381
1.287
3.562
-0.141
0.527
-0.196
-1.441
-3.283
-1.741
3.124
4.255
-2.237
2.125
-0.227
4.005
0.269
-1.245
0.835
-3.211
0.700
-0.377
-0.373
-1.165
-1.550
1.053
0.537
-0.164
1.238
0.125
-0.232
-1.306
2.934
5.795
-5.409
-0.241
-0.069
0.738
7.020
0.482
-0.480
1.817
2.345
-1.106
0.141
0.245
4.217
0.683
1.435
-1.085
1.456
-0.009
-0.270
-1.036
0.859
-0.021
-1.968
-1.834
0.848
0.577
1.860
0.658
-2.276
1.720
-1.714
2.830
2.657
-1.079
-1.644
-2.534
-2.767
4.258
-1.583
-0.599
6.300
3.119
2.809
1.955
2.849
-5.299
0.037
-1.296
-3.420
-3.161
-0.040
-3.024
-0.187
-0.735
4.232
1.905
2.428
-2.253
3.424
1.777
0.124
-3.127
1.290
-0.383
-1.277
0.920
-0.563
0.085
-2.592
-3.390
3.844
-2.545
-2.434
-1.120
2.368
-1.234
-0.036
-1.843
3.110
-4.700
0.898
4.963
-0.324
-1.871
-4.867
1.202
2.553
3.050
3.891
2.195
-3.548
3.246
-1.679
-0.626
2.081
1.169
-1.701
1.237
-6.177
2.465
-0.799
5.109
-0.453
3.292
2.544
2.244
2.272
1.540
1.902
2.130
-0.278
-1.195
-0.823
-0.395
0.835
2.174
0.536
2.632
0.384
5.581
0.532
0.228
-1.250
3.071
2.885
4.169
3.488
0.460
-2.467
0.802
2.862
0.176
-0.679
-0.381
3.414
-0.493
2.003
2.532
1.763
-1.185
-0.309
-3.461
-0.560
-3.806
2.824
-2.729
-2.216
-0.355
-0.934
5.026
3.185
-0.224
4.096
1.414
0.274
-1.849
-1.094
5.594
1.482
-0.220
0.536
0.681
0.226
-5.551
2.386
4.627
1.038
1.431
-1.627
-0.567
1.261
0.774
-0.070
2.876
0.778
1.713
-0.915
2.430
-2.134
0.350
1.239
-0.651
0.452
1.989
2.028
0.296
-0.625
1.368
5.402
1.743
4.421
0.877
1.121
-5.045
-0.048
2.723
1.014
0.150
0.477
4.554
-1.164
2.826
4.258
2.004
-1.768
1.854
1.652
4.034
-0.022
-4.794
-1.969
-0.096
0.385
2.287
0.122
-0.944
-1.606
-0.026
0.775
0.969
1.988
1.040
-3.259
-2.845
-0.591
-0.502
3.783
-1.741
1.644
4.214
2.007
2.674
3.873
1.401
2.324
0.563
4.891
1.267
-1.347
-1.632
-0.825
-3.343
3.910
3.912
2.574
0.503
-2.141
-1.002
1.585
-0.580
0.346
-2.740
-2.013
-0.980
3.018
0.892
-1.450
-0.504
3.708
2.072
-2.050
0.721
0.687
2.187
-2.401
-0.754
2.815
2.205
-1.062
1.470
-0.733
1.271
2.227
-1.373
-0.516
0.590
-0.827
-1.113
1.211
2.942
-1.044
-1.448
-1.660
0.132
3.576
-0.607
3.527
-0.812
-2.795
4.447
0.012
2.622
2.323
1.897
-0.197
1.372
-0.230
-2.993
-0.523
2.271
2.906
2.915
0.312
3.394
-1.995
6.733
0.280
0.575
-2.531
-0.778
2.054
1.592
-3.087
1.097
-3.657
3.301
3.335
-2.125
0.863
-3.038
-0.720
0.954
0.601
1.096
0.784
1.224
-1.145
-0.080
0.446
-0.074
6.845
0.573
-2.961
-2.260
0.941
0.060
-0.071
-3.395
-2.934
-2.337
-2.002
-2.858
2.028
0.767
2.401
3.567
0.925
-1.530
2.268
-2.865
-0.980
-0.192
0.802
3.193
-1.762
-2.889
4.038
2.773
7.563
-3.337
0.717
-3.157
4.299
-4.113
-1.943
1.060
0.683
0.260
1.434
2.878
1.377
-0.620
-1.646
1.071
1.430
1.800
-0.375
-3.768
1.851
-0.885
0.716
0.518
-2.879
0.288
1.164
2.292
-4.170
-3.354
-1.013
-0.404
-3.666
-1.213
-2.756
-2.407
0.457
-1.015
-2.531
2.185
-1.490
3.594
-4.055
1.892
0.261
-0.386
-0.216
0.237
0.705
3.409
-0.013
3.272
-0.404
0.541
-0.214
-3.850
-1.580
4.112
-1.723
2.256
-4.858
-0.622
1.375
0.209
1.238
-5.639
-2.122
-1.165
-2.095
0.042
-4.012
-0.476
4.999
-0.538
-3.596
2.759
-1.085
-3.380
-0.140
-0.979
0.625
0.405
1.575
0.712
5.778
-1.304
-2.943
-1.915
3.044
-3.713
2.615
5.464
3.631
-0.728
1.923
2.456
-0.705
-2.281
0.179
2.460
3.532
0.570
-0.166
0.054
4.946
0.798
2.064
3.122
-0.272
-1.194
0.803
-1.507
-0.871
-4.611
2.800
-1.778
3.283
-1.946
-2.922
-3.811
-4.992
4.082
2.204
0.754
3.675
-1.837
-2.067
0.718
-0.984
3.324
7.742
2.990
1.124
0.485
4.338
0.537
1.726
-2.045
-0.865
1.549
3.201
-0.102
1.509
-2.102
1.367
2.993
0.468
-0.010
-0.749
-0.739
3.605
-0.946
0.276
-1.881
0.242
2.745
-2.341
-1.939
3.959
-0.926
2.387
-0.791
-1.474
5.748
-0.122
1.950
0.063
-0.095
3.371
-0.549
-1.957
-0.326
0.489
-0.782
-1.213
-2.672
-0.927
-3.137
-1.978
2.232
2.896
0.449
-3.266
-0.804
3.096
1.438
-2.484
2.290
-0.556
-1.151
1.134
0.129
4.554
2.036
0.173
1.863
-1.813
4.086
1.281
5.808
-1.399
-4.584
-0.206
-4.799
5.880
0.199
-2.781
-1.081
-3.562
-1.911
4.327
1.548
1.746
1.123
0.389
-3.141
1.048
5.954
2.645
1.254
-0.216
-1.465
8.509
2.234
0.434
-0.180
-1.757
4.089
0.967
1.763
-2.560
1.636
0.284
1.257
-0.379
0.089
1.561
-1.906
-2.018
-3.879
0.679
1.373
-1.994
-2.714
0.160
1.916
-3.683
-0.772
3.036
-1.514
-1.051
2.059
-0.066
1.353
2.366
3.917
3.050
4.815
5.063
1.839
0.698
-0.214
-1.321
-3.799
-0.862
3.139
-1.539
3.736
0.280
3.002
2.893
-1.215
4.572
4.901
1.737
-4.999
-1.673
-3.329
-0.004
-1.180
1.413
-2.631
-5.317
2.686
2.867
-5.191
-0.946
-0.629
-1.090
3.425
0.713
-3.919
2.072
0.655
0.511
1.934
-4.280
0.295
1.576
-1.048
-0.742
-0.728
2.470
-2.273
-0.142
-0.823
3.794
0.639
0.292
-4.684
-2.921
2.085
-0.119
1.808
2.279
3.206
-2.365
4.551
1.168
1.404
-4.027
1.846
-1.669
0.639
4.802
1.282
0.857
1.329
-1.441
-3.378
1.828
0.633
3.475
-1.840
-2.726
2.057
-1.229
-3.372
-1.047
-2.155
-3.325
1.370
1.727
-0.390
4.777
-0.250
1.886
-3.343
-2.414
2.928
3.188
-0.167
1.825
1.113
1.679
-2.067
6.527
8.173
-1.133
0.036
2.249
2.644
-0.857
2.101
-0.040
-2.398
-0.396
1.076
1.345
-1.614
-0.310
2.357
1.778
0.326
0.173
3.247
3.187
-0.682
-6.637
-3.656
-3.184
0.056
1.769
2.095
-1.826
-1.033
0.074
0.057
-0.826
6.485
1.103
-2.271
0.335
-0.688
-0.317
-1.786
-1.674
-4.288
-0.227
0.411
-1.035
2.510
0.246
0.451
0.922
0.269
0.480
-2.995
3.034
-2.897
2.553
1.173
-0.956
1.286
-0.346
2.712
-1.371
0.313
-1.434
-1.980
0.076
3.700
1.516
-0.004
0.084
-3.483
-1.696
-1.507
0.732
2.696
-0.028
0.855
0.440
0.700
0.382
1.289
-1.349
2.479
-2.210
-3.419
0.806
0.172
-0.434
-0.597
1.930
-1.665
-2.056
1.596
2.272
-1.579
3.392
-0.290
-0.504
0.786
0.547
2.296
6.046
-2.102
-0.531
-0.486
4.979
-3.664
-0.062
1.618
2.954
-0.431
3.396
-1.651
-0.758
-3.910
2.330
-1.805
-0.141
3.863
-1.976
3.154
2.874
0.078
0.211
-1.110
0.115
-1.193
4.258
0.673
2.783
-1.324
3.610
2.449
1.472
1.809
0.475
2.133
2.188
1.782
1.823
0.810
-3.331
-0.009
-1.565
-2.839
1.298
4.313
-5.078
-1.868
0.303
1.526
-0.412
1.641
3.301
1.010
1.316
-3.417
-5.032
-1.075
0.499
0.928
0.890
-1.029
1.185
0.216
0.605
0.728
-1.024
-0.612
4.936
2.191
-0.237
0.607
-0.440
0.757
0.776
-1.159
1.230
0.812
-0.967
2.315
-1.163
-1.983
2.286
-1.925
1.650
4.659
2.952
-0.893
-1.202
2.621
0.897
-3.560
1.927
-0.184
0.639
0.789
1.138
5.445
4.081
-3.162
1.519
-3.406
3.544
3.082
-1.378
0.032
2.449
-0.078
-0.988
0.458
3.712
-3.310
-1.688
-1.084
4.824
3.594
-1.783
0.136
2.447
2.307
0.684
0.446
5.084
0.019
-3.467
0.748
1.073
0.099
-2.649
1.265
-1.981
0.354
-0.787
2.750
-3.394
-2.438
0.513
0.361
-0.209
1.177
0.794
2.496
0.723
4.538
-2.257
4.226
0.417
-4.023
-5.444
-1.012
1.993
2.534
-1.804
-1.165
3.233
-3.455
-1.532
1.935
-1.482
1.145
-0.343
-1.068
-1.976
-0.956
5.844
-1.173
0.843
1.392
6.786
4.067
-3.699
1.771
2.236
3.360
-3.230
0.207
-0.526
1.366
-0.628
-0.487
-3.030
2.146
-0.015
-0.348
-0.383
-0.634
2.520
1.570
-4.484
-3.250
-4.104
-5.501
3.069
2.022
4.061
-0.471
2.596
1.609
-4.359
3.040
-0.794
1.386
-0.822
-3.329
1.126
4.210
-2.578
0.859
3.365
-5.722
-2.062
0.340
-0.751
-1.196
-2.624
0.539
-1.828
-2.700
-2.554
3.301
-1.611
1.461
-1.068
-3.640
-1.537
-1.050
0.456
0.671
-2.605
3.599
3.781
0.457
1.090
-1.665
-3.365
0.212
-0.610
4.182
6.150
-1.661
0.649
2.384
1.431
1.307
3.443
3.684
1.184
5.723
2.409
-1.362
2.713
-1.368
0.699
2.341
-1.156
2.261
0.901
-2.462
-3.932
-3.824
-0.428
-1.111
4.382
-0.109
-1.193
0.811
0.564
-1.017
0.429
-0.256
-0.805
-0.835
1.633
-1.148
-3.204
0.027
0.133
-1.344
6.210
2.162
-0.186
-1.411
-2.772
-2.494
-0.353
2.339
2.409
1.090
2.004
0.958
1.742
0.212
-1.422
0.208
-1.096
1.098
-2.181
0.373
4.203
5.210
2.654
3.321
-1.740
-1.032
1.347
5.100
3.964
-2.009
0.844
2.475
3.751
-0.217
0.066
1.019
-2.375
0.126
1.904
-0.490
4.622
1.581
-2.972
-0.988
-4.281
-0.070
-1.914
0.464
-0.170
1.312
3.753
3.442
4.277
0.098
-0.358
-1.484
-1.143
1.365
-2.776
-0.541
-2.698
0.423
-2.108
-2.965
0.051
-3.369
0.967
-0.876
0.594
-4.131
3.548
-2.436
4.644
-0.690
3.474
2.639
-0.732
2.008
-0.418
-0.205
2.132
-3.382
-1.068
1.449
2.530
0.763
-1.268
1.490
-0.445
5.637
0.789
-3.612
-0.819
-1.805
-2.981
-2.509
-0.065
-1.650
1.002
1.009
-0.180
0.264
4.698
3.969
0.787
0.811
1.579
1.297
1.353
-3.399
0.476
2.137
-0.158
-1.718
0.074
0.512
-2.995
-0.969
2.071
1.309
1.032
4.032
0.712
0.699
3.160
0.316
1.525
-3.990
1.576
-0.484
0.156
3.902
1.259
1.316
-0.806
-0.103
3.615
1.405
4.345
-1.736
-3.274
-0.203
2.678
0.933
-2.652
-0.816
1.792
2.699
-1.338
3.494
2.024
-1.313
4.806
-0.945
-0.507
2.401
-0.298
4.040
3.060
1.325
2.365
-0.849
-0.509
-2.919
1.249
5.565
-1.044
-4.163
2.087
1.134
1.665
-0.483
-3.827
-1.909
-4.282
2.557
1.711
-0.362
-2.291
-0.369
-3.775
-0.974
5.697
0.816
6.064
-4.025
-0.104
-2.269
-1.053
0.326
-0.739
-2.305
-0.951
-1.973
1.065
2.522
3.208
0.761
0.251
-3.296
0.153
0.899
-0.433
-2.460
2.186
-1.624
2.472
2.286
-4.745
2.360
-0.121
-3.623
-1.107
2.701
0.360
-1.202
0.591
0.010
-2.547
-2.603
0.851
1.863
-0.626
0.931
-1.524
4.841
0.306
-4.054
-2.118
-0.391
2.833
1.915
-1.235
-3.435
-0.203
-1.289
-0.143
0.190
0.993
-0.005
-4.841
0.964
1.384
-1.054
-3.005
1.628
-0.324
-1.623
0.610
2.867
-0.874
-0.270
-0.430
-2.649
0.124
4.250
-3.919
-0.208
2.273
-2.447
0.802
2.458
-3.276
4.063
0.059
-0.692
-3.312
-1.219
-3.846
-4.698
0.749
0.619
-3.684
0.811
-2.792
0.700
1.548
-4.735
0.246
1.858
-2.434
-0.501
2.268
-0.563
2.808
3.758
3.630
-0.941
-2.227
1.801
-0.012
0.080
4.963
-0.053
-1.386
-7.449
-2.290
-0.399
2.499
3.675
0.568
-0.640
-0.922
1.209
-1.538
2.416
3.142
3.283
-3.153
1.180
-0.158
-3.879
0.185
-0.586
-0.763
4.204
-3.320
0.177
0.788
-6.000
0.483
0.884
2.349
-6.335
0.218
-0.836
1.186
1.160
0.965
0.651
0.178
0.643
-4.093
7.680
1.916
4.349
0.363
1.662
-3.515
4.353
3.580
-1.925
-1.101
-0.076
1.312
-0.170
2.013
0.936
1.010
0.428
3.664
2.383
-0.534
2.557
-1.730
-0.946
2.465
1.720
0.970
1.483
4.288
0.219
0.354
3.649
-2.179
-0.762
1.976
-1.161
0.473
-2.470
0.982
-3.465
-2.816
1.079
2.459
0.448
3.670
1.328
-0.983
3.546
1.676
1.512
3.707
-0.539
1.945
-0.834
0.353
-2.164
1.027
2.170
0.159
1.191
-4.982
1.436
-2.800
2.825
2.578
-1.780
-0.947
3.653
3.568
1.417
-0.887
-4.039
2.126
-1.068
1.895
2.332
-0.162
0.864
3.507
-0.191
-1.017
1.332
-0.157
0.638
